product_id,product_name,category,brand,model_number,description,price_usd,stock_quantity,rating,voltage_v,power_kw,weight_kg,material,country_of_origin,warranty_months,source_document,ai_confidence_score,validation_status
PROD-00001,Control Panel Model 1000,Control Panel,Kirloskar,KIR-507-0000,Industrial control panel designed for manufacturing applications.,21608.57,477,4.1,415,145.17,229.41,Stainless Steel,China,18,catalog_01.pdf,0.81,Verified
PROD-00002,Generator Model 1001,Generator,Schneider Electric,SCH-604-0001,Industrial generator designed for manufacturing applications.,13414.25,329,3.9,480,41.05,747.24,Alloy Steel,USA,6,catalog_02.pdf,0.97,Needs Review
PROD-00003,Conveyor System Model 1002,Conveyor System,Schneider Electric,SCH-393-0002,Industrial conveyor system designed for manufacturing applications.,19788.45,73,3.8,400,168.71,28.63,Alloy Steel,Switzerland,18,catalog_03.pdf,0.71,Verified
PROD-00004,Hydraulic Valve Model 1003,Hydraulic Valve,Schneider Electric,SCH-895-0003,Industrial hydraulic valve designed for manufacturing applications.,7595.47,152,3.9,380,33.8,1514.2,Aluminum,Italy,12,catalog_04.pdf,0.95,Verified
PROD-00005,Control Panel Model 1004,Control Panel,ABB,ABB-376-0004,Industrial control panel designed for manufacturing applications.,13648.9,452,4.1,400,201.56,925.27,Carbon Steel,India,6,catalog_05.pdf,0.77,Verified
PROD-00006,Welding Machine Model 1005,Welding Machine,Schneider Electric,SCH-537-0005,Industrial welding machine designed for manufacturing applications.,8794.44,20,3.0,440,247.44,252.21,Stainless Steel,Switzerland,12,catalog_06.pdf,0.95,Needs Review
PROD-00007,Air Compressor Model 1006,Air Compressor,Siemens,SIE-206-0006,Industrial air compressor designed for manufacturing applications.,10501.47,311,3.5,110,94.66,428.09,Cast Iron,China,12,catalog_07.pdf,0.74,Verified
PROD-00008,Control Panel Model 1007,Control Panel,Kirloskar,KIR-757-0007,Industrial control panel designed for manufacturing applications.,18377.24,109,4.0,415,111.47,807.46,Alloy Steel,India,18,catalog_08.pdf,0.87,Needs Review
PROD-00009,Conveyor System Model 1008,Conveyor System,Siemens,SIE-519-0008,Industrial conveyor system designed for manufacturing applications.,22071.15,169,4.4,230,12.09,341.59,Aluminum,Italy,18,catalog_09.pdf,0.96,Verified
PROD-00010,Hydraulic Valve Model 1009,Hydraulic Valve,Atlas Copco,ATL-710-0009,Industrial hydraulic valve designed for manufacturing applications.,3257.01,492,3.3,415,3.93,484.94,Carbon Steel,USA,12,catalog_10.pdf,0.84,Needs Review
PROD-00011,Generator Model 1010,Generator,Kirloskar,KIR-528-0010,Industrial generator designed for manufacturing applications.,15957.32,205,4.1,415,230.39,962.83,Carbon Steel,India,18,catalog_11.pdf,0.92,Needs Review
PROD-00012,Conveyor System Model 1011,Conveyor System,Siemens,SIE-474-0011,Industrial conveyor system designed for manufacturing applications.,14658.06,201,4.4,415,32.59,1499.03,Stainless Steel,Japan,18,catalog_12.pdf,0.93,Verified
PROD-00013,Conveyor System Model 1012,Conveyor System,Kirloskar,KIR-172-0012,Industrial conveyor system designed for manufacturing applications.,3180.77,430,3.9,380,111.72,724.51,Alloy Steel,China,18,catalog_13.pdf,0.91,Verified
PROD-00014,Air Compressor Model 1013,Air Compressor,Atlas Copco,ATL-733-0013,Industrial air compressor designed for manufacturing applications.,5494.38,189,3.1,220,203.93,1291.12,Stainless Steel,Italy,24,catalog_14.pdf,0.97,Verified
PROD-00015,Gearbox Model 1014,Gearbox,Honeywell,HON-129-0014,Industrial gearbox designed for manufacturing applications.,7947.31,326,3.9,440,222.39,1578.28,Cast Iron,USA,12,catalog_15.pdf,0.83,Verified
PROD-00016,Hydraulic Valve Model 1015,Hydraulic Valve,ABB,ABB-287-0015,Industrial hydraulic valve designed for manufacturing applications.,4381.54,269,3.6,110,130.09,390.91,Cast Iron,Japan,36,catalog_16.pdf,0.75,Verified
PROD-00017,Electric Motor Model 1016,Electric Motor,ABB,ABB-463-0016,Industrial electric motor designed for manufacturing applications.,6282.3,367,4.9,220,141.48,1453.33,Cast Iron,Italy,12,catalog_17.pdf,0.71,Needs Review
PROD-00018,Conveyor System Model 1017,Conveyor System,Schneider Electric,SCH-965-0017,Industrial conveyor system designed for manufacturing applications.,6873.12,104,3.2,230,167.59,1363.81,Carbon Steel,Switzerland,6,catalog_18.pdf,0.77,Verified
PROD-00019,Gearbox Model 1018,Gearbox,Bosch Rexroth,BOS-899-0018,Industrial gearbox designed for manufacturing applications.,8557.93,346,4.3,220,240.36,643.77,Alloy Steel,South Korea,18,catalog_19.pdf,0.74,Needs Review
PROD-00020,Electric Motor Model 1019,Electric Motor,Schneider Electric,SCH-550-0019,Industrial electric motor designed for manufacturing applications.,18797.41,324,3.1,110,150.87,1781.16,Stainless Steel,USA,18,catalog_20.pdf,0.86,Needs Review
PROD-00021,Hydraulic Valve Model 1020,Hydraulic Valve,WEG,WEG-294-0020,Industrial hydraulic valve designed for manufacturing applications.,14404.83,218,3.9,440,140.09,474.11,Stainless Steel,Japan,36,catalog_21.pdf,0.75,Verified
PROD-00022,Industrial Pump Model 1021,Industrial Pump,Siemens,SIE-255-0021,Industrial industrial pump designed for manufacturing applications.,24659.61,282,4.1,440,4.13,460.14,Cast Iron,India,6,catalog_22.pdf,0.71,Verified
PROD-00023,Welding Machine Model 1022,Welding Machine,Kirloskar,KIR-271-0022,Industrial welding machine designed for manufacturing applications.,10514.71,166,3.6,110,20.7,1390.52,Alloy Steel,Italy,24,catalog_23.pdf,0.71,Verified
PROD-00024,Gearbox Model 1023,Gearbox,Bosch Rexroth,BOS-946-0023,Industrial gearbox designed for manufacturing applications.,18908.16,443,3.9,230,144.5,783.51,Alloy Steel,Italy,12,catalog_24.pdf,0.94,Needs Review
PROD-00025,Industrial Fan Model 1024,Industrial Fan,Atlas Copco,ATL-140-0024,Industrial industrial fan designed for manufacturing applications.,21818.84,161,3.3,110,234.09,596.77,Aluminum,India,24,catalog_25.pdf,0.87,Verified
PROD-00026,Industrial Pump Model 1025,Industrial Pump,WEG,WEG-162-0025,Industrial industrial pump designed for manufacturing applications.,17054.72,426,3.6,230,216.74,323.24,Alloy Steel,South Korea,6,catalog_01.pdf,0.8,Verified
PROD-00027,Welding Machine Model 1026,Welding Machine,Atlas Copco,ATL-122-0026,Industrial welding machine designed for manufacturing applications.,10443.65,255,4.2,230,245.65,1378.07,Alloy Steel,Germany,36,catalog_02.pdf,0.96,Needs Review
PROD-00028,Air Compressor Model 1027,Air Compressor,ABB,ABB-459-0027,Industrial air compressor designed for manufacturing applications.,18901.47,370,3.6,110,132.19,1415.81,Stainless Steel,Japan,6,catalog_03.pdf,0.72,Verified
PROD-00029,Control Panel Model 1028,Control Panel,ABB,ABB-174-0028,Industrial control panel designed for manufacturing applications.,5290.76,101,4.8,400,197.09,1020.68,Alloy Steel,India,36,catalog_04.pdf,0.98,Needs Review
PROD-00030,Generator Model 1029,Generator,Schneider Electric,SCH-659-0029,Industrial generator designed for manufacturing applications.,8356.92,22,4.3,440,210.18,1723.25,Alloy Steel,Switzerland,24,catalog_05.pdf,0.88,Verified
PROD-00031,Industrial Fan Model 1030,Industrial Fan,Siemens,SIE-771-0030,Industrial industrial fan designed for manufacturing applications.,13780.46,331,3.9,230,162.18,574.06,Stainless Steel,Italy,24,catalog_06.pdf,0.75,Verified
PROD-00032,Air Compressor Model 1031,Air Compressor,Bosch Rexroth,BOS-924-0031,Industrial air compressor designed for manufacturing applications.,14491.38,453,3.1,110,85.02,396.88,Alloy Steel,Switzerland,6,catalog_07.pdf,0.9,Needs Review
PROD-00033,Hydraulic Valve Model 1032,Hydraulic Valve,Rockwell Automation,ROC-217-0032,Industrial hydraulic valve designed for manufacturing applications.,798.0,387,4.0,480,117.76,1220.09,Stainless Steel,Japan,6,catalog_08.pdf,0.92,Verified
PROD-00034,Air Compressor Model 1033,Air Compressor,WEG,WEG-711-0033,Industrial air compressor designed for manufacturing applications.,23641.58,101,4.5,400,214.55,1365.62,Aluminum,South Korea,18,catalog_09.pdf,0.82,Needs Review
PROD-00035,Control Panel Model 1034,Control Panel,WEG,WEG-479-0034,Industrial control panel designed for manufacturing applications.,17491.52,5,3.5,440,74.99,406.38,Carbon Steel,Japan,36,catalog_10.pdf,0.95,Verified
PROD-00036,Hydraulic Valve Model 1035,Hydraulic Valve,Schneider Electric,SCH-778-0035,Industrial hydraulic valve designed for manufacturing applications.,12518.67,220,4.6,230,230.97,139.75,Stainless Steel,Switzerland,18,catalog_11.pdf,0.74,Needs Review
PROD-00037,Industrial Fan Model 1036,Industrial Fan,ABB,ABB-389-0036,Industrial industrial fan designed for manufacturing applications.,23344.9,136,3.5,440,57.84,1459.31,Stainless Steel,Switzerland,12,catalog_12.pdf,0.78,Verified
PROD-00038,Control Panel Model 1037,Control Panel,Schneider Electric,SCH-539-0037,Industrial control panel designed for manufacturing applications.,11117.62,264,4.6,400,187.5,1757.75,Alloy Steel,Germany,12,catalog_13.pdf,0.73,Verified
PROD-00039,Electric Motor Model 1038,Electric Motor,Kirloskar,KIR-767-0038,Industrial electric motor designed for manufacturing applications.,24515.78,129,3.2,440,157.82,1161.12,Stainless Steel,Italy,6,catalog_14.pdf,0.76,Verified
PROD-00040,Generator Model 1039,Generator,Bosch Rexroth,BOS-106-0039,Industrial generator designed for manufacturing applications.,12929.05,86,4.7,380,187.53,501.6,Cast Iron,USA,24,catalog_15.pdf,0.77,Verified
PROD-00041,Industrial Fan Model 1040,Industrial Fan,Siemens,SIE-295-0040,Industrial industrial fan designed for manufacturing applications.,3078.57,287,4.0,415,109.62,1794.02,Cast Iron,Germany,12,catalog_16.pdf,0.97,Verified
PROD-00042,Electric Motor Model 1041,Electric Motor,Honeywell,HON-520-0041,Industrial electric motor designed for manufacturing applications.,19178.82,175,3.6,380,233.19,1608.09,Aluminum,Germany,12,catalog_17.pdf,0.72,Verified
PROD-00043,Welding Machine Model 1042,Welding Machine,Crompton,CRO-667-0042,Industrial welding machine designed for manufacturing applications.,17052.72,63,3.5,400,158.3,925.06,Stainless Steel,USA,18,catalog_18.pdf,0.82,Verified
PROD-00044,Industrial Fan Model 1043,Industrial Fan,Crompton,CRO-932-0043,Industrial industrial fan designed for manufacturing applications.,19381.42,36,3.9,230,72.43,1485.93,Alloy Steel,USA,18,catalog_19.pdf,0.85,Verified
PROD-00045,Welding Machine Model 1044,Welding Machine,Schneider Electric,SCH-292-0044,Industrial welding machine designed for manufacturing applications.,23798.19,165,5.0,110,159.79,1468.85,Alloy Steel,South Korea,12,catalog_20.pdf,0.96,Verified
PROD-00046,Hydraulic Valve Model 1045,Hydraulic Valve,Kirloskar,KIR-658-0045,Industrial hydraulic valve designed for manufacturing applications.,19468.11,288,3.4,220,72.06,1682.77,Carbon Steel,South Korea,6,catalog_21.pdf,0.99,Verified
PROD-00047,Electric Motor Model 1046,Electric Motor,Bosch Rexroth,BOS-247-0046,Industrial electric motor designed for manufacturing applications.,15380.58,110,3.2,110,73.76,1513.98,Aluminum,Germany,18,catalog_22.pdf,0.92,Verified
PROD-00048,Generator Model 1047,Generator,Rockwell Automation,ROC-886-0047,Industrial generator designed for manufacturing applications.,21468.4,109,4.2,440,100.2,1159.34,Alloy Steel,Japan,12,catalog_23.pdf,0.98,Needs Review
PROD-00049,Control Panel Model 1048,Control Panel,Crompton,CRO-768-0048,Industrial control panel designed for manufacturing applications.,16912.85,443,4.0,220,213.18,1097.53,Carbon Steel,India,24,catalog_24.pdf,0.93,Verified
PROD-00050,Conveyor System Model 1049,Conveyor System,Bosch Rexroth,BOS-301-0049,Industrial conveyor system designed for manufacturing applications.,10350.95,232,4.0,220,125.32,842.31,Alloy Steel,India,18,catalog_25.pdf,0.98,Verified
PROD-00051,Air Compressor Model 1050,Air Compressor,Siemens,SIE-543-0050,Industrial air compressor designed for manufacturing applications.,22169.09,192,4.3,440,169.89,1128.42,Carbon Steel,Germany,12,catalog_01.pdf,0.91,Verified
PROD-00052,Industrial Pump Model 1051,Industrial Pump,Atlas Copco,ATL-518-0051,Industrial industrial pump designed for manufacturing applications.,5742.04,74,3.5,440,98.3,1431.8,Cast Iron,Japan,36,catalog_02.pdf,0.72,Needs Review
PROD-00053,Generator Model 1052,Generator,Kirloskar,KIR-526-0052,Industrial generator designed for manufacturing applications.,17937.37,322,4.8,230,66.27,1744.33,Cast Iron,USA,18,catalog_03.pdf,0.82,Verified
PROD-00054,Electric Motor Model 1053,Electric Motor,ABB,ABB-578-0053,Industrial electric motor designed for manufacturing applications.,22068.7,468,3.9,400,238.68,842.18,Alloy Steel,China,36,catalog_04.pdf,0.89,Needs Review
PROD-00055,Conveyor System Model 1054,Conveyor System,Bosch Rexroth,BOS-574-0054,Industrial conveyor system designed for manufacturing applications.,18350.08,294,3.3,480,151.09,1033.43,Aluminum,Germany,18,catalog_05.pdf,0.8,Verified
PROD-00056,Generator Model 1055,Generator,Siemens,SIE-225-0055,Industrial generator designed for manufacturing applications.,17507.57,91,4.5,110,233.52,801.76,Stainless Steel,Italy,18,catalog_06.pdf,0.78,Verified
PROD-00057,Electric Motor Model 1056,Electric Motor,Rockwell Automation,ROC-494-0056,Industrial electric motor designed for manufacturing applications.,18877.8,374,4.3,400,51.25,1203.94,Aluminum,Japan,36,catalog_07.pdf,0.87,Needs Review
PROD-00058,Gearbox Model 1057,Gearbox,Honeywell,HON-916-0057,Industrial gearbox designed for manufacturing applications.,11760.12,366,3.6,380,37.15,1134.6,Aluminum,Italy,6,catalog_08.pdf,0.97,Verified
PROD-00059,Gearbox Model 1058,Gearbox,ABB,ABB-980-0058,Industrial gearbox designed for manufacturing applications.,21885.72,476,4.2,230,214.03,34.07,Stainless Steel,Italy,12,catalog_09.pdf,0.71,Verified
PROD-00060,Welding Machine Model 1059,Welding Machine,Honeywell,HON-905-0059,Industrial welding machine designed for manufacturing applications.,5285.05,60,3.4,230,170.39,975.01,Cast Iron,Germany,6,catalog_10.pdf,0.92,Needs Review
PROD-00061,Generator Model 1060,Generator,Rockwell Automation,ROC-675-0060,Industrial generator designed for manufacturing applications.,3402.81,117,3.9,480,47.05,161.1,Cast Iron,Japan,6,catalog_11.pdf,0.91,Verified
PROD-00062,Gearbox Model 1061,Gearbox,Siemens,SIE-424-0061,Industrial gearbox designed for manufacturing applications.,7316.34,17,4.8,380,67.71,49.44,Stainless Steel,Italy,12,catalog_12.pdf,0.98,Needs Review
PROD-00063,Electric Motor Model 1062,Electric Motor,Crompton,CRO-491-0062,Industrial electric motor designed for manufacturing applications.,13406.54,444,3.3,110,200.27,1424.57,Carbon Steel,South Korea,24,catalog_13.pdf,0.97,Verified
PROD-00064,Welding Machine Model 1063,Welding Machine,Honeywell,HON-787-0063,Industrial welding machine designed for manufacturing applications.,12886.4,22,3.8,415,113.74,467.05,Aluminum,Switzerland,6,catalog_14.pdf,0.92,Needs Review
PROD-00065,Electric Motor Model 1064,Electric Motor,ABB,ABB-727-0064,Industrial electric motor designed for manufacturing applications.,20559.82,186,4.6,380,167.8,614.5,Alloy Steel,South Korea,6,catalog_15.pdf,0.85,Needs Review
PROD-00066,Welding Machine Model 1065,Welding Machine,Schneider Electric,SCH-539-0065,Industrial welding machine designed for manufacturing applications.,10263.07,465,4.9,110,79.93,117.22,Cast Iron,Japan,6,catalog_16.pdf,0.76,Verified
PROD-00067,Generator Model 1066,Generator,WEG,WEG-303-0066,Industrial generator designed for manufacturing applications.,12237.52,117,3.9,220,95.62,324.74,Alloy Steel,India,24,catalog_17.pdf,0.86,Needs Review
PROD-00068,Conveyor System Model 1067,Conveyor System,Bosch Rexroth,BOS-585-0067,Industrial conveyor system designed for manufacturing applications.,580.85,233,4.0,440,247.68,1378.56,Stainless Steel,Switzerland,18,catalog_18.pdf,0.92,Verified
PROD-00069,Control Panel Model 1068,Control Panel,Crompton,CRO-932-0068,Industrial control panel designed for manufacturing applications.,10391.05,175,4.1,230,62.28,889.37,Alloy Steel,China,36,catalog_19.pdf,0.96,Verified
PROD-00070,Industrial Fan Model 1069,Industrial Fan,Honeywell,HON-130-0069,Industrial industrial fan designed for manufacturing applications.,16282.41,299,4.9,110,126.86,1585.44,Alloy Steel,Italy,36,catalog_20.pdf,0.93,Verified
PROD-00071,Conveyor System Model 1070,Conveyor System,Atlas Copco,ATL-487-0070,Industrial conveyor system designed for manufacturing applications.,633.83,193,4.7,400,211.18,716.24,Aluminum,Italy,24,catalog_21.pdf,0.76,Verified
PROD-00072,Hydraulic Valve Model 1071,Hydraulic Valve,Bosch Rexroth,BOS-724-0071,Industrial hydraulic valve designed for manufacturing applications.,7201.83,430,3.3,480,60.19,485.12,Stainless Steel,Japan,6,catalog_22.pdf,0.87,Needs Review
PROD-00073,Electric Motor Model 1072,Electric Motor,Schneider Electric,SCH-976-0072,Industrial electric motor designed for manufacturing applications.,5396.92,469,3.9,440,104.1,626.98,Alloy Steel,South Korea,36,catalog_23.pdf,0.8,Verified
PROD-00074,Hydraulic Valve Model 1073,Hydraulic Valve,Rockwell Automation,ROC-533-0073,Industrial hydraulic valve designed for manufacturing applications.,1289.14,83,3.9,400,153.97,1283.56,Cast Iron,China,24,catalog_24.pdf,0.7,Needs Review
PROD-00075,Conveyor System Model 1074,Conveyor System,WEG,WEG-936-0074,Industrial conveyor system designed for manufacturing applications.,12111.69,150,4.6,440,120.56,999.9,Stainless Steel,India,12,catalog_25.pdf,0.76,Verified
PROD-00076,Welding Machine Model 1075,Welding Machine,Siemens,SIE-475-0075,Industrial welding machine designed for manufacturing applications.,4747.65,411,4.2,230,115.15,1627.74,Cast Iron,Italy,36,catalog_01.pdf,0.73,Verified
PROD-00077,Industrial Fan Model 1076,Industrial Fan,Schneider Electric,SCH-443-0076,Industrial industrial fan designed for manufacturing applications.,18641.27,186,4.3,380,90.95,1084.7,Carbon Steel,Germany,12,catalog_02.pdf,0.94,Verified
PROD-00078,Industrial Fan Model 1077,Industrial Fan,Schneider Electric,SCH-542-0077,Industrial industrial fan designed for manufacturing applications.,21236.22,290,5.0,415,146.87,888.45,Alloy Steel,South Korea,6,catalog_03.pdf,0.77,Verified
PROD-00079,Industrial Pump Model 1078,Industrial Pump,Rockwell Automation,ROC-678-0078,Industrial industrial pump designed for manufacturing applications.,13753.23,254,3.1,380,156.28,1414.78,Stainless Steel,Japan,36,catalog_04.pdf,0.78,Needs Review
PROD-00080,Industrial Fan Model 1079,Industrial Fan,Kirloskar,KIR-174-0079,Industrial industrial fan designed for manufacturing applications.,24547.26,358,3.4,110,163.5,1705.67,Cast Iron,Japan,24,catalog_05.pdf,0.98,Needs Review
PROD-00081,Control Panel Model 1080,Control Panel,Rockwell Automation,ROC-656-0080,Industrial control panel designed for manufacturing applications.,11399.34,318,3.8,480,18.06,641.81,Alloy Steel,South Korea,18,catalog_06.pdf,0.81,Needs Review
PROD-00082,Industrial Fan Model 1081,Industrial Fan,Kirloskar,KIR-871-0081,Industrial industrial fan designed for manufacturing applications.,12955.86,200,3.7,380,157.94,451.28,Aluminum,Italy,36,catalog_07.pdf,0.7,Needs Review
PROD-00083,Conveyor System Model 1082,Conveyor System,Kirloskar,KIR-765-0082,Industrial conveyor system designed for manufacturing applications.,24733.14,327,3.0,230,238.33,1109.96,Cast Iron,India,36,catalog_08.pdf,0.78,Verified
PROD-00084,Industrial Pump Model 1083,Industrial Pump,Crompton,CRO-254-0083,Industrial industrial pump designed for manufacturing applications.,5980.82,75,3.2,480,135.48,898.97,Cast Iron,Italy,36,catalog_09.pdf,0.73,Verified
PROD-00085,Conveyor System Model 1084,Conveyor System,Crompton,CRO-529-0084,Industrial conveyor system designed for manufacturing applications.,23578.01,252,4.4,110,178.96,1780.56,Carbon Steel,South Korea,36,catalog_10.pdf,0.73,Needs Review
PROD-00086,Conveyor System Model 1085,Conveyor System,ABB,ABB-462-0085,Industrial conveyor system designed for manufacturing applications.,1310.23,150,4.8,220,139.4,833.33,Aluminum,Switzerland,24,catalog_11.pdf,0.72,Verified
PROD-00087,Air Compressor Model 1086,Air Compressor,Honeywell,HON-547-0086,Industrial air compressor designed for manufacturing applications.,11298.08,110,4.0,380,213.76,135.65,Carbon Steel,USA,24,catalog_12.pdf,0.87,Verified
PROD-00088,Industrial Pump Model 1087,Industrial Pump,Honeywell,HON-333-0087,Industrial industrial pump designed for manufacturing applications.,1982.59,267,4.1,380,232.43,1759.31,Aluminum,Italy,18,catalog_13.pdf,0.75,Verified
PROD-00089,Conveyor System Model 1088,Conveyor System,Siemens,SIE-662-0088,Industrial conveyor system designed for manufacturing applications.,18298.56,300,3.5,415,46.46,1518.77,Cast Iron,China,24,catalog_14.pdf,0.8,Verified
PROD-00090,Air Compressor Model 1089,Air Compressor,Honeywell,HON-917-0089,Industrial air compressor designed for manufacturing applications.,15308.12,74,4.5,110,109.5,322.49,Carbon Steel,Switzerland,24,catalog_15.pdf,0.95,Verified
PROD-00091,Air Compressor Model 1090,Air Compressor,Crompton,CRO-361-0090,Industrial air compressor designed for manufacturing applications.,17739.2,474,4.5,400,98.4,1628.48,Alloy Steel,South Korea,6,catalog_16.pdf,0.82,Needs Review
PROD-00092,Industrial Pump Model 1091,Industrial Pump,ABB,ABB-926-0091,Industrial industrial pump designed for manufacturing applications.,9518.39,197,4.2,380,101.6,614.52,Aluminum,Switzerland,6,catalog_17.pdf,0.97,Verified
PROD-00093,Hydraulic Valve Model 1092,Hydraulic Valve,ABB,ABB-224-0092,Industrial hydraulic valve designed for manufacturing applications.,9394.68,72,3.4,230,31.82,680.05,Cast Iron,China,12,catalog_18.pdf,0.84,Verified
PROD-00094,Welding Machine Model 1093,Welding Machine,Kirloskar,KIR-344-0093,Industrial welding machine designed for manufacturing applications.,1371.65,498,3.2,380,203.5,1631.69,Stainless Steel,Switzerland,18,catalog_19.pdf,0.82,Verified
PROD-00095,Control Panel Model 1094,Control Panel,Rockwell Automation,ROC-641-0094,Industrial control panel designed for manufacturing applications.,8911.14,309,3.1,415,9.42,955.15,Aluminum,Switzerland,6,catalog_20.pdf,0.92,Needs Review
PROD-00096,Welding Machine Model 1095,Welding Machine,Siemens,SIE-584-0095,Industrial welding machine designed for manufacturing applications.,23249.89,56,4.2,220,132.29,249.7,Aluminum,South Korea,18,catalog_21.pdf,0.72,Needs Review
PROD-00097,Industrial Fan Model 1096,Industrial Fan,Kirloskar,KIR-221-0096,Industrial industrial fan designed for manufacturing applications.,9635.86,374,4.7,415,165.64,665.56,Alloy Steel,USA,18,catalog_22.pdf,0.73,Needs Review
PROD-00098,Control Panel Model 1097,Control Panel,Rockwell Automation,ROC-224-0097,Industrial control panel designed for manufacturing applications.,20826.35,367,4.7,380,52.26,1300.33,Aluminum,China,36,catalog_23.pdf,0.89,Verified
PROD-00099,Industrial Fan Model 1098,Industrial Fan,Honeywell,HON-648-0098,Industrial industrial fan designed for manufacturing applications.,21097.56,289,3.9,480,226.51,315.18,Aluminum,China,18,catalog_24.pdf,0.84,Needs Review
PROD-00100,Conveyor System Model 1099,Conveyor System,Kirloskar,KIR-269-0099,Industrial conveyor system designed for manufacturing applications.,9487.72,409,4.6,400,209.72,1063.24,Alloy Steel,Germany,36,catalog_25.pdf,0.93,Needs Review
PROD-00101,Electric Motor Model 1100,Electric Motor,Bosch Rexroth,BOS-223-0100,Industrial electric motor designed for manufacturing applications.,15891.72,478,4.9,440,118.04,1252.1,Alloy Steel,Japan,12,catalog_01.pdf,0.97,Needs Review
PROD-00102,Industrial Pump Model 1101,Industrial Pump,Honeywell,HON-968-0101,Industrial industrial pump designed for manufacturing applications.,2610.45,338,3.6,380,103.08,620.25,Carbon Steel,China,12,catalog_02.pdf,0.81,Needs Review
PROD-00103,Control Panel Model 1102,Control Panel,Rockwell Automation,ROC-134-0102,Industrial control panel designed for manufacturing applications.,2816.04,13,3.8,110,59.52,1249.6,Cast Iron,Japan,12,catalog_03.pdf,0.87,Verified
PROD-00104,Control Panel Model 1103,Control Panel,Siemens,SIE-186-0103,Industrial control panel designed for manufacturing applications.,1454.28,255,4.9,380,182.63,1591.8,Cast Iron,South Korea,36,catalog_04.pdf,0.85,Verified
PROD-00105,Conveyor System Model 1104,Conveyor System,Rockwell Automation,ROC-745-0104,Industrial conveyor system designed for manufacturing applications.,14630.12,435,3.7,400,33.37,850.87,Carbon Steel,India,36,catalog_05.pdf,0.98,Verified
PROD-00106,Hydraulic Valve Model 1105,Hydraulic Valve,Kirloskar,KIR-807-0105,Industrial hydraulic valve designed for manufacturing applications.,10795.26,336,4.8,110,170.22,690.47,Cast Iron,Italy,12,catalog_06.pdf,0.94,Verified
PROD-00107,Air Compressor Model 1106,Air Compressor,Kirloskar,KIR-885-0106,Industrial air compressor designed for manufacturing applications.,13813.8,302,5.0,230,210.69,453.58,Aluminum,Germany,36,catalog_07.pdf,0.96,Needs Review
PROD-00108,Conveyor System Model 1107,Conveyor System,Schneider Electric,SCH-300-0107,Industrial conveyor system designed for manufacturing applications.,13146.56,439,4.3,480,57.5,1088.36,Carbon Steel,South Korea,24,catalog_08.pdf,0.77,Needs Review
PROD-00109,Gearbox Model 1108,Gearbox,Siemens,SIE-468-0108,Industrial gearbox designed for manufacturing applications.,8917.52,188,4.6,110,216.67,1583.97,Carbon Steel,USA,24,catalog_09.pdf,0.92,Needs Review
PROD-00110,Air Compressor Model 1109,Air Compressor,Atlas Copco,ATL-896-0109,Industrial air compressor designed for manufacturing applications.,17017.47,183,4.5,415,8.81,585.74,Cast Iron,India,36,catalog_10.pdf,0.78,Verified
PROD-00111,Industrial Pump Model 1110,Industrial Pump,Honeywell,HON-176-0110,Industrial industrial pump designed for manufacturing applications.,19022.92,202,4.4,220,228.24,714.43,Stainless Steel,Switzerland,36,catalog_11.pdf,0.76,Verified
PROD-00112,Air Compressor Model 1111,Air Compressor,ABB,ABB-158-0111,Industrial air compressor designed for manufacturing applications.,612.05,132,3.6,415,30.03,733.11,Cast Iron,Germany,6,catalog_12.pdf,0.97,Verified
PROD-00113,Hydraulic Valve Model 1112,Hydraulic Valve,Siemens,SIE-530-0112,Industrial hydraulic valve designed for manufacturing applications.,5379.25,24,3.1,440,161.62,1010.34,Stainless Steel,Germany,6,catalog_13.pdf,0.71,Verified
PROD-00114,Air Compressor Model 1113,Air Compressor,ABB,ABB-737-0113,Industrial air compressor designed for manufacturing applications.,17902.59,476,3.7,110,62.9,412.68,Carbon Steel,South Korea,18,catalog_14.pdf,0.98,Verified
PROD-00115,Industrial Pump Model 1114,Industrial Pump,Siemens,SIE-599-0114,Industrial industrial pump designed for manufacturing applications.,9818.85,415,4.3,230,209.22,1480.34,Stainless Steel,USA,18,catalog_15.pdf,0.74,Verified
PROD-00116,Hydraulic Valve Model 1115,Hydraulic Valve,Siemens,SIE-208-0115,Industrial hydraulic valve designed for manufacturing applications.,16646.48,426,3.2,380,128.32,533.49,Aluminum,USA,18,catalog_16.pdf,0.94,Verified
PROD-00117,Welding Machine Model 1116,Welding Machine,Rockwell Automation,ROC-835-0116,Industrial welding machine designed for manufacturing applications.,8837.33,332,3.0,480,34.24,1270.24,Alloy Steel,Japan,12,catalog_17.pdf,0.78,Needs Review
PROD-00118,Control Panel Model 1117,Control Panel,Siemens,SIE-377-0117,Industrial control panel designed for manufacturing applications.,9921.19,69,3.3,110,142.96,924.76,Stainless Steel,Italy,24,catalog_18.pdf,0.8,Verified
PROD-00119,Control Panel Model 1118,Control Panel,Schneider Electric,SCH-167-0118,Industrial control panel designed for manufacturing applications.,4177.3,186,4.4,415,102.27,1055.44,Alloy Steel,South Korea,12,catalog_19.pdf,0.76,Needs Review
PROD-00120,Industrial Fan Model 1119,Industrial Fan,Atlas Copco,ATL-168-0119,Industrial industrial fan designed for manufacturing applications.,6641.22,245,4.9,110,165.53,324.94,Aluminum,India,36,catalog_20.pdf,0.87,Verified
PROD-00121,Welding Machine Model 1120,Welding Machine,Kirloskar,KIR-264-0120,Industrial welding machine designed for manufacturing applications.,15233.94,373,5.0,110,220.53,1323.57,Alloy Steel,Italy,6,catalog_21.pdf,0.8,Verified
PROD-00122,Welding Machine Model 1121,Welding Machine,WEG,WEG-588-0121,Industrial welding machine designed for manufacturing applications.,10970.79,28,4.0,110,102.64,341.14,Aluminum,India,36,catalog_22.pdf,0.89,Needs Review
PROD-00123,Air Compressor Model 1122,Air Compressor,ABB,ABB-404-0122,Industrial air compressor designed for manufacturing applications.,19413.99,388,4.7,230,72.83,206.03,Alloy Steel,Germany,36,catalog_23.pdf,0.7,Needs Review
PROD-00124,Control Panel Model 1123,Control Panel,Kirloskar,KIR-773-0123,Industrial control panel designed for manufacturing applications.,21351.48,435,4.5,480,4.12,984.93,Alloy Steel,China,6,catalog_24.pdf,0.72,Verified
PROD-00125,Industrial Pump Model 1124,Industrial Pump,WEG,WEG-464-0124,Industrial industrial pump designed for manufacturing applications.,13655.75,459,4.0,400,143.92,1277.32,Cast Iron,China,36,catalog_25.pdf,0.73,Verified
PROD-00126,Generator Model 1125,Generator,Atlas Copco,ATL-953-0125,Industrial generator designed for manufacturing applications.,19017.12,87,4.1,400,100.87,91.96,Stainless Steel,South Korea,18,catalog_01.pdf,0.82,Verified
PROD-00127,Generator Model 1126,Generator,Atlas Copco,ATL-920-0126,Industrial generator designed for manufacturing applications.,7845.89,474,3.3,110,93.97,126.77,Alloy Steel,USA,6,catalog_02.pdf,0.94,Needs Review
PROD-00128,Hydraulic Valve Model 1127,Hydraulic Valve,ABB,ABB-478-0127,Industrial hydraulic valve designed for manufacturing applications.,10520.54,323,4.9,230,46.14,1445.22,Carbon Steel,USA,36,catalog_03.pdf,0.96,Needs Review
PROD-00129,Control Panel Model 1128,Control Panel,ABB,ABB-442-0128,Industrial control panel designed for manufacturing applications.,17891.25,189,3.7,230,107.8,1456.64,Cast Iron,Switzerland,18,catalog_04.pdf,0.77,Verified
PROD-00130,Control Panel Model 1129,Control Panel,Atlas Copco,ATL-998-0129,Industrial control panel designed for manufacturing applications.,9808.75,443,3.9,440,246.12,443.06,Stainless Steel,Germany,18,catalog_05.pdf,0.87,Verified
PROD-00131,Generator Model 1130,Generator,WEG,WEG-653-0130,Industrial generator designed for manufacturing applications.,14815.5,320,4.3,110,74.79,1108.18,Cast Iron,Germany,24,catalog_06.pdf,0.92,Needs Review
PROD-00132,Control Panel Model 1131,Control Panel,Siemens,SIE-453-0131,Industrial control panel designed for manufacturing applications.,4837.98,103,3.7,415,150.13,798.84,Stainless Steel,India,18,catalog_07.pdf,0.78,Verified
PROD-00133,Air Compressor Model 1132,Air Compressor,Honeywell,HON-515-0132,Industrial air compressor designed for manufacturing applications.,15094.34,66,3.5,415,194.23,1139.59,Aluminum,Germany,12,catalog_08.pdf,0.82,Needs Review
PROD-00134,Gearbox Model 1133,Gearbox,Bosch Rexroth,BOS-208-0133,Industrial gearbox designed for manufacturing applications.,21572.46,290,4.3,220,187.41,1553.46,Alloy Steel,Switzerland,6,catalog_09.pdf,0.85,Verified
PROD-00135,Electric Motor Model 1134,Electric Motor,Kirloskar,KIR-662-0134,Industrial electric motor designed for manufacturing applications.,21748.83,481,3.0,480,82.53,145.58,Carbon Steel,South Korea,6,catalog_10.pdf,0.74,Verified
PROD-00136,Welding Machine Model 1135,Welding Machine,Rockwell Automation,ROC-861-0135,Industrial welding machine designed for manufacturing applications.,18177.52,26,4.4,110,152.91,1400.82,Cast Iron,India,6,catalog_11.pdf,0.71,Verified
PROD-00137,Industrial Fan Model 1136,Industrial Fan,Kirloskar,KIR-596-0136,Industrial industrial fan designed for manufacturing applications.,18707.4,463,4.0,220,217.88,888.47,Cast Iron,Italy,36,catalog_12.pdf,0.74,Verified
PROD-00138,Hydraulic Valve Model 1137,Hydraulic Valve,Rockwell Automation,ROC-440-0137,Industrial hydraulic valve designed for manufacturing applications.,14058.7,216,4.2,415,4.35,1016.3,Cast Iron,USA,36,catalog_13.pdf,0.88,Verified
PROD-00139,Gearbox Model 1138,Gearbox,WEG,WEG-482-0138,Industrial gearbox designed for manufacturing applications.,14720.54,130,4.3,415,109.22,1177.77,Cast Iron,USA,12,catalog_14.pdf,0.72,Needs Review
PROD-00140,Generator Model 1139,Generator,Rockwell Automation,ROC-632-0139,Industrial generator designed for manufacturing applications.,3557.85,417,4.1,110,56.46,1660.88,Alloy Steel,China,18,catalog_15.pdf,0.76,Needs Review
PROD-00141,Welding Machine Model 1140,Welding Machine,ABB,ABB-399-0140,Industrial welding machine designed for manufacturing applications.,11235.51,429,4.2,220,97.46,103.98,Stainless Steel,China,36,catalog_16.pdf,0.8,Needs Review
PROD-00142,Control Panel Model 1141,Control Panel,Honeywell,HON-238-0141,Industrial control panel designed for manufacturing applications.,11406.71,46,4.4,220,104.29,55.0,Alloy Steel,Switzerland,18,catalog_17.pdf,0.72,Verified
PROD-00143,Industrial Fan Model 1142,Industrial Fan,Honeywell,HON-458-0142,Industrial industrial fan designed for manufacturing applications.,23972.82,102,4.5,110,186.79,322.51,Aluminum,South Korea,18,catalog_18.pdf,0.76,Verified
PROD-00144,Control Panel Model 1143,Control Panel,ABB,ABB-935-0143,Industrial control panel designed for manufacturing applications.,10919.4,453,4.5,480,23.91,1775.63,Alloy Steel,USA,36,catalog_19.pdf,0.96,Verified
PROD-00145,Industrial Pump Model 1144,Industrial Pump,Schneider Electric,SCH-598-0144,Industrial industrial pump designed for manufacturing applications.,13846.23,35,4.7,440,128.39,1287.71,Alloy Steel,Switzerland,36,catalog_20.pdf,0.71,Needs Review
PROD-00146,Industrial Pump Model 1145,Industrial Pump,WEG,WEG-484-0145,Industrial industrial pump designed for manufacturing applications.,13447.97,162,3.4,220,141.27,1107.12,Aluminum,South Korea,12,catalog_21.pdf,0.89,Verified
PROD-00147,Industrial Fan Model 1146,Industrial Fan,Schneider Electric,SCH-703-0146,Industrial industrial fan designed for manufacturing applications.,16009.85,116,3.8,440,123.79,86.58,Alloy Steel,Italy,24,catalog_22.pdf,0.81,Verified
PROD-00148,Industrial Fan Model 1147,Industrial Fan,Schneider Electric,SCH-379-0147,Industrial industrial fan designed for manufacturing applications.,18768.76,406,4.9,380,183.1,1582.64,Stainless Steel,Italy,6,catalog_23.pdf,0.9,Verified
PROD-00149,Generator Model 1148,Generator,Kirloskar,KIR-736-0148,Industrial generator designed for manufacturing applications.,5819.79,251,3.8,480,96.26,1463.34,Carbon Steel,Japan,36,catalog_24.pdf,0.87,Verified
PROD-00150,Industrial Fan Model 1149,Industrial Fan,Atlas Copco,ATL-582-0149,Industrial industrial fan designed for manufacturing applications.,13335.93,126,3.2,415,236.27,1197.31,Aluminum,India,36,catalog_25.pdf,0.76,Verified
PROD-00151,Air Compressor Model 1150,Air Compressor,Kirloskar,KIR-210-0150,Industrial air compressor designed for manufacturing applications.,20691.46,277,4.1,400,120.71,611.76,Cast Iron,China,18,catalog_01.pdf,0.95,Needs Review
PROD-00152,Control Panel Model 1151,Control Panel,Atlas Copco,ATL-965-0151,Industrial control panel designed for manufacturing applications.,11712.09,298,3.2,480,143.02,128.77,Stainless Steel,India,24,catalog_02.pdf,0.84,Needs Review
PROD-00153,Gearbox Model 1152,Gearbox,Bosch Rexroth,BOS-238-0152,Industrial gearbox designed for manufacturing applications.,7141.82,402,3.4,440,206.47,1044.91,Carbon Steel,China,36,catalog_03.pdf,0.94,Needs Review
PROD-00154,Conveyor System Model 1153,Conveyor System,Rockwell Automation,ROC-534-0153,Industrial conveyor system designed for manufacturing applications.,16454.05,475,5.0,440,69.17,1296.01,Stainless Steel,Japan,24,catalog_04.pdf,0.82,Needs Review
PROD-00155,Industrial Fan Model 1154,Industrial Fan,Atlas Copco,ATL-608-0154,Industrial industrial fan designed for manufacturing applications.,20638.24,477,4.1,440,19.26,171.44,Stainless Steel,USA,6,catalog_05.pdf,0.99,Needs Review
PROD-00156,Hydraulic Valve Model 1155,Hydraulic Valve,ABB,ABB-372-0155,Industrial hydraulic valve designed for manufacturing applications.,1812.72,211,3.6,230,177.09,1141.51,Cast Iron,Switzerland,18,catalog_06.pdf,0.92,Verified
PROD-00157,Industrial Pump Model 1156,Industrial Pump,Kirloskar,KIR-198-0156,Industrial industrial pump designed for manufacturing applications.,19475.56,114,5.0,480,121.01,516.89,Carbon Steel,South Korea,12,catalog_07.pdf,0.98,Verified
PROD-00158,Air Compressor Model 1157,Air Compressor,WEG,WEG-863-0157,Industrial air compressor designed for manufacturing applications.,20585.79,444,4.9,220,224.18,1376.11,Stainless Steel,India,6,catalog_08.pdf,0.85,Needs Review
PROD-00159,Welding Machine Model 1158,Welding Machine,Rockwell Automation,ROC-949-0158,Industrial welding machine designed for manufacturing applications.,11672.69,282,3.9,220,245.68,972.23,Cast Iron,China,24,catalog_09.pdf,0.84,Verified
PROD-00160,Conveyor System Model 1159,Conveyor System,Bosch Rexroth,BOS-203-0159,Industrial conveyor system designed for manufacturing applications.,24586.82,455,3.5,230,100.08,234.01,Aluminum,India,24,catalog_10.pdf,0.92,Verified
PROD-00161,Gearbox Model 1160,Gearbox,Atlas Copco,ATL-313-0160,Industrial gearbox designed for manufacturing applications.,19721.03,60,4.7,220,104.15,948.68,Cast Iron,USA,6,catalog_11.pdf,0.96,Verified
PROD-00162,Conveyor System Model 1161,Conveyor System,Bosch Rexroth,BOS-860-0161,Industrial conveyor system designed for manufacturing applications.,19398.15,379,4.4,230,102.29,713.53,Alloy Steel,South Korea,24,catalog_12.pdf,0.98,Verified
PROD-00163,Industrial Fan Model 1162,Industrial Fan,WEG,WEG-763-0162,Industrial industrial fan designed for manufacturing applications.,18759.0,407,4.4,440,81.48,326.28,Cast Iron,Germany,12,catalog_13.pdf,0.79,Verified
PROD-00164,Generator Model 1163,Generator,Schneider Electric,SCH-861-0163,Industrial generator designed for manufacturing applications.,3977.55,61,4.8,110,195.53,1515.05,Cast Iron,China,12,catalog_14.pdf,0.93,Verified
PROD-00165,Industrial Pump Model 1164,Industrial Pump,Honeywell,HON-886-0164,Industrial industrial pump designed for manufacturing applications.,5626.46,432,4.4,480,189.87,21.83,Cast Iron,Switzerland,24,catalog_15.pdf,0.76,Verified
PROD-00166,Industrial Pump Model 1165,Industrial Pump,WEG,WEG-264-0165,Industrial industrial pump designed for manufacturing applications.,11733.76,486,3.6,380,119.92,563.21,Stainless Steel,Germany,24,catalog_16.pdf,0.86,Needs Review
PROD-00167,Welding Machine Model 1166,Welding Machine,Crompton,CRO-952-0166,Industrial welding machine designed for manufacturing applications.,6784.11,295,4.4,440,11.64,24.65,Carbon Steel,Japan,12,catalog_17.pdf,0.75,Verified
PROD-00168,Generator Model 1167,Generator,WEG,WEG-619-0167,Industrial generator designed for manufacturing applications.,10527.21,118,3.6,380,77.74,174.62,Cast Iron,South Korea,24,catalog_18.pdf,0.8,Needs Review
PROD-00169,Control Panel Model 1168,Control Panel,Bosch Rexroth,BOS-383-0168,Industrial control panel designed for manufacturing applications.,22239.49,385,4.5,415,73.43,536.18,Cast Iron,Italy,36,catalog_19.pdf,0.97,Verified
PROD-00170,Electric Motor Model 1169,Electric Motor,ABB,ABB-616-0169,Industrial electric motor designed for manufacturing applications.,20652.09,389,4.2,440,202.87,99.58,Alloy Steel,India,18,catalog_20.pdf,0.74,Verified
PROD-00171,Air Compressor Model 1170,Air Compressor,Kirloskar,KIR-756-0170,Industrial air compressor designed for manufacturing applications.,15843.49,312,3.2,400,22.35,1074.74,Alloy Steel,China,36,catalog_21.pdf,0.88,Verified
PROD-00172,Industrial Pump Model 1171,Industrial Pump,ABB,ABB-712-0171,Industrial industrial pump designed for manufacturing applications.,21488.48,345,4.0,220,201.52,158.18,Aluminum,Switzerland,24,catalog_22.pdf,0.87,Verified
PROD-00173,Hydraulic Valve Model 1172,Hydraulic Valve,Bosch Rexroth,BOS-263-0172,Industrial hydraulic valve designed for manufacturing applications.,19648.37,481,3.7,400,167.46,1263.68,Aluminum,India,24,catalog_23.pdf,0.74,Needs Review
PROD-00174,Industrial Pump Model 1173,Industrial Pump,Kirloskar,KIR-985-0173,Industrial industrial pump designed for manufacturing applications.,10867.38,202,3.7,110,183.24,96.65,Alloy Steel,Japan,18,catalog_24.pdf,0.79,Needs Review
PROD-00175,Conveyor System Model 1174,Conveyor System,Crompton,CRO-758-0174,Industrial conveyor system designed for manufacturing applications.,5226.36,425,4.2,380,108.34,108.64,Carbon Steel,Japan,24,catalog_25.pdf,0.86,Needs Review
PROD-00176,Industrial Pump Model 1175,Industrial Pump,Honeywell,HON-163-0175,Industrial industrial pump designed for manufacturing applications.,12976.48,325,3.6,480,170.09,550.98,Aluminum,India,18,catalog_01.pdf,0.75,Needs Review
PROD-00177,Industrial Pump Model 1176,Industrial Pump,Rockwell Automation,ROC-190-0176,Industrial industrial pump designed for manufacturing applications.,18471.66,183,4.6,440,152.45,1614.04,Carbon Steel,China,12,catalog_02.pdf,0.93,Verified
PROD-00178,Electric Motor Model 1177,Electric Motor,Bosch Rexroth,BOS-216-0177,Industrial electric motor designed for manufacturing applications.,11051.39,389,3.1,480,192.36,1155.23,Alloy Steel,Switzerland,18,catalog_03.pdf,0.98,Verified
PROD-00179,Electric Motor Model 1178,Electric Motor,Atlas Copco,ATL-965-0178,Industrial electric motor designed for manufacturing applications.,16752.6,223,4.3,110,111.97,1386.7,Aluminum,South Korea,18,catalog_04.pdf,0.76,Verified
PROD-00180,Gearbox Model 1179,Gearbox,Bosch Rexroth,BOS-366-0179,Industrial gearbox designed for manufacturing applications.,2584.6,281,4.6,110,118.47,256.51,Cast Iron,USA,36,catalog_05.pdf,0.75,Verified
PROD-00181,Control Panel Model 1180,Control Panel,Bosch Rexroth,BOS-921-0180,Industrial control panel designed for manufacturing applications.,18763.12,441,4.3,220,161.07,1501.76,Alloy Steel,South Korea,24,catalog_06.pdf,0.83,Verified
PROD-00182,Hydraulic Valve Model 1181,Hydraulic Valve,Kirloskar,KIR-784-0181,Industrial hydraulic valve designed for manufacturing applications.,20364.66,20,4.0,110,27.47,16.65,Aluminum,USA,12,catalog_07.pdf,0.92,Verified
PROD-00183,Industrial Pump Model 1182,Industrial Pump,Siemens,SIE-658-0182,Industrial industrial pump designed for manufacturing applications.,17744.24,496,4.9,440,109.34,385.08,Carbon Steel,Switzerland,6,catalog_08.pdf,0.78,Verified
PROD-00184,Industrial Pump Model 1183,Industrial Pump,WEG,WEG-239-0183,Industrial industrial pump designed for manufacturing applications.,24189.77,383,3.6,440,243.0,1109.73,Carbon Steel,Italy,18,catalog_09.pdf,0.71,Verified
PROD-00185,Air Compressor Model 1184,Air Compressor,Siemens,SIE-345-0184,Industrial air compressor designed for manufacturing applications.,20709.64,65,3.0,480,9.87,676.69,Aluminum,South Korea,6,catalog_10.pdf,0.86,Verified
PROD-00186,Electric Motor Model 1185,Electric Motor,Crompton,CRO-760-0185,Industrial electric motor designed for manufacturing applications.,22601.57,58,3.9,480,79.34,1771.58,Carbon Steel,Switzerland,24,catalog_11.pdf,0.98,Needs Review
PROD-00187,Hydraulic Valve Model 1186,Hydraulic Valve,Atlas Copco,ATL-857-0186,Industrial hydraulic valve designed for manufacturing applications.,23355.88,172,3.1,380,78.87,56.55,Aluminum,India,18,catalog_12.pdf,0.81,Verified
PROD-00188,Welding Machine Model 1187,Welding Machine,Honeywell,HON-494-0187,Industrial welding machine designed for manufacturing applications.,20083.36,30,4.9,440,158.55,1797.48,Aluminum,India,6,catalog_13.pdf,0.82,Needs Review
PROD-00189,Gearbox Model 1188,Gearbox,Schneider Electric,SCH-586-0188,Industrial gearbox designed for manufacturing applications.,16937.91,340,3.4,400,26.9,1123.28,Carbon Steel,China,36,catalog_14.pdf,0.98,Needs Review
PROD-00190,Control Panel Model 1189,Control Panel,Crompton,CRO-575-0189,Industrial control panel designed for manufacturing applications.,391.53,480,4.6,380,157.32,1006.56,Stainless Steel,India,6,catalog_15.pdf,0.9,Verified
PROD-00191,Generator Model 1190,Generator,Schneider Electric,SCH-616-0190,Industrial generator designed for manufacturing applications.,11779.19,69,4.5,220,24.21,109.0,Cast Iron,China,36,catalog_16.pdf,0.91,Verified
PROD-00192,Control Panel Model 1191,Control Panel,Schneider Electric,SCH-283-0191,Industrial control panel designed for manufacturing applications.,14386.27,104,3.4,380,24.19,493.45,Alloy Steel,Switzerland,12,catalog_17.pdf,0.86,Verified
PROD-00193,Conveyor System Model 1192,Conveyor System,Honeywell,HON-119-0192,Industrial conveyor system designed for manufacturing applications.,7774.75,78,4.2,230,182.18,1664.54,Cast Iron,India,24,catalog_18.pdf,0.98,Needs Review
PROD-00194,Industrial Pump Model 1193,Industrial Pump,ABB,ABB-657-0193,Industrial industrial pump designed for manufacturing applications.,8123.09,196,3.1,480,81.37,638.93,Alloy Steel,Japan,6,catalog_19.pdf,0.9,Needs Review
PROD-00195,Gearbox Model 1194,Gearbox,Siemens,SIE-623-0194,Industrial gearbox designed for manufacturing applications.,24038.7,175,4.0,400,244.37,1191.65,Alloy Steel,Germany,18,catalog_20.pdf,0.96,Verified
PROD-00196,Conveyor System Model 1195,Conveyor System,Bosch Rexroth,BOS-681-0195,Industrial conveyor system designed for manufacturing applications.,22319.84,277,3.0,480,9.82,1799.09,Cast Iron,Switzerland,24,catalog_21.pdf,0.9,Verified
PROD-00197,Hydraulic Valve Model 1196,Hydraulic Valve,Rockwell Automation,ROC-628-0196,Industrial hydraulic valve designed for manufacturing applications.,21267.18,381,4.8,230,111.55,475.0,Aluminum,India,6,catalog_22.pdf,0.91,Needs Review
PROD-00198,Generator Model 1197,Generator,Schneider Electric,SCH-982-0197,Industrial generator designed for manufacturing applications.,10298.79,191,5.0,230,28.73,1037.79,Carbon Steel,Germany,18,catalog_23.pdf,0.78,Verified
PROD-00199,Electric Motor Model 1198,Electric Motor,Atlas Copco,ATL-246-0198,Industrial electric motor designed for manufacturing applications.,589.04,27,3.4,415,88.17,1254.2,Stainless Steel,USA,18,catalog_24.pdf,0.79,Needs Review
PROD-00200,Gearbox Model 1199,Gearbox,Crompton,CRO-765-0199,Industrial gearbox designed for manufacturing applications.,2235.5,395,3.4,440,249.56,298.0,Stainless Steel,Italy,18,catalog_25.pdf,0.93,Verified
PROD-00201,Gearbox Model 1200,Gearbox,ABB,ABB-403-0200,Industrial gearbox designed for manufacturing applications.,7976.86,432,4.5,220,222.27,269.31,Stainless Steel,South Korea,18,catalog_01.pdf,0.79,Verified
PROD-00202,Industrial Pump Model 1201,Industrial Pump,Schneider Electric,SCH-719-0201,Industrial industrial pump designed for manufacturing applications.,639.64,185,3.5,110,12.56,822.44,Cast Iron,South Korea,6,catalog_02.pdf,0.86,Needs Review
PROD-00203,Industrial Fan Model 1202,Industrial Fan,ABB,ABB-847-0202,Industrial industrial fan designed for manufacturing applications.,674.46,331,4.8,230,141.03,695.69,Cast Iron,Switzerland,12,catalog_03.pdf,0.77,Needs Review
PROD-00204,Gearbox Model 1203,Gearbox,ABB,ABB-919-0203,Industrial gearbox designed for manufacturing applications.,22935.93,112,4.1,380,162.13,1286.16,Aluminum,USA,36,catalog_04.pdf,0.94,Needs Review
PROD-00205,Air Compressor Model 1204,Air Compressor,Schneider Electric,SCH-963-0204,Industrial air compressor designed for manufacturing applications.,17727.42,339,3.7,110,52.78,126.98,Stainless Steel,India,36,catalog_05.pdf,0.73,Verified
PROD-00206,Generator Model 1205,Generator,Kirloskar,KIR-681-0205,Industrial generator designed for manufacturing applications.,7896.66,166,4.7,380,36.7,1749.96,Aluminum,South Korea,36,catalog_06.pdf,0.94,Verified
PROD-00207,Generator Model 1206,Generator,WEG,WEG-794-0206,Industrial generator designed for manufacturing applications.,3532.95,306,4.0,480,226.14,27.67,Stainless Steel,China,12,catalog_07.pdf,0.87,Needs Review
PROD-00208,Air Compressor Model 1207,Air Compressor,Atlas Copco,ATL-861-0207,Industrial air compressor designed for manufacturing applications.,12912.98,497,4.8,380,242.22,1083.17,Cast Iron,USA,18,catalog_08.pdf,0.75,Verified
PROD-00209,Welding Machine Model 1208,Welding Machine,Bosch Rexroth,BOS-327-0208,Industrial welding machine designed for manufacturing applications.,382.32,456,4.9,110,247.98,1013.61,Carbon Steel,Japan,18,catalog_09.pdf,0.86,Verified
PROD-00210,Air Compressor Model 1209,Air Compressor,Bosch Rexroth,BOS-201-0209,Industrial air compressor designed for manufacturing applications.,23475.74,210,3.3,110,197.55,244.22,Carbon Steel,Germany,24,catalog_10.pdf,0.78,Needs Review
PROD-00211,Air Compressor Model 1210,Air Compressor,Atlas Copco,ATL-686-0210,Industrial air compressor designed for manufacturing applications.,10516.67,82,3.0,440,166.04,273.35,Carbon Steel,China,36,catalog_11.pdf,0.79,Verified
PROD-00212,Generator Model 1211,Generator,Kirloskar,KIR-516-0211,Industrial generator designed for manufacturing applications.,10207.79,20,5.0,380,86.76,1427.23,Carbon Steel,South Korea,36,catalog_12.pdf,0.8,Verified
PROD-00213,Control Panel Model 1212,Control Panel,Bosch Rexroth,BOS-315-0212,Industrial control panel designed for manufacturing applications.,9917.19,331,4.8,220,43.26,1597.84,Alloy Steel,China,18,catalog_13.pdf,0.72,Needs Review
PROD-00214,Generator Model 1213,Generator,ABB,ABB-506-0213,Industrial generator designed for manufacturing applications.,1965.88,100,3.1,440,20.21,510.86,Stainless Steel,India,36,catalog_14.pdf,0.99,Needs Review
PROD-00215,Industrial Fan Model 1214,Industrial Fan,Honeywell,HON-498-0214,Industrial industrial fan designed for manufacturing applications.,16048.48,151,4.7,400,173.48,789.46,Carbon Steel,Japan,18,catalog_15.pdf,0.71,Verified
PROD-00216,Industrial Pump Model 1215,Industrial Pump,Crompton,CRO-814-0215,Industrial industrial pump designed for manufacturing applications.,18391.84,6,3.9,415,196.29,640.28,Alloy Steel,Germany,18,catalog_16.pdf,0.89,Verified
PROD-00217,Conveyor System Model 1216,Conveyor System,Siemens,SIE-803-0216,Industrial conveyor system designed for manufacturing applications.,16984.1,14,3.5,400,206.7,132.44,Alloy Steel,Japan,18,catalog_17.pdf,0.81,Needs Review
PROD-00218,Control Panel Model 1217,Control Panel,Bosch Rexroth,BOS-860-0217,Industrial control panel designed for manufacturing applications.,3676.28,438,4.8,220,228.48,1212.42,Alloy Steel,USA,6,catalog_18.pdf,0.89,Needs Review
PROD-00219,Electric Motor Model 1218,Electric Motor,Atlas Copco,ATL-598-0218,Industrial electric motor designed for manufacturing applications.,14576.29,129,3.4,440,220.04,1485.7,Aluminum,India,6,catalog_19.pdf,0.8,Needs Review
PROD-00220,Conveyor System Model 1219,Conveyor System,Honeywell,HON-853-0219,Industrial conveyor system designed for manufacturing applications.,14344.74,85,4.9,415,249.94,550.17,Aluminum,China,6,catalog_20.pdf,0.9,Verified
PROD-00221,Industrial Pump Model 1220,Industrial Pump,Schneider Electric,SCH-564-0220,Industrial industrial pump designed for manufacturing applications.,21743.17,489,3.4,440,61.39,1782.34,Alloy Steel,China,6,catalog_21.pdf,0.91,Verified
PROD-00222,Industrial Fan Model 1221,Industrial Fan,WEG,WEG-790-0221,Industrial industrial fan designed for manufacturing applications.,9633.41,144,4.2,110,190.95,138.38,Carbon Steel,USA,12,catalog_22.pdf,0.9,Verified
PROD-00223,Industrial Fan Model 1222,Industrial Fan,Atlas Copco,ATL-830-0222,Industrial industrial fan designed for manufacturing applications.,9444.28,330,3.4,415,146.82,1191.9,Stainless Steel,China,24,catalog_23.pdf,0.73,Needs Review
PROD-00224,Electric Motor Model 1223,Electric Motor,ABB,ABB-181-0223,Industrial electric motor designed for manufacturing applications.,15558.54,154,4.1,480,65.68,807.91,Cast Iron,Italy,24,catalog_24.pdf,0.89,Needs Review
PROD-00225,Control Panel Model 1224,Control Panel,WEG,WEG-703-0224,Industrial control panel designed for manufacturing applications.,15918.55,292,4.4,380,245.49,804.99,Aluminum,India,18,catalog_25.pdf,0.78,Verified
PROD-00226,Welding Machine Model 1225,Welding Machine,Crompton,CRO-786-0225,Industrial welding machine designed for manufacturing applications.,11864.81,365,3.4,400,224.53,824.85,Carbon Steel,USA,36,catalog_01.pdf,0.71,Verified
PROD-00227,Air Compressor Model 1226,Air Compressor,Crompton,CRO-850-0226,Industrial air compressor designed for manufacturing applications.,11215.72,344,4.0,415,32.56,467.11,Carbon Steel,India,6,catalog_02.pdf,0.82,Verified
PROD-00228,Control Panel Model 1227,Control Panel,Kirloskar,KIR-871-0227,Industrial control panel designed for manufacturing applications.,12480.15,133,3.9,380,7.03,1288.58,Cast Iron,Germany,24,catalog_03.pdf,0.83,Needs Review
PROD-00229,Welding Machine Model 1228,Welding Machine,Rockwell Automation,ROC-464-0228,Industrial welding machine designed for manufacturing applications.,21560.87,442,3.1,440,172.24,1299.39,Cast Iron,India,24,catalog_04.pdf,0.84,Needs Review
PROD-00230,Industrial Fan Model 1229,Industrial Fan,Kirloskar,KIR-262-0229,Industrial industrial fan designed for manufacturing applications.,11663.88,243,4.6,220,151.23,509.75,Carbon Steel,India,6,catalog_05.pdf,0.9,Verified
PROD-00231,Generator Model 1230,Generator,Honeywell,HON-147-0230,Industrial generator designed for manufacturing applications.,23513.31,62,3.7,415,233.99,1503.88,Cast Iron,Germany,12,catalog_06.pdf,0.79,Verified
PROD-00232,Industrial Pump Model 1231,Industrial Pump,WEG,WEG-610-0231,Industrial industrial pump designed for manufacturing applications.,12724.09,202,4.1,380,58.88,571.69,Carbon Steel,USA,12,catalog_07.pdf,0.79,Verified
PROD-00233,Electric Motor Model 1232,Electric Motor,Rockwell Automation,ROC-428-0232,Industrial electric motor designed for manufacturing applications.,23742.72,215,4.0,440,21.55,1305.72,Cast Iron,India,24,catalog_08.pdf,0.72,Verified
PROD-00234,Industrial Pump Model 1233,Industrial Pump,Schneider Electric,SCH-939-0233,Industrial industrial pump designed for manufacturing applications.,20862.59,406,4.0,440,65.17,219.56,Cast Iron,Japan,12,catalog_09.pdf,0.9,Needs Review
PROD-00235,Hydraulic Valve Model 1234,Hydraulic Valve,ABB,ABB-215-0234,Industrial hydraulic valve designed for manufacturing applications.,9220.18,394,3.2,440,5.22,305.33,Carbon Steel,India,6,catalog_10.pdf,0.86,Needs Review
PROD-00236,Hydraulic Valve Model 1235,Hydraulic Valve,WEG,WEG-948-0235,Industrial hydraulic valve designed for manufacturing applications.,21625.13,49,3.8,220,9.46,569.8,Alloy Steel,USA,24,catalog_11.pdf,0.8,Verified
PROD-00237,Control Panel Model 1236,Control Panel,Kirloskar,KIR-436-0236,Industrial control panel designed for manufacturing applications.,2974.07,101,3.9,110,228.76,1069.79,Carbon Steel,Switzerland,6,catalog_12.pdf,0.9,Verified
PROD-00238,Industrial Fan Model 1237,Industrial Fan,Siemens,SIE-980-0237,Industrial industrial fan designed for manufacturing applications.,23144.92,283,4.5,220,88.33,1162.63,Stainless Steel,China,12,catalog_13.pdf,0.86,Needs Review
PROD-00239,Industrial Fan Model 1238,Industrial Fan,Rockwell Automation,ROC-836-0238,Industrial industrial fan designed for manufacturing applications.,15883.18,27,4.7,220,103.0,714.65,Cast Iron,South Korea,6,catalog_14.pdf,0.84,Verified
PROD-00240,Air Compressor Model 1239,Air Compressor,Rockwell Automation,ROC-963-0239,Industrial air compressor designed for manufacturing applications.,1596.17,414,4.1,480,5.08,141.95,Aluminum,Germany,12,catalog_15.pdf,0.85,Verified
PROD-00241,Air Compressor Model 1240,Air Compressor,ABB,ABB-939-0240,Industrial air compressor designed for manufacturing applications.,16195.35,465,3.2,400,68.0,673.8,Cast Iron,China,12,catalog_16.pdf,0.88,Needs Review
PROD-00242,Air Compressor Model 1241,Air Compressor,Bosch Rexroth,BOS-246-0241,Industrial air compressor designed for manufacturing applications.,24362.63,395,3.5,440,201.28,1240.4,Stainless Steel,USA,6,catalog_17.pdf,0.89,Needs Review
PROD-00243,Generator Model 1242,Generator,Crompton,CRO-674-0242,Industrial generator designed for manufacturing applications.,1977.57,339,3.3,380,154.06,1208.45,Aluminum,Italy,12,catalog_18.pdf,0.78,Needs Review
PROD-00244,Conveyor System Model 1243,Conveyor System,Crompton,CRO-905-0243,Industrial conveyor system designed for manufacturing applications.,13978.52,48,3.2,415,188.57,290.03,Aluminum,South Korea,18,catalog_19.pdf,0.74,Verified
PROD-00245,Gearbox Model 1244,Gearbox,Siemens,SIE-422-0244,Industrial gearbox designed for manufacturing applications.,18757.91,31,3.7,400,112.08,16.0,Carbon Steel,China,6,catalog_20.pdf,0.75,Verified
PROD-00246,Conveyor System Model 1245,Conveyor System,Honeywell,HON-542-0245,Industrial conveyor system designed for manufacturing applications.,20303.9,286,3.5,440,77.78,1355.86,Alloy Steel,India,18,catalog_21.pdf,0.89,Verified
PROD-00247,Industrial Pump Model 1246,Industrial Pump,Honeywell,HON-936-0246,Industrial industrial pump designed for manufacturing applications.,10492.23,101,3.4,230,120.96,193.25,Carbon Steel,South Korea,6,catalog_22.pdf,0.95,Verified
PROD-00248,Conveyor System Model 1247,Conveyor System,Schneider Electric,SCH-112-0247,Industrial conveyor system designed for manufacturing applications.,5303.12,467,3.1,220,81.11,150.06,Aluminum,India,12,catalog_23.pdf,0.82,Needs Review
PROD-00249,Generator Model 1248,Generator,WEG,WEG-593-0248,Industrial generator designed for manufacturing applications.,1297.97,40,3.0,230,209.82,6.86,Aluminum,Germany,12,catalog_24.pdf,0.75,Verified
PROD-00250,Industrial Pump Model 1249,Industrial Pump,Atlas Copco,ATL-800-0249,Industrial industrial pump designed for manufacturing applications.,14598.22,113,3.2,440,74.77,779.82,Alloy Steel,India,24,catalog_25.pdf,0.92,Needs Review
PROD-00251,Conveyor System Model 1250,Conveyor System,Bosch Rexroth,BOS-386-0250,Industrial conveyor system designed for manufacturing applications.,11459.55,59,3.3,400,165.11,906.87,Cast Iron,South Korea,24,catalog_01.pdf,0.94,Verified
PROD-00252,Generator Model 1251,Generator,Kirloskar,KIR-819-0251,Industrial generator designed for manufacturing applications.,23731.42,196,3.9,380,34.68,1148.52,Alloy Steel,Japan,18,catalog_02.pdf,0.96,Verified
PROD-00253,Gearbox Model 1252,Gearbox,Atlas Copco,ATL-213-0252,Industrial gearbox designed for manufacturing applications.,1749.97,223,4.0,400,171.87,534.32,Carbon Steel,Japan,12,catalog_03.pdf,0.88,Needs Review
PROD-00254,Conveyor System Model 1253,Conveyor System,Atlas Copco,ATL-579-0253,Industrial conveyor system designed for manufacturing applications.,17213.53,189,3.3,480,228.37,1279.34,Cast Iron,Switzerland,24,catalog_04.pdf,0.95,Verified
PROD-00255,Generator Model 1254,Generator,Rockwell Automation,ROC-121-0254,Industrial generator designed for manufacturing applications.,867.91,73,3.8,380,152.34,306.46,Carbon Steel,China,12,catalog_05.pdf,0.7,Verified
PROD-00256,Air Compressor Model 1255,Air Compressor,Siemens,SIE-448-0255,Industrial air compressor designed for manufacturing applications.,4493.0,321,3.7,380,140.18,1497.92,Alloy Steel,USA,6,catalog_06.pdf,0.73,Verified
PROD-00257,Industrial Fan Model 1256,Industrial Fan,Crompton,CRO-825-0256,Industrial industrial fan designed for manufacturing applications.,11476.08,134,3.4,440,240.3,1030.18,Cast Iron,Switzerland,24,catalog_07.pdf,0.73,Verified
PROD-00258,Air Compressor Model 1257,Air Compressor,Schneider Electric,SCH-782-0257,Industrial air compressor designed for manufacturing applications.,11508.09,59,3.0,110,157.04,1051.83,Alloy Steel,Germany,18,catalog_08.pdf,0.91,Verified
PROD-00259,Industrial Fan Model 1258,Industrial Fan,Honeywell,HON-934-0258,Industrial industrial fan designed for manufacturing applications.,17221.09,382,3.9,440,65.26,379.18,Stainless Steel,Italy,24,catalog_09.pdf,0.72,Verified
PROD-00260,Electric Motor Model 1259,Electric Motor,Siemens,SIE-665-0259,Industrial electric motor designed for manufacturing applications.,22777.77,101,4.4,220,73.45,135.25,Aluminum,Switzerland,12,catalog_10.pdf,0.84,Needs Review
PROD-00261,Electric Motor Model 1260,Electric Motor,Rockwell Automation,ROC-909-0260,Industrial electric motor designed for manufacturing applications.,16066.05,340,3.5,400,176.47,837.58,Cast Iron,China,36,catalog_11.pdf,0.84,Needs Review
PROD-00262,Electric Motor Model 1261,Electric Motor,Kirloskar,KIR-419-0261,Industrial electric motor designed for manufacturing applications.,23849.99,91,3.3,380,183.99,1108.87,Aluminum,USA,36,catalog_12.pdf,0.79,Verified
PROD-00263,Gearbox Model 1262,Gearbox,Schneider Electric,SCH-225-0262,Industrial gearbox designed for manufacturing applications.,22069.99,298,4.8,440,76.22,172.89,Stainless Steel,Germany,12,catalog_13.pdf,0.95,Verified
PROD-00264,Air Compressor Model 1263,Air Compressor,Rockwell Automation,ROC-376-0263,Industrial air compressor designed for manufacturing applications.,14716.37,123,3.6,440,86.66,1711.06,Cast Iron,South Korea,6,catalog_14.pdf,0.75,Verified
PROD-00265,Industrial Fan Model 1264,Industrial Fan,Crompton,CRO-303-0264,Industrial industrial fan designed for manufacturing applications.,20886.35,212,3.4,400,247.77,1764.79,Aluminum,Germany,24,catalog_15.pdf,0.8,Verified
PROD-00266,Generator Model 1265,Generator,Crompton,CRO-293-0265,Industrial generator designed for manufacturing applications.,16153.8,338,4.7,400,25.94,982.73,Aluminum,South Korea,36,catalog_16.pdf,0.92,Verified
PROD-00267,Industrial Pump Model 1266,Industrial Pump,Crompton,CRO-780-0266,Industrial industrial pump designed for manufacturing applications.,2194.31,417,4.6,480,101.46,1710.22,Cast Iron,China,6,catalog_17.pdf,0.71,Needs Review
PROD-00268,Generator Model 1267,Generator,Siemens,SIE-763-0267,Industrial generator designed for manufacturing applications.,18578.98,158,3.9,380,16.08,324.64,Aluminum,USA,12,catalog_18.pdf,0.9,Verified
PROD-00269,Industrial Pump Model 1268,Industrial Pump,Siemens,SIE-646-0268,Industrial industrial pump designed for manufacturing applications.,2598.98,39,4.0,415,205.36,47.71,Aluminum,Switzerland,6,catalog_19.pdf,0.94,Needs Review
PROD-00270,Hydraulic Valve Model 1269,Hydraulic Valve,Honeywell,HON-795-0269,Industrial hydraulic valve designed for manufacturing applications.,14953.55,83,3.4,480,23.54,72.86,Cast Iron,USA,12,catalog_20.pdf,0.97,Needs Review
PROD-00271,Generator Model 1270,Generator,Honeywell,HON-385-0270,Industrial generator designed for manufacturing applications.,17640.35,71,3.2,230,168.66,1058.35,Aluminum,India,24,catalog_21.pdf,0.95,Needs Review
PROD-00272,Conveyor System Model 1271,Conveyor System,Kirloskar,KIR-156-0271,Industrial conveyor system designed for manufacturing applications.,1896.56,347,4.1,220,14.59,112.83,Aluminum,Italy,6,catalog_22.pdf,0.79,Verified
PROD-00273,Conveyor System Model 1272,Conveyor System,Schneider Electric,SCH-833-0272,Industrial conveyor system designed for manufacturing applications.,5962.17,417,3.2,220,168.38,1725.47,Carbon Steel,Japan,24,catalog_23.pdf,0.87,Verified
PROD-00274,Control Panel Model 1273,Control Panel,ABB,ABB-402-0273,Industrial control panel designed for manufacturing applications.,22912.89,38,3.9,415,210.84,257.2,Carbon Steel,India,6,catalog_24.pdf,0.72,Needs Review
PROD-00275,Air Compressor Model 1274,Air Compressor,ABB,ABB-262-0274,Industrial air compressor designed for manufacturing applications.,15503.78,101,4.9,110,100.01,549.89,Stainless Steel,Germany,12,catalog_25.pdf,0.77,Verified
PROD-00276,Industrial Pump Model 1275,Industrial Pump,Rockwell Automation,ROC-118-0275,Industrial industrial pump designed for manufacturing applications.,6345.58,173,4.9,480,130.77,1480.89,Carbon Steel,Italy,12,catalog_01.pdf,0.73,Needs Review
PROD-00277,Industrial Pump Model 1276,Industrial Pump,Crompton,CRO-469-0276,Industrial industrial pump designed for manufacturing applications.,17344.32,173,3.5,415,100.68,395.3,Carbon Steel,Italy,6,catalog_02.pdf,0.79,Verified
PROD-00278,Air Compressor Model 1277,Air Compressor,Schneider Electric,SCH-363-0277,Industrial air compressor designed for manufacturing applications.,15020.22,155,4.2,110,75.47,438.86,Stainless Steel,USA,12,catalog_03.pdf,0.95,Verified
PROD-00279,Gearbox Model 1278,Gearbox,Atlas Copco,ATL-893-0278,Industrial gearbox designed for manufacturing applications.,12664.0,75,3.9,110,200.91,1156.87,Aluminum,Italy,18,catalog_04.pdf,0.8,Needs Review
PROD-00280,Control Panel Model 1279,Control Panel,Siemens,SIE-212-0279,Industrial control panel designed for manufacturing applications.,24410.63,7,4.8,415,68.36,498.4,Aluminum,China,18,catalog_05.pdf,0.86,Needs Review
PROD-00281,Gearbox Model 1280,Gearbox,WEG,WEG-587-0280,Industrial gearbox designed for manufacturing applications.,17165.48,318,3.5,220,180.87,392.97,Carbon Steel,Italy,24,catalog_06.pdf,0.83,Needs Review
PROD-00282,Gearbox Model 1281,Gearbox,Bosch Rexroth,BOS-426-0281,Industrial gearbox designed for manufacturing applications.,9542.17,36,3.0,230,51.95,459.01,Stainless Steel,Germany,18,catalog_07.pdf,0.83,Needs Review
PROD-00283,Gearbox Model 1282,Gearbox,Kirloskar,KIR-641-0282,Industrial gearbox designed for manufacturing applications.,20051.82,291,3.3,220,62.84,884.18,Aluminum,China,18,catalog_08.pdf,0.98,Verified
PROD-00284,Air Compressor Model 1283,Air Compressor,Crompton,CRO-746-0283,Industrial air compressor designed for manufacturing applications.,22143.44,86,3.7,440,84.45,1739.05,Alloy Steel,China,36,catalog_09.pdf,0.79,Verified
PROD-00285,Gearbox Model 1284,Gearbox,Crompton,CRO-678-0284,Industrial gearbox designed for manufacturing applications.,3349.21,47,3.6,220,147.49,1498.36,Cast Iron,India,36,catalog_10.pdf,0.88,Needs Review
PROD-00286,Conveyor System Model 1285,Conveyor System,Crompton,CRO-164-0285,Industrial conveyor system designed for manufacturing applications.,5213.69,395,4.6,220,113.88,513.73,Cast Iron,Italy,36,catalog_11.pdf,0.82,Verified
PROD-00287,Electric Motor Model 1286,Electric Motor,Siemens,SIE-391-0286,Industrial electric motor designed for manufacturing applications.,5601.62,109,4.4,480,186.41,655.35,Cast Iron,USA,36,catalog_12.pdf,0.72,Needs Review
PROD-00288,Hydraulic Valve Model 1287,Hydraulic Valve,Siemens,SIE-124-0287,Industrial hydraulic valve designed for manufacturing applications.,17357.49,5,3.6,415,53.79,837.19,Carbon Steel,South Korea,12,catalog_13.pdf,0.84,Verified
PROD-00289,Industrial Pump Model 1288,Industrial Pump,Bosch Rexroth,BOS-648-0288,Industrial industrial pump designed for manufacturing applications.,15175.23,65,3.9,415,3.16,1762.12,Cast Iron,India,24,catalog_14.pdf,0.94,Verified
PROD-00290,Industrial Pump Model 1289,Industrial Pump,Atlas Copco,ATL-100-0289,Industrial industrial pump designed for manufacturing applications.,15570.04,274,3.2,440,194.25,311.96,Cast Iron,USA,24,catalog_15.pdf,0.73,Verified
PROD-00291,Hydraulic Valve Model 1290,Hydraulic Valve,Schneider Electric,SCH-648-0290,Industrial hydraulic valve designed for manufacturing applications.,23534.14,184,4.8,440,205.5,644.75,Alloy Steel,Italy,18,catalog_16.pdf,0.72,Verified
PROD-00292,Air Compressor Model 1291,Air Compressor,Crompton,CRO-240-0291,Industrial air compressor designed for manufacturing applications.,19453.81,228,4.9,480,15.34,1313.51,Aluminum,India,24,catalog_17.pdf,0.74,Needs Review
PROD-00293,Generator Model 1292,Generator,ABB,ABB-843-0292,Industrial generator designed for manufacturing applications.,3416.44,10,5.0,415,152.92,1735.17,Alloy Steel,Italy,18,catalog_18.pdf,0.92,Needs Review
PROD-00294,Air Compressor Model 1293,Air Compressor,Honeywell,HON-747-0293,Industrial air compressor designed for manufacturing applications.,8850.8,107,4.7,220,94.86,281.9,Carbon Steel,Germany,24,catalog_19.pdf,0.91,Verified
PROD-00295,Industrial Pump Model 1294,Industrial Pump,ABB,ABB-287-0294,Industrial industrial pump designed for manufacturing applications.,11025.99,14,3.3,230,198.58,410.83,Cast Iron,India,6,catalog_20.pdf,0.86,Verified
PROD-00296,Industrial Pump Model 1295,Industrial Pump,Rockwell Automation,ROC-227-0295,Industrial industrial pump designed for manufacturing applications.,10050.05,75,3.1,110,218.67,407.8,Aluminum,USA,6,catalog_21.pdf,0.84,Verified
PROD-00297,Hydraulic Valve Model 1296,Hydraulic Valve,ABB,ABB-300-0296,Industrial hydraulic valve designed for manufacturing applications.,16815.39,94,4.2,400,212.83,39.64,Cast Iron,Germany,24,catalog_22.pdf,0.96,Verified
PROD-00298,Gearbox Model 1297,Gearbox,Rockwell Automation,ROC-226-0297,Industrial gearbox designed for manufacturing applications.,22324.35,230,4.8,110,194.41,1088.2,Cast Iron,Japan,12,catalog_23.pdf,0.92,Verified
PROD-00299,Air Compressor Model 1298,Air Compressor,WEG,WEG-356-0298,Industrial air compressor designed for manufacturing applications.,7824.77,162,3.4,440,67.63,1207.92,Carbon Steel,USA,18,catalog_24.pdf,0.94,Verified
PROD-00300,Industrial Fan Model 1299,Industrial Fan,Honeywell,HON-775-0299,Industrial industrial fan designed for manufacturing applications.,13908.96,232,3.0,440,203.07,1085.34,Cast Iron,South Korea,24,catalog_25.pdf,0.94,Verified
PROD-00301,Hydraulic Valve Model 1300,Hydraulic Valve,ABB,ABB-646-0300,Industrial hydraulic valve designed for manufacturing applications.,19787.88,409,4.6,110,133.6,130.24,Stainless Steel,Switzerland,18,catalog_01.pdf,0.89,Verified
PROD-00302,Conveyor System Model 1301,Conveyor System,WEG,WEG-293-0301,Industrial conveyor system designed for manufacturing applications.,10551.4,130,3.2,400,13.66,126.48,Aluminum,Italy,36,catalog_02.pdf,0.83,Verified
PROD-00303,Industrial Pump Model 1302,Industrial Pump,Kirloskar,KIR-802-0302,Industrial industrial pump designed for manufacturing applications.,4410.92,448,3.8,220,114.51,380.28,Aluminum,USA,24,catalog_03.pdf,0.95,Verified
PROD-00304,Hydraulic Valve Model 1303,Hydraulic Valve,Schneider Electric,SCH-203-0303,Industrial hydraulic valve designed for manufacturing applications.,12005.04,213,4.4,230,235.57,523.95,Stainless Steel,Japan,12,catalog_04.pdf,0.97,Verified
PROD-00305,Air Compressor Model 1304,Air Compressor,WEG,WEG-634-0304,Industrial air compressor designed for manufacturing applications.,1616.76,101,3.5,230,222.02,1416.21,Carbon Steel,USA,36,catalog_05.pdf,0.71,Verified
PROD-00306,Industrial Pump Model 1305,Industrial Pump,Schneider Electric,SCH-364-0305,Industrial industrial pump designed for manufacturing applications.,23573.99,78,3.2,110,26.01,288.58,Cast Iron,Germany,24,catalog_06.pdf,0.71,Verified
PROD-00307,Generator Model 1306,Generator,ABB,ABB-901-0306,Industrial generator designed for manufacturing applications.,2101.82,119,4.5,400,186.16,81.28,Cast Iron,China,6,catalog_07.pdf,0.98,Needs Review
PROD-00308,Hydraulic Valve Model 1307,Hydraulic Valve,Atlas Copco,ATL-483-0307,Industrial hydraulic valve designed for manufacturing applications.,11101.8,195,4.3,480,201.55,710.39,Aluminum,Switzerland,24,catalog_08.pdf,0.78,Verified
PROD-00309,Control Panel Model 1308,Control Panel,WEG,WEG-359-0308,Industrial control panel designed for manufacturing applications.,13364.56,499,5.0,440,68.21,750.67,Carbon Steel,USA,6,catalog_09.pdf,0.95,Needs Review
PROD-00310,Industrial Pump Model 1309,Industrial Pump,Honeywell,HON-513-0309,Industrial industrial pump designed for manufacturing applications.,24636.27,174,3.7,380,118.17,812.73,Carbon Steel,India,6,catalog_10.pdf,0.81,Verified
PROD-00311,Air Compressor Model 1310,Air Compressor,ABB,ABB-457-0310,Industrial air compressor designed for manufacturing applications.,4359.04,311,3.1,220,177.89,1488.77,Carbon Steel,South Korea,24,catalog_11.pdf,0.73,Needs Review
PROD-00312,Electric Motor Model 1311,Electric Motor,Crompton,CRO-174-0311,Industrial electric motor designed for manufacturing applications.,3082.18,452,4.5,480,110.04,178.21,Cast Iron,Japan,24,catalog_12.pdf,0.72,Verified
PROD-00313,Industrial Fan Model 1312,Industrial Fan,Siemens,SIE-454-0312,Industrial industrial fan designed for manufacturing applications.,465.48,208,4.0,110,28.64,1267.69,Carbon Steel,USA,6,catalog_13.pdf,0.75,Needs Review
PROD-00314,Welding Machine Model 1313,Welding Machine,WEG,WEG-683-0313,Industrial welding machine designed for manufacturing applications.,4100.39,60,3.4,230,176.62,609.63,Stainless Steel,Japan,18,catalog_14.pdf,0.77,Verified
PROD-00315,Gearbox Model 1314,Gearbox,Honeywell,HON-870-0314,Industrial gearbox designed for manufacturing applications.,5380.01,212,4.6,440,227.95,559.34,Alloy Steel,China,36,catalog_15.pdf,0.84,Needs Review
PROD-00316,Welding Machine Model 1315,Welding Machine,Kirloskar,KIR-287-0315,Industrial welding machine designed for manufacturing applications.,15856.88,45,3.4,480,163.29,1678.71,Carbon Steel,Germany,12,catalog_16.pdf,0.9,Verified
PROD-00317,Air Compressor Model 1316,Air Compressor,Crompton,CRO-784-0316,Industrial air compressor designed for manufacturing applications.,5687.74,36,3.5,480,193.56,448.75,Alloy Steel,India,24,catalog_17.pdf,0.99,Verified
PROD-00318,Conveyor System Model 1317,Conveyor System,Kirloskar,KIR-389-0317,Industrial conveyor system designed for manufacturing applications.,757.89,19,3.2,415,89.91,1157.27,Cast Iron,Italy,36,catalog_18.pdf,0.83,Needs Review
PROD-00319,Conveyor System Model 1318,Conveyor System,ABB,ABB-144-0318,Industrial conveyor system designed for manufacturing applications.,20708.8,66,3.8,415,46.21,496.68,Carbon Steel,USA,36,catalog_19.pdf,0.85,Verified
PROD-00320,Electric Motor Model 1319,Electric Motor,Siemens,SIE-672-0319,Industrial electric motor designed for manufacturing applications.,9298.49,159,3.8,400,160.87,913.84,Aluminum,Germany,18,catalog_20.pdf,0.85,Needs Review
PROD-00321,Gearbox Model 1320,Gearbox,WEG,WEG-182-0320,Industrial gearbox designed for manufacturing applications.,9003.99,288,4.0,400,82.28,1415.75,Cast Iron,Switzerland,36,catalog_21.pdf,0.86,Verified
PROD-00322,Control Panel Model 1321,Control Panel,WEG,WEG-222-0321,Industrial control panel designed for manufacturing applications.,7736.36,213,4.4,110,215.09,1587.34,Stainless Steel,Japan,24,catalog_22.pdf,0.85,Verified
PROD-00323,Electric Motor Model 1322,Electric Motor,Atlas Copco,ATL-457-0322,Industrial electric motor designed for manufacturing applications.,24390.49,324,4.8,480,31.1,1509.98,Stainless Steel,China,36,catalog_23.pdf,0.7,Needs Review
PROD-00324,Welding Machine Model 1323,Welding Machine,Atlas Copco,ATL-627-0323,Industrial welding machine designed for manufacturing applications.,4460.36,498,3.3,380,108.65,1048.76,Alloy Steel,South Korea,24,catalog_24.pdf,0.7,Verified
PROD-00325,Electric Motor Model 1324,Electric Motor,ABB,ABB-165-0324,Industrial electric motor designed for manufacturing applications.,22481.39,191,3.1,230,99.48,449.37,Alloy Steel,Japan,24,catalog_25.pdf,0.73,Verified
PROD-00326,Welding Machine Model 1325,Welding Machine,ABB,ABB-756-0325,Industrial welding machine designed for manufacturing applications.,19475.88,446,3.0,110,234.54,1190.9,Aluminum,South Korea,6,catalog_01.pdf,0.73,Needs Review
PROD-00327,Industrial Pump Model 1326,Industrial Pump,Siemens,SIE-474-0326,Industrial industrial pump designed for manufacturing applications.,2142.88,134,3.3,380,38.71,1278.41,Aluminum,China,18,catalog_02.pdf,0.9,Needs Review
PROD-00328,Conveyor System Model 1327,Conveyor System,Atlas Copco,ATL-261-0327,Industrial conveyor system designed for manufacturing applications.,24671.55,131,4.3,440,2.96,21.22,Stainless Steel,South Korea,12,catalog_03.pdf,0.76,Needs Review
PROD-00329,Industrial Pump Model 1328,Industrial Pump,Honeywell,HON-845-0328,Industrial industrial pump designed for manufacturing applications.,6966.31,296,4.5,400,59.9,791.7,Carbon Steel,China,6,catalog_04.pdf,0.96,Verified
PROD-00330,Industrial Fan Model 1329,Industrial Fan,Honeywell,HON-479-0329,Industrial industrial fan designed for manufacturing applications.,2689.93,118,4.6,415,205.16,1518.19,Stainless Steel,Germany,12,catalog_05.pdf,0.97,Verified
PROD-00331,Gearbox Model 1330,Gearbox,Siemens,SIE-755-0330,Industrial gearbox designed for manufacturing applications.,20775.53,203,3.5,220,52.73,882.28,Stainless Steel,USA,24,catalog_06.pdf,0.98,Verified
PROD-00332,Control Panel Model 1331,Control Panel,Honeywell,HON-457-0331,Industrial control panel designed for manufacturing applications.,17740.22,17,3.6,480,60.6,561.85,Aluminum,Italy,6,catalog_07.pdf,0.97,Verified
PROD-00333,Welding Machine Model 1332,Welding Machine,Rockwell Automation,ROC-287-0332,Industrial welding machine designed for manufacturing applications.,15526.17,275,4.0,440,32.91,1569.49,Alloy Steel,USA,36,catalog_08.pdf,0.78,Needs Review
PROD-00334,Control Panel Model 1333,Control Panel,Schneider Electric,SCH-421-0333,Industrial control panel designed for manufacturing applications.,4110.53,93,3.1,415,179.0,282.27,Aluminum,Switzerland,36,catalog_09.pdf,0.85,Verified
PROD-00335,Welding Machine Model 1334,Welding Machine,Siemens,SIE-549-0334,Industrial welding machine designed for manufacturing applications.,12092.78,219,4.2,230,17.76,373.19,Aluminum,Switzerland,12,catalog_10.pdf,0.75,Verified
PROD-00336,Air Compressor Model 1335,Air Compressor,Siemens,SIE-573-0335,Industrial air compressor designed for manufacturing applications.,19568.76,448,5.0,230,83.14,1237.9,Aluminum,India,24,catalog_11.pdf,0.93,Verified
PROD-00337,Electric Motor Model 1336,Electric Motor,Bosch Rexroth,BOS-112-0336,Industrial electric motor designed for manufacturing applications.,7764.69,282,3.7,415,70.98,635.68,Stainless Steel,USA,12,catalog_12.pdf,0.96,Needs Review
PROD-00338,Industrial Fan Model 1337,Industrial Fan,Crompton,CRO-283-0337,Industrial industrial fan designed for manufacturing applications.,7964.32,451,4.5,440,139.01,1284.0,Carbon Steel,China,18,catalog_13.pdf,0.95,Needs Review
PROD-00339,Conveyor System Model 1338,Conveyor System,Crompton,CRO-210-0338,Industrial conveyor system designed for manufacturing applications.,327.74,478,4.0,415,182.74,285.55,Stainless Steel,China,36,catalog_14.pdf,0.83,Needs Review
PROD-00340,Welding Machine Model 1339,Welding Machine,Rockwell Automation,ROC-607-0339,Industrial welding machine designed for manufacturing applications.,4562.52,485,3.3,380,133.45,455.58,Cast Iron,India,6,catalog_15.pdf,0.92,Verified
PROD-00341,Control Panel Model 1340,Control Panel,Atlas Copco,ATL-389-0340,Industrial control panel designed for manufacturing applications.,21916.29,207,4.2,110,232.79,283.65,Aluminum,Japan,6,catalog_16.pdf,0.73,Needs Review
PROD-00342,Industrial Fan Model 1341,Industrial Fan,ABB,ABB-394-0341,Industrial industrial fan designed for manufacturing applications.,11183.23,78,3.6,400,237.88,1715.33,Aluminum,China,6,catalog_17.pdf,0.71,Verified
PROD-00343,Generator Model 1342,Generator,ABB,ABB-550-0342,Industrial generator designed for manufacturing applications.,24609.8,29,3.1,380,90.69,730.92,Cast Iron,India,36,catalog_18.pdf,0.92,Verified
PROD-00344,Generator Model 1343,Generator,Kirloskar,KIR-314-0343,Industrial generator designed for manufacturing applications.,10043.77,105,4.3,220,194.53,608.32,Aluminum,China,24,catalog_19.pdf,0.82,Verified
PROD-00345,Industrial Pump Model 1344,Industrial Pump,Rockwell Automation,ROC-731-0344,Industrial industrial pump designed for manufacturing applications.,17950.86,180,4.7,415,184.83,27.54,Aluminum,Italy,36,catalog_20.pdf,0.99,Verified
PROD-00346,Conveyor System Model 1345,Conveyor System,Siemens,SIE-993-0345,Industrial conveyor system designed for manufacturing applications.,7227.5,431,3.7,220,223.29,277.84,Aluminum,China,36,catalog_21.pdf,0.73,Verified
PROD-00347,Air Compressor Model 1346,Air Compressor,Rockwell Automation,ROC-666-0346,Industrial air compressor designed for manufacturing applications.,9254.29,121,3.8,220,112.26,759.2,Cast Iron,Germany,6,catalog_22.pdf,0.95,Needs Review
PROD-00348,Control Panel Model 1347,Control Panel,Rockwell Automation,ROC-126-0347,Industrial control panel designed for manufacturing applications.,4970.47,170,4.8,380,132.85,125.17,Stainless Steel,India,36,catalog_23.pdf,0.84,Verified
PROD-00349,Electric Motor Model 1348,Electric Motor,Rockwell Automation,ROC-729-0348,Industrial electric motor designed for manufacturing applications.,8839.79,45,4.6,400,104.24,920.31,Aluminum,South Korea,6,catalog_24.pdf,0.94,Verified
PROD-00350,Electric Motor Model 1349,Electric Motor,Crompton,CRO-832-0349,Industrial electric motor designed for manufacturing applications.,13794.13,433,4.4,440,212.67,820.12,Carbon Steel,Switzerland,24,catalog_25.pdf,0.94,Needs Review
PROD-00351,Control Panel Model 1350,Control Panel,Rockwell Automation,ROC-330-0350,Industrial control panel designed for manufacturing applications.,24796.38,348,3.5,230,57.81,1381.37,Cast Iron,USA,18,catalog_01.pdf,0.97,Needs Review
PROD-00352,Gearbox Model 1351,Gearbox,Schneider Electric,SCH-664-0351,Industrial gearbox designed for manufacturing applications.,16688.99,428,4.8,110,60.31,1188.33,Alloy Steel,India,6,catalog_02.pdf,0.79,Needs Review
PROD-00353,Air Compressor Model 1352,Air Compressor,ABB,ABB-906-0352,Industrial air compressor designed for manufacturing applications.,5181.34,370,3.3,480,93.46,803.81,Cast Iron,Japan,12,catalog_03.pdf,0.98,Verified
PROD-00354,Industrial Fan Model 1353,Industrial Fan,Kirloskar,KIR-420-0353,Industrial industrial fan designed for manufacturing applications.,1362.8,124,4.3,230,57.97,405.94,Stainless Steel,China,18,catalog_04.pdf,0.74,Verified
PROD-00355,Welding Machine Model 1354,Welding Machine,Schneider Electric,SCH-332-0354,Industrial welding machine designed for manufacturing applications.,3377.32,101,3.1,400,140.47,1308.9,Cast Iron,India,24,catalog_05.pdf,0.72,Verified
PROD-00356,Gearbox Model 1355,Gearbox,Kirloskar,KIR-769-0355,Industrial gearbox designed for manufacturing applications.,14173.24,149,4.3,480,34.06,1274.74,Alloy Steel,Italy,18,catalog_06.pdf,0.83,Verified
PROD-00357,Welding Machine Model 1356,Welding Machine,Bosch Rexroth,BOS-536-0356,Industrial welding machine designed for manufacturing applications.,19187.72,220,3.6,230,80.39,277.63,Carbon Steel,India,6,catalog_07.pdf,0.94,Verified
PROD-00358,Welding Machine Model 1357,Welding Machine,Kirloskar,KIR-880-0357,Industrial welding machine designed for manufacturing applications.,23525.38,233,3.9,415,228.4,1646.72,Alloy Steel,Italy,24,catalog_08.pdf,0.84,Verified
PROD-00359,Gearbox Model 1358,Gearbox,ABB,ABB-632-0358,Industrial gearbox designed for manufacturing applications.,641.62,317,3.7,415,102.6,117.8,Cast Iron,Switzerland,12,catalog_09.pdf,0.94,Verified
PROD-00360,Industrial Pump Model 1359,Industrial Pump,ABB,ABB-502-0359,Industrial industrial pump designed for manufacturing applications.,13188.31,134,3.3,380,187.18,100.96,Alloy Steel,Switzerland,6,catalog_10.pdf,0.91,Verified
PROD-00361,Generator Model 1360,Generator,Rockwell Automation,ROC-152-0360,Industrial generator designed for manufacturing applications.,11903.97,356,4.2,220,28.81,338.86,Cast Iron,China,6,catalog_11.pdf,0.76,Verified
PROD-00362,Welding Machine Model 1361,Welding Machine,WEG,WEG-886-0361,Industrial welding machine designed for manufacturing applications.,16487.36,381,4.8,480,62.27,1637.21,Carbon Steel,USA,24,catalog_12.pdf,0.98,Verified
PROD-00363,Gearbox Model 1362,Gearbox,Bosch Rexroth,BOS-412-0362,Industrial gearbox designed for manufacturing applications.,14099.58,322,4.9,400,201.93,936.96,Carbon Steel,China,24,catalog_13.pdf,0.72,Verified
PROD-00364,Gearbox Model 1363,Gearbox,Siemens,SIE-380-0363,Industrial gearbox designed for manufacturing applications.,17254.22,476,3.4,400,190.87,1418.72,Stainless Steel,Japan,18,catalog_14.pdf,0.96,Verified
PROD-00365,Hydraulic Valve Model 1364,Hydraulic Valve,Honeywell,HON-825-0364,Industrial hydraulic valve designed for manufacturing applications.,16537.54,141,4.4,230,96.85,411.66,Carbon Steel,Germany,12,catalog_15.pdf,0.79,Verified
PROD-00366,Industrial Pump Model 1365,Industrial Pump,Kirloskar,KIR-130-0365,Industrial industrial pump designed for manufacturing applications.,3146.04,328,4.3,380,238.62,883.42,Aluminum,USA,18,catalog_16.pdf,0.85,Verified
PROD-00367,Conveyor System Model 1366,Conveyor System,WEG,WEG-436-0366,Industrial conveyor system designed for manufacturing applications.,20043.02,341,3.7,230,227.71,646.2,Alloy Steel,USA,18,catalog_17.pdf,0.82,Verified
PROD-00368,Hydraulic Valve Model 1367,Hydraulic Valve,Rockwell Automation,ROC-282-0367,Industrial hydraulic valve designed for manufacturing applications.,3300.01,277,3.0,230,240.59,1490.44,Alloy Steel,Switzerland,6,catalog_18.pdf,0.75,Verified
PROD-00369,Hydraulic Valve Model 1368,Hydraulic Valve,Crompton,CRO-122-0368,Industrial hydraulic valve designed for manufacturing applications.,17538.63,121,4.4,400,107.26,42.64,Cast Iron,Germany,24,catalog_19.pdf,0.8,Needs Review
PROD-00370,Control Panel Model 1369,Control Panel,Siemens,SIE-643-0369,Industrial control panel designed for manufacturing applications.,10549.6,310,4.9,230,49.77,440.43,Carbon Steel,India,6,catalog_20.pdf,0.76,Needs Review
PROD-00371,Generator Model 1370,Generator,Atlas Copco,ATL-545-0370,Industrial generator designed for manufacturing applications.,12967.81,372,4.3,220,156.85,276.33,Stainless Steel,China,12,catalog_21.pdf,0.76,Verified
PROD-00372,Gearbox Model 1371,Gearbox,WEG,WEG-173-0371,Industrial gearbox designed for manufacturing applications.,22606.63,98,3.9,230,171.35,1546.82,Stainless Steel,India,18,catalog_22.pdf,0.75,Needs Review
PROD-00373,Generator Model 1372,Generator,Crompton,CRO-109-0372,Industrial generator designed for manufacturing applications.,22274.62,172,4.1,480,31.8,842.64,Stainless Steel,India,12,catalog_23.pdf,0.84,Verified
PROD-00374,Air Compressor Model 1373,Air Compressor,Bosch Rexroth,BOS-583-0373,Industrial air compressor designed for manufacturing applications.,20491.94,446,3.4,220,196.73,728.79,Aluminum,China,24,catalog_24.pdf,0.93,Verified
PROD-00375,Control Panel Model 1374,Control Panel,Rockwell Automation,ROC-555-0374,Industrial control panel designed for manufacturing applications.,12876.17,207,4.5,400,5.01,810.17,Carbon Steel,Japan,24,catalog_25.pdf,0.87,Needs Review
PROD-00376,Conveyor System Model 1375,Conveyor System,Siemens,SIE-665-0375,Industrial conveyor system designed for manufacturing applications.,18471.94,345,4.5,380,120.94,1749.52,Stainless Steel,USA,36,catalog_01.pdf,0.96,Verified
PROD-00377,Generator Model 1376,Generator,Siemens,SIE-663-0376,Industrial generator designed for manufacturing applications.,12944.2,153,3.3,415,83.09,1530.78,Aluminum,Italy,12,catalog_02.pdf,0.88,Needs Review
PROD-00378,Electric Motor Model 1377,Electric Motor,Siemens,SIE-759-0377,Industrial electric motor designed for manufacturing applications.,21772.75,406,4.8,480,185.21,1272.05,Alloy Steel,Germany,6,catalog_03.pdf,0.9,Verified
PROD-00379,Welding Machine Model 1378,Welding Machine,Bosch Rexroth,BOS-259-0378,Industrial welding machine designed for manufacturing applications.,10218.7,187,3.5,220,78.53,524.28,Cast Iron,USA,12,catalog_04.pdf,0.89,Verified
PROD-00380,Air Compressor Model 1379,Air Compressor,Kirloskar,KIR-981-0379,Industrial air compressor designed for manufacturing applications.,24263.32,417,5.0,380,206.79,298.98,Carbon Steel,India,18,catalog_05.pdf,0.83,Verified
PROD-00381,Industrial Pump Model 1380,Industrial Pump,Atlas Copco,ATL-113-0380,Industrial industrial pump designed for manufacturing applications.,23324.99,156,3.8,380,148.94,1658.74,Carbon Steel,Germany,24,catalog_06.pdf,0.9,Verified
PROD-00382,Conveyor System Model 1381,Conveyor System,Bosch Rexroth,BOS-277-0381,Industrial conveyor system designed for manufacturing applications.,18604.66,78,3.4,220,198.58,762.69,Alloy Steel,Italy,24,catalog_07.pdf,0.72,Verified
PROD-00383,Air Compressor Model 1382,Air Compressor,Honeywell,HON-511-0382,Industrial air compressor designed for manufacturing applications.,7165.54,369,3.7,400,247.34,503.2,Carbon Steel,USA,12,catalog_08.pdf,0.95,Verified
PROD-00384,Welding Machine Model 1383,Welding Machine,Atlas Copco,ATL-977-0383,Industrial welding machine designed for manufacturing applications.,3508.43,405,3.9,110,169.95,848.72,Carbon Steel,USA,12,catalog_09.pdf,0.93,Verified
PROD-00385,Control Panel Model 1384,Control Panel,ABB,ABB-152-0384,Industrial control panel designed for manufacturing applications.,21403.91,278,3.1,380,246.25,1652.29,Carbon Steel,Japan,12,catalog_10.pdf,0.77,Needs Review
PROD-00386,Welding Machine Model 1385,Welding Machine,Rockwell Automation,ROC-507-0385,Industrial welding machine designed for manufacturing applications.,4341.23,46,4.2,380,7.69,697.95,Carbon Steel,USA,18,catalog_11.pdf,0.92,Needs Review
PROD-00387,Hydraulic Valve Model 1386,Hydraulic Valve,Bosch Rexroth,BOS-946-0386,Industrial hydraulic valve designed for manufacturing applications.,21392.95,216,4.2,400,84.87,1013.63,Aluminum,USA,18,catalog_12.pdf,0.7,Verified
PROD-00388,Welding Machine Model 1387,Welding Machine,Crompton,CRO-121-0387,Industrial welding machine designed for manufacturing applications.,12396.43,105,4.5,400,27.41,1445.73,Aluminum,Italy,6,catalog_13.pdf,0.76,Verified
PROD-00389,Hydraulic Valve Model 1388,Hydraulic Valve,Atlas Copco,ATL-129-0388,Industrial hydraulic valve designed for manufacturing applications.,10312.28,49,3.1,230,65.95,769.98,Cast Iron,Italy,12,catalog_14.pdf,0.72,Needs Review
PROD-00390,Control Panel Model 1389,Control Panel,Honeywell,HON-802-0389,Industrial control panel designed for manufacturing applications.,22603.97,86,4.1,400,209.8,421.91,Carbon Steel,Germany,6,catalog_15.pdf,0.93,Verified
PROD-00391,Industrial Fan Model 1390,Industrial Fan,ABB,ABB-359-0390,Industrial industrial fan designed for manufacturing applications.,15195.31,21,3.1,380,8.56,1790.16,Alloy Steel,India,36,catalog_16.pdf,0.92,Verified
PROD-00392,Hydraulic Valve Model 1391,Hydraulic Valve,Kirloskar,KIR-304-0391,Industrial hydraulic valve designed for manufacturing applications.,14521.2,77,4.4,220,130.29,1721.91,Stainless Steel,Italy,18,catalog_17.pdf,0.94,Verified
PROD-00393,Industrial Pump Model 1392,Industrial Pump,Crompton,CRO-158-0392,Industrial industrial pump designed for manufacturing applications.,14079.46,18,3.1,110,142.0,1518.58,Cast Iron,Germany,24,catalog_18.pdf,0.7,Needs Review
PROD-00394,Welding Machine Model 1393,Welding Machine,Atlas Copco,ATL-570-0393,Industrial welding machine designed for manufacturing applications.,9436.45,437,4.8,440,140.51,1239.7,Stainless Steel,USA,36,catalog_19.pdf,0.85,Verified
PROD-00395,Welding Machine Model 1394,Welding Machine,Rockwell Automation,ROC-875-0394,Industrial welding machine designed for manufacturing applications.,19694.67,161,4.4,230,119.09,532.17,Stainless Steel,Switzerland,24,catalog_20.pdf,0.9,Verified
PROD-00396,Industrial Pump Model 1395,Industrial Pump,Crompton,CRO-565-0395,Industrial industrial pump designed for manufacturing applications.,6506.76,227,4.0,440,197.76,1644.32,Carbon Steel,Germany,36,catalog_21.pdf,0.75,Verified
PROD-00397,Electric Motor Model 1396,Electric Motor,ABB,ABB-111-0396,Industrial electric motor designed for manufacturing applications.,23487.65,136,3.9,220,33.82,497.45,Alloy Steel,Switzerland,6,catalog_22.pdf,0.89,Verified
PROD-00398,Gearbox Model 1397,Gearbox,Crompton,CRO-730-0397,Industrial gearbox designed for manufacturing applications.,22376.13,342,3.3,110,77.99,1441.86,Stainless Steel,Germany,6,catalog_23.pdf,0.72,Verified
PROD-00399,Industrial Fan Model 1398,Industrial Fan,Schneider Electric,SCH-389-0398,Industrial industrial fan designed for manufacturing applications.,8602.64,408,3.6,110,154.12,1653.03,Stainless Steel,Germany,18,catalog_24.pdf,0.75,Verified
PROD-00400,Conveyor System Model 1399,Conveyor System,WEG,WEG-949-0399,Industrial conveyor system designed for manufacturing applications.,18304.23,380,4.7,110,172.89,1086.2,Cast Iron,Switzerland,24,catalog_25.pdf,0.84,Verified
PROD-00401,Hydraulic Valve Model 1400,Hydraulic Valve,Kirloskar,KIR-859-0400,Industrial hydraulic valve designed for manufacturing applications.,14437.27,380,4.8,415,101.34,1445.9,Alloy Steel,China,36,catalog_01.pdf,0.89,Verified
PROD-00402,Industrial Pump Model 1401,Industrial Pump,ABB,ABB-453-0401,Industrial industrial pump designed for manufacturing applications.,8606.82,51,3.0,220,218.91,1425.47,Alloy Steel,Germany,12,catalog_02.pdf,0.74,Verified
PROD-00403,Control Panel Model 1402,Control Panel,Crompton,CRO-738-0402,Industrial control panel designed for manufacturing applications.,24715.91,111,4.2,480,104.17,349.3,Stainless Steel,Switzerland,12,catalog_03.pdf,0.75,Needs Review
PROD-00404,Hydraulic Valve Model 1403,Hydraulic Valve,WEG,WEG-174-0403,Industrial hydraulic valve designed for manufacturing applications.,874.62,112,4.4,230,100.99,1202.93,Alloy Steel,Italy,18,catalog_04.pdf,0.76,Needs Review
PROD-00405,Gearbox Model 1404,Gearbox,WEG,WEG-972-0404,Industrial gearbox designed for manufacturing applications.,6502.99,269,4.2,230,9.53,170.06,Cast Iron,South Korea,24,catalog_05.pdf,0.77,Verified
PROD-00406,Control Panel Model 1405,Control Panel,Crompton,CRO-815-0405,Industrial control panel designed for manufacturing applications.,13121.83,209,3.2,110,138.01,915.11,Cast Iron,South Korea,12,catalog_06.pdf,0.77,Verified
PROD-00407,Air Compressor Model 1406,Air Compressor,Rockwell Automation,ROC-660-0406,Industrial air compressor designed for manufacturing applications.,13168.34,83,3.4,220,177.32,293.7,Cast Iron,South Korea,18,catalog_07.pdf,0.81,Verified
PROD-00408,Welding Machine Model 1407,Welding Machine,Schneider Electric,SCH-690-0407,Industrial welding machine designed for manufacturing applications.,14826.09,159,3.5,415,29.05,750.6,Carbon Steel,South Korea,18,catalog_08.pdf,0.89,Verified
PROD-00409,Air Compressor Model 1408,Air Compressor,Bosch Rexroth,BOS-540-0408,Industrial air compressor designed for manufacturing applications.,18853.99,275,4.7,110,76.71,1499.7,Stainless Steel,China,24,catalog_09.pdf,0.83,Needs Review
PROD-00410,Hydraulic Valve Model 1409,Hydraulic Valve,Schneider Electric,SCH-340-0409,Industrial hydraulic valve designed for manufacturing applications.,15681.08,480,3.9,400,195.42,1776.93,Alloy Steel,India,12,catalog_10.pdf,0.93,Verified
PROD-00411,Gearbox Model 1410,Gearbox,Crompton,CRO-960-0410,Industrial gearbox designed for manufacturing applications.,15106.97,489,4.0,480,91.8,573.69,Cast Iron,Switzerland,12,catalog_11.pdf,0.91,Needs Review
PROD-00412,Industrial Fan Model 1411,Industrial Fan,Kirloskar,KIR-253-0411,Industrial industrial fan designed for manufacturing applications.,1574.48,251,4.9,440,60.78,958.46,Stainless Steel,Germany,12,catalog_12.pdf,0.74,Needs Review
PROD-00413,Hydraulic Valve Model 1412,Hydraulic Valve,Bosch Rexroth,BOS-885-0412,Industrial hydraulic valve designed for manufacturing applications.,9569.12,23,4.3,230,168.21,921.31,Stainless Steel,Japan,6,catalog_13.pdf,0.71,Needs Review
PROD-00414,Industrial Pump Model 1413,Industrial Pump,ABB,ABB-195-0413,Industrial industrial pump designed for manufacturing applications.,5993.38,350,4.8,440,49.59,1718.01,Carbon Steel,South Korea,12,catalog_14.pdf,0.95,Verified
PROD-00415,Generator Model 1414,Generator,Schneider Electric,SCH-825-0414,Industrial generator designed for manufacturing applications.,6817.91,440,3.9,380,223.97,862.49,Alloy Steel,USA,36,catalog_15.pdf,0.72,Verified
PROD-00416,Hydraulic Valve Model 1415,Hydraulic Valve,Crompton,CRO-393-0415,Industrial hydraulic valve designed for manufacturing applications.,13969.85,30,3.3,110,26.85,1258.99,Alloy Steel,South Korea,6,catalog_16.pdf,0.74,Verified
PROD-00417,Welding Machine Model 1416,Welding Machine,Schneider Electric,SCH-308-0416,Industrial welding machine designed for manufacturing applications.,5187.76,221,4.9,400,176.78,1659.38,Cast Iron,South Korea,6,catalog_17.pdf,0.71,Needs Review
PROD-00418,Welding Machine Model 1417,Welding Machine,Bosch Rexroth,BOS-442-0417,Industrial welding machine designed for manufacturing applications.,7525.24,158,3.9,230,125.14,673.33,Cast Iron,USA,6,catalog_18.pdf,0.88,Needs Review
PROD-00419,Hydraulic Valve Model 1418,Hydraulic Valve,Honeywell,HON-187-0418,Industrial hydraulic valve designed for manufacturing applications.,6117.85,158,3.4,440,217.55,1624.02,Stainless Steel,China,6,catalog_19.pdf,0.87,Verified
PROD-00420,Control Panel Model 1419,Control Panel,Atlas Copco,ATL-917-0419,Industrial control panel designed for manufacturing applications.,23725.45,178,3.6,480,31.99,1651.59,Alloy Steel,USA,18,catalog_20.pdf,0.99,Verified
PROD-00421,Generator Model 1420,Generator,Schneider Electric,SCH-875-0420,Industrial generator designed for manufacturing applications.,23630.48,96,3.1,415,169.63,1675.33,Alloy Steel,USA,36,catalog_21.pdf,0.96,Verified
PROD-00422,Industrial Pump Model 1421,Industrial Pump,ABB,ABB-489-0421,Industrial industrial pump designed for manufacturing applications.,15346.05,437,3.9,220,143.23,488.26,Cast Iron,China,24,catalog_22.pdf,0.82,Verified
PROD-00423,Hydraulic Valve Model 1422,Hydraulic Valve,ABB,ABB-424-0422,Industrial hydraulic valve designed for manufacturing applications.,23131.93,342,4.7,230,120.28,721.84,Aluminum,USA,12,catalog_23.pdf,0.81,Verified
PROD-00424,Control Panel Model 1423,Control Panel,Siemens,SIE-988-0423,Industrial control panel designed for manufacturing applications.,19698.86,484,4.9,480,123.11,1566.97,Stainless Steel,Germany,6,catalog_24.pdf,0.79,Verified
PROD-00425,Welding Machine Model 1424,Welding Machine,Schneider Electric,SCH-931-0424,Industrial welding machine designed for manufacturing applications.,14851.21,185,4.9,440,180.63,647.77,Alloy Steel,South Korea,24,catalog_25.pdf,0.74,Verified
PROD-00426,Welding Machine Model 1425,Welding Machine,Atlas Copco,ATL-256-0425,Industrial welding machine designed for manufacturing applications.,409.27,135,3.3,220,234.47,1081.25,Carbon Steel,India,18,catalog_01.pdf,0.74,Needs Review
PROD-00427,Gearbox Model 1426,Gearbox,Rockwell Automation,ROC-767-0426,Industrial gearbox designed for manufacturing applications.,19369.78,454,3.8,440,23.27,214.26,Carbon Steel,China,24,catalog_02.pdf,0.74,Verified
PROD-00428,Hydraulic Valve Model 1427,Hydraulic Valve,WEG,WEG-750-0427,Industrial hydraulic valve designed for manufacturing applications.,17636.59,485,3.1,220,5.37,103.18,Aluminum,Japan,6,catalog_03.pdf,0.73,Verified
PROD-00429,Generator Model 1428,Generator,Atlas Copco,ATL-732-0428,Industrial generator designed for manufacturing applications.,15477.53,302,4.7,415,201.52,742.77,Cast Iron,China,36,catalog_04.pdf,0.77,Verified
PROD-00430,Electric Motor Model 1429,Electric Motor,WEG,WEG-676-0429,Industrial electric motor designed for manufacturing applications.,19070.5,279,3.7,415,27.49,1042.89,Cast Iron,Italy,24,catalog_05.pdf,0.79,Needs Review
PROD-00431,Generator Model 1430,Generator,WEG,WEG-718-0430,Industrial generator designed for manufacturing applications.,12944.82,277,4.3,110,246.68,708.07,Cast Iron,Japan,6,catalog_06.pdf,0.98,Verified
PROD-00432,Welding Machine Model 1431,Welding Machine,Honeywell,HON-758-0431,Industrial welding machine designed for manufacturing applications.,17676.06,496,4.4,110,155.03,1040.77,Carbon Steel,Italy,6,catalog_07.pdf,0.87,Needs Review
PROD-00433,Welding Machine Model 1432,Welding Machine,Siemens,SIE-236-0432,Industrial welding machine designed for manufacturing applications.,23395.51,421,3.9,230,162.89,928.12,Cast Iron,Switzerland,12,catalog_08.pdf,0.99,Verified
PROD-00434,Air Compressor Model 1433,Air Compressor,Atlas Copco,ATL-773-0433,Industrial air compressor designed for manufacturing applications.,9551.17,80,3.6,415,50.12,1234.9,Carbon Steel,Switzerland,12,catalog_09.pdf,0.81,Needs Review
PROD-00435,Welding Machine Model 1434,Welding Machine,Atlas Copco,ATL-527-0434,Industrial welding machine designed for manufacturing applications.,17776.02,181,4.9,400,60.46,1169.86,Aluminum,China,36,catalog_10.pdf,0.83,Needs Review
PROD-00436,Industrial Pump Model 1435,Industrial Pump,Honeywell,HON-551-0435,Industrial industrial pump designed for manufacturing applications.,12023.27,188,4.9,440,165.01,764.79,Stainless Steel,Italy,12,catalog_11.pdf,0.79,Verified
PROD-00437,Conveyor System Model 1436,Conveyor System,Schneider Electric,SCH-711-0436,Industrial conveyor system designed for manufacturing applications.,16941.39,323,3.6,440,227.48,766.14,Alloy Steel,Japan,36,catalog_12.pdf,0.75,Needs Review
PROD-00438,Hydraulic Valve Model 1437,Hydraulic Valve,Schneider Electric,SCH-949-0437,Industrial hydraulic valve designed for manufacturing applications.,19131.61,135,4.0,440,245.61,255.12,Aluminum,Germany,18,catalog_13.pdf,0.74,Verified
PROD-00439,Generator Model 1438,Generator,Schneider Electric,SCH-918-0438,Industrial generator designed for manufacturing applications.,1374.95,367,4.9,230,49.91,924.8,Carbon Steel,China,18,catalog_14.pdf,0.97,Verified
PROD-00440,Conveyor System Model 1439,Conveyor System,Kirloskar,KIR-240-0439,Industrial conveyor system designed for manufacturing applications.,16253.36,53,3.0,440,33.96,1057.75,Aluminum,China,12,catalog_15.pdf,0.99,Verified
PROD-00441,Control Panel Model 1440,Control Panel,WEG,WEG-182-0440,Industrial control panel designed for manufacturing applications.,5861.84,59,3.8,380,14.57,858.73,Alloy Steel,USA,18,catalog_16.pdf,0.71,Verified
PROD-00442,Electric Motor Model 1441,Electric Motor,Kirloskar,KIR-276-0441,Industrial electric motor designed for manufacturing applications.,16833.31,158,3.2,220,217.14,587.62,Stainless Steel,China,24,catalog_17.pdf,0.74,Needs Review
PROD-00443,Industrial Pump Model 1442,Industrial Pump,Siemens,SIE-297-0442,Industrial industrial pump designed for manufacturing applications.,11841.17,359,4.0,440,74.03,1299.52,Alloy Steel,South Korea,24,catalog_18.pdf,0.82,Needs Review
PROD-00444,Generator Model 1443,Generator,Honeywell,HON-723-0443,Industrial generator designed for manufacturing applications.,19395.43,204,3.0,480,0.95,136.24,Carbon Steel,Switzerland,24,catalog_19.pdf,0.75,Verified
PROD-00445,Conveyor System Model 1444,Conveyor System,Atlas Copco,ATL-667-0444,Industrial conveyor system designed for manufacturing applications.,3304.17,312,3.8,220,56.34,1646.16,Alloy Steel,South Korea,18,catalog_20.pdf,0.81,Verified
PROD-00446,Electric Motor Model 1445,Electric Motor,WEG,WEG-790-0445,Industrial electric motor designed for manufacturing applications.,15751.48,360,3.4,110,85.44,39.12,Aluminum,China,24,catalog_21.pdf,0.74,Verified
PROD-00447,Air Compressor Model 1446,Air Compressor,Kirloskar,KIR-520-0446,Industrial air compressor designed for manufacturing applications.,7142.15,377,4.1,440,247.75,1732.31,Cast Iron,Switzerland,36,catalog_22.pdf,0.83,Needs Review
PROD-00448,Industrial Pump Model 1447,Industrial Pump,Kirloskar,KIR-500-0447,Industrial industrial pump designed for manufacturing applications.,21361.3,122,5.0,480,131.12,833.32,Aluminum,Switzerland,6,catalog_23.pdf,0.78,Verified
PROD-00449,Industrial Pump Model 1448,Industrial Pump,Crompton,CRO-797-0448,Industrial industrial pump designed for manufacturing applications.,23227.49,267,4.6,400,51.58,743.98,Carbon Steel,Germany,12,catalog_24.pdf,0.8,Needs Review
PROD-00450,Air Compressor Model 1449,Air Compressor,Kirloskar,KIR-570-0449,Industrial air compressor designed for manufacturing applications.,24910.86,50,4.7,480,84.04,463.09,Stainless Steel,USA,36,catalog_25.pdf,0.73,Verified
PROD-00451,Hydraulic Valve Model 1450,Hydraulic Valve,Rockwell Automation,ROC-317-0450,Industrial hydraulic valve designed for manufacturing applications.,19951.18,306,4.3,415,82.91,20.11,Alloy Steel,India,24,catalog_01.pdf,0.82,Verified
PROD-00452,Air Compressor Model 1451,Air Compressor,Atlas Copco,ATL-927-0451,Industrial air compressor designed for manufacturing applications.,18904.92,360,3.1,415,5.42,496.07,Stainless Steel,Italy,6,catalog_02.pdf,0.99,Needs Review
PROD-00453,Industrial Pump Model 1452,Industrial Pump,Rockwell Automation,ROC-828-0452,Industrial industrial pump designed for manufacturing applications.,5583.64,404,3.4,110,34.23,198.7,Carbon Steel,Japan,12,catalog_03.pdf,0.8,Verified
PROD-00454,Industrial Pump Model 1453,Industrial Pump,Atlas Copco,ATL-731-0453,Industrial industrial pump designed for manufacturing applications.,8566.17,412,4.9,380,173.95,1188.36,Alloy Steel,India,36,catalog_04.pdf,0.95,Verified
PROD-00455,Conveyor System Model 1454,Conveyor System,Honeywell,HON-274-0454,Industrial conveyor system designed for manufacturing applications.,11775.64,193,3.7,230,30.5,575.7,Aluminum,USA,12,catalog_05.pdf,0.94,Verified
PROD-00456,Welding Machine Model 1455,Welding Machine,Atlas Copco,ATL-122-0455,Industrial welding machine designed for manufacturing applications.,19391.18,314,3.2,230,58.07,1381.39,Aluminum,South Korea,18,catalog_06.pdf,0.98,Verified
PROD-00457,Electric Motor Model 1456,Electric Motor,Rockwell Automation,ROC-824-0456,Industrial electric motor designed for manufacturing applications.,22895.41,322,4.4,400,88.01,374.04,Carbon Steel,South Korea,24,catalog_07.pdf,0.93,Needs Review
PROD-00458,Air Compressor Model 1457,Air Compressor,Atlas Copco,ATL-334-0457,Industrial air compressor designed for manufacturing applications.,4931.19,133,3.6,110,189.55,1620.62,Alloy Steel,South Korea,36,catalog_08.pdf,0.89,Verified
PROD-00459,Electric Motor Model 1458,Electric Motor,Honeywell,HON-112-0458,Industrial electric motor designed for manufacturing applications.,23078.6,53,3.5,110,145.81,942.32,Aluminum,Germany,36,catalog_09.pdf,0.95,Verified
PROD-00460,Air Compressor Model 1459,Air Compressor,Honeywell,HON-200-0459,Industrial air compressor designed for manufacturing applications.,17466.71,29,5.0,380,172.41,207.88,Carbon Steel,Switzerland,6,catalog_10.pdf,0.72,Verified
PROD-00461,Control Panel Model 1460,Control Panel,Siemens,SIE-635-0460,Industrial control panel designed for manufacturing applications.,15366.58,270,4.7,440,141.97,722.72,Carbon Steel,South Korea,6,catalog_11.pdf,0.83,Verified
PROD-00462,Industrial Pump Model 1461,Industrial Pump,Atlas Copco,ATL-975-0461,Industrial industrial pump designed for manufacturing applications.,5196.07,122,3.8,230,171.06,373.76,Stainless Steel,Japan,6,catalog_12.pdf,0.99,Needs Review
PROD-00463,Welding Machine Model 1462,Welding Machine,Crompton,CRO-622-0462,Industrial welding machine designed for manufacturing applications.,1624.24,468,5.0,440,1.21,361.03,Aluminum,Italy,12,catalog_13.pdf,0.92,Needs Review
PROD-00464,Conveyor System Model 1463,Conveyor System,Schneider Electric,SCH-884-0463,Industrial conveyor system designed for manufacturing applications.,14319.51,148,4.3,110,232.76,912.45,Alloy Steel,China,24,catalog_14.pdf,0.98,Needs Review
PROD-00465,Welding Machine Model 1464,Welding Machine,ABB,ABB-551-0464,Industrial welding machine designed for manufacturing applications.,16375.01,446,4.5,440,28.17,1210.06,Aluminum,China,12,catalog_15.pdf,0.93,Verified
PROD-00466,Welding Machine Model 1465,Welding Machine,Honeywell,HON-530-0465,Industrial welding machine designed for manufacturing applications.,5466.84,204,3.1,415,101.86,1641.09,Aluminum,India,24,catalog_16.pdf,0.95,Verified
PROD-00467,Welding Machine Model 1466,Welding Machine,Bosch Rexroth,BOS-892-0466,Industrial welding machine designed for manufacturing applications.,14022.29,161,3.2,400,192.87,904.89,Aluminum,Italy,36,catalog_17.pdf,0.9,Verified
PROD-00468,Electric Motor Model 1467,Electric Motor,Schneider Electric,SCH-705-0467,Industrial electric motor designed for manufacturing applications.,21448.21,491,4.3,230,109.09,1738.58,Carbon Steel,USA,12,catalog_18.pdf,0.92,Needs Review
PROD-00469,Air Compressor Model 1468,Air Compressor,WEG,WEG-812-0468,Industrial air compressor designed for manufacturing applications.,20917.88,352,4.8,380,236.74,1695.06,Cast Iron,Italy,12,catalog_19.pdf,0.85,Verified
PROD-00470,Industrial Fan Model 1469,Industrial Fan,Atlas Copco,ATL-632-0469,Industrial industrial fan designed for manufacturing applications.,23202.04,138,4.2,400,117.16,1557.38,Cast Iron,Germany,12,catalog_20.pdf,0.97,Verified
PROD-00471,Control Panel Model 1470,Control Panel,Rockwell Automation,ROC-951-0470,Industrial control panel designed for manufacturing applications.,9305.67,404,3.3,220,218.8,900.96,Stainless Steel,India,18,catalog_21.pdf,0.94,Needs Review
PROD-00472,Generator Model 1471,Generator,ABB,ABB-822-0471,Industrial generator designed for manufacturing applications.,8121.73,152,3.2,415,202.8,255.35,Aluminum,India,24,catalog_22.pdf,0.94,Verified
PROD-00473,Welding Machine Model 1472,Welding Machine,Bosch Rexroth,BOS-751-0472,Industrial welding machine designed for manufacturing applications.,18798.29,340,4.7,380,245.26,393.79,Cast Iron,Germany,24,catalog_23.pdf,0.9,Verified
PROD-00474,Hydraulic Valve Model 1473,Hydraulic Valve,Schneider Electric,SCH-392-0473,Industrial hydraulic valve designed for manufacturing applications.,10920.03,75,3.3,480,231.67,1166.51,Stainless Steel,Italy,12,catalog_24.pdf,0.79,Verified
PROD-00475,Electric Motor Model 1474,Electric Motor,Atlas Copco,ATL-909-0474,Industrial electric motor designed for manufacturing applications.,2416.83,237,4.0,400,224.58,760.32,Carbon Steel,South Korea,18,catalog_25.pdf,0.71,Verified
PROD-00476,Conveyor System Model 1475,Conveyor System,Siemens,SIE-200-0475,Industrial conveyor system designed for manufacturing applications.,7249.33,338,3.1,110,183.04,265.95,Aluminum,Germany,12,catalog_01.pdf,0.97,Verified
PROD-00477,Generator Model 1476,Generator,WEG,WEG-601-0476,Industrial generator designed for manufacturing applications.,10609.91,303,3.2,220,92.07,863.23,Alloy Steel,South Korea,24,catalog_02.pdf,0.87,Verified
PROD-00478,Industrial Fan Model 1477,Industrial Fan,ABB,ABB-403-0477,Industrial industrial fan designed for manufacturing applications.,7489.78,158,4.3,380,26.98,33.34,Carbon Steel,Japan,36,catalog_03.pdf,0.79,Verified
PROD-00479,Hydraulic Valve Model 1478,Hydraulic Valve,Crompton,CRO-970-0478,Industrial hydraulic valve designed for manufacturing applications.,8472.09,94,4.4,110,172.32,1321.54,Stainless Steel,Germany,18,catalog_04.pdf,0.74,Verified
PROD-00480,Industrial Fan Model 1479,Industrial Fan,Siemens,SIE-639-0479,Industrial industrial fan designed for manufacturing applications.,7520.95,338,3.7,415,244.67,134.3,Carbon Steel,South Korea,18,catalog_05.pdf,0.94,Needs Review
PROD-00481,Generator Model 1480,Generator,Bosch Rexroth,BOS-652-0480,Industrial generator designed for manufacturing applications.,1277.1,203,3.4,480,181.79,1133.15,Alloy Steel,Italy,12,catalog_06.pdf,0.94,Verified
PROD-00482,Welding Machine Model 1481,Welding Machine,ABB,ABB-454-0481,Industrial welding machine designed for manufacturing applications.,16018.09,165,4.6,220,232.22,1427.83,Carbon Steel,South Korea,36,catalog_07.pdf,0.94,Needs Review
PROD-00483,Hydraulic Valve Model 1482,Hydraulic Valve,Siemens,SIE-402-0482,Industrial hydraulic valve designed for manufacturing applications.,15032.99,30,3.4,230,201.17,240.49,Stainless Steel,Germany,24,catalog_08.pdf,0.89,Verified
PROD-00484,Industrial Fan Model 1483,Industrial Fan,WEG,WEG-595-0483,Industrial industrial fan designed for manufacturing applications.,16421.24,125,4.1,480,41.2,934.51,Alloy Steel,USA,6,catalog_09.pdf,0.81,Verified
PROD-00485,Conveyor System Model 1484,Conveyor System,Crompton,CRO-757-0484,Industrial conveyor system designed for manufacturing applications.,5009.67,305,4.9,110,62.68,1402.76,Alloy Steel,China,24,catalog_10.pdf,0.79,Needs Review
PROD-00486,Air Compressor Model 1485,Air Compressor,Siemens,SIE-867-0485,Industrial air compressor designed for manufacturing applications.,7567.45,216,3.3,400,85.8,470.62,Carbon Steel,Germany,24,catalog_11.pdf,0.7,Verified
PROD-00487,Industrial Pump Model 1486,Industrial Pump,Kirloskar,KIR-326-0486,Industrial industrial pump designed for manufacturing applications.,15585.49,67,4.9,440,42.48,294.92,Alloy Steel,China,36,catalog_12.pdf,0.94,Verified
PROD-00488,Air Compressor Model 1487,Air Compressor,Crompton,CRO-335-0487,Industrial air compressor designed for manufacturing applications.,15090.78,455,3.4,380,145.62,607.6,Carbon Steel,Germany,18,catalog_13.pdf,0.73,Needs Review
PROD-00489,Generator Model 1488,Generator,Bosch Rexroth,BOS-972-0488,Industrial generator designed for manufacturing applications.,12781.68,440,4.1,220,243.87,999.35,Aluminum,Italy,24,catalog_14.pdf,0.88,Verified
PROD-00490,Electric Motor Model 1489,Electric Motor,WEG,WEG-991-0489,Industrial electric motor designed for manufacturing applications.,8922.73,72,3.8,110,190.48,1036.35,Alloy Steel,Japan,18,catalog_15.pdf,0.85,Verified
PROD-00491,Industrial Pump Model 1490,Industrial Pump,Atlas Copco,ATL-554-0490,Industrial industrial pump designed for manufacturing applications.,22845.04,257,4.9,230,106.13,237.32,Carbon Steel,Japan,36,catalog_16.pdf,0.85,Verified
PROD-00492,Control Panel Model 1491,Control Panel,Rockwell Automation,ROC-112-0491,Industrial control panel designed for manufacturing applications.,8659.31,414,3.5,440,1.62,824.71,Aluminum,China,36,catalog_17.pdf,0.97,Needs Review
PROD-00493,Conveyor System Model 1492,Conveyor System,Rockwell Automation,ROC-309-0492,Industrial conveyor system designed for manufacturing applications.,11526.57,463,3.8,380,78.66,484.37,Alloy Steel,Switzerland,12,catalog_18.pdf,0.71,Needs Review
PROD-00494,Control Panel Model 1493,Control Panel,Rockwell Automation,ROC-840-0493,Industrial control panel designed for manufacturing applications.,17033.32,6,5.0,380,131.93,1515.96,Aluminum,Switzerland,6,catalog_19.pdf,0.92,Verified
PROD-00495,Hydraulic Valve Model 1494,Hydraulic Valve,ABB,ABB-496-0494,Industrial hydraulic valve designed for manufacturing applications.,13689.78,402,4.1,110,81.4,565.81,Alloy Steel,Italy,36,catalog_20.pdf,0.72,Verified
PROD-00496,Industrial Pump Model 1495,Industrial Pump,Bosch Rexroth,BOS-199-0495,Industrial industrial pump designed for manufacturing applications.,8835.43,112,4.0,230,28.2,1509.99,Stainless Steel,South Korea,36,catalog_21.pdf,0.71,Verified
PROD-00497,Control Panel Model 1496,Control Panel,WEG,WEG-130-0496,Industrial control panel designed for manufacturing applications.,11032.21,290,3.5,415,110.97,772.56,Stainless Steel,Italy,18,catalog_22.pdf,0.82,Verified
PROD-00498,Control Panel Model 1497,Control Panel,Crompton,CRO-997-0497,Industrial control panel designed for manufacturing applications.,19913.4,53,4.4,440,63.69,1308.4,Carbon Steel,Switzerland,36,catalog_23.pdf,0.72,Verified
PROD-00499,Industrial Fan Model 1498,Industrial Fan,ABB,ABB-627-0498,Industrial industrial fan designed for manufacturing applications.,7133.7,144,3.0,415,227.35,919.09,Cast Iron,Italy,24,catalog_24.pdf,0.93,Verified
PROD-00500,Air Compressor Model 1499,Air Compressor,Bosch Rexroth,BOS-748-0499,Industrial air compressor designed for manufacturing applications.,3770.82,222,3.1,220,25.89,1120.29,Stainless Steel,USA,12,catalog_25.pdf,0.85,Verified
PROD-00501,Industrial Fan Model 1500,Industrial Fan,Atlas Copco,ATL-428-0500,Industrial industrial fan designed for manufacturing applications.,8000.79,48,4.2,110,12.76,712.85,Cast Iron,India,12,catalog_01.pdf,0.71,Verified
PROD-00502,Industrial Pump Model 1501,Industrial Pump,Kirloskar,KIR-265-0501,Industrial industrial pump designed for manufacturing applications.,21275.97,421,3.7,440,1.83,1383.24,Aluminum,Switzerland,24,catalog_02.pdf,0.71,Needs Review
PROD-00503,Industrial Pump Model 1502,Industrial Pump,WEG,WEG-558-0502,Industrial industrial pump designed for manufacturing applications.,2452.5,273,4.9,220,82.35,766.49,Aluminum,Switzerland,36,catalog_03.pdf,0.88,Verified
PROD-00504,Generator Model 1503,Generator,Rockwell Automation,ROC-921-0503,Industrial generator designed for manufacturing applications.,24794.48,82,4.8,480,165.27,824.52,Cast Iron,Germany,6,catalog_04.pdf,0.93,Verified
PROD-00505,Industrial Fan Model 1504,Industrial Fan,Siemens,SIE-199-0504,Industrial industrial fan designed for manufacturing applications.,13639.82,220,4.4,415,182.74,932.79,Carbon Steel,Italy,36,catalog_05.pdf,0.83,Verified
PROD-00506,Gearbox Model 1505,Gearbox,WEG,WEG-720-0505,Industrial gearbox designed for manufacturing applications.,24624.93,386,4.6,480,113.59,1497.62,Alloy Steel,Italy,12,catalog_06.pdf,0.86,Needs Review
PROD-00507,Air Compressor Model 1506,Air Compressor,Honeywell,HON-954-0506,Industrial air compressor designed for manufacturing applications.,23490.16,102,4.3,480,171.24,1187.56,Cast Iron,Italy,6,catalog_07.pdf,0.93,Needs Review
PROD-00508,Industrial Pump Model 1507,Industrial Pump,Bosch Rexroth,BOS-272-0507,Industrial industrial pump designed for manufacturing applications.,11457.14,240,3.3,440,90.3,629.79,Cast Iron,Japan,18,catalog_08.pdf,0.88,Needs Review
PROD-00509,Generator Model 1508,Generator,Schneider Electric,SCH-848-0508,Industrial generator designed for manufacturing applications.,5162.65,286,4.5,380,167.12,1207.23,Cast Iron,Italy,18,catalog_09.pdf,0.77,Verified
PROD-00510,Industrial Fan Model 1509,Industrial Fan,Atlas Copco,ATL-261-0509,Industrial industrial fan designed for manufacturing applications.,4330.9,153,3.4,220,10.63,1157.08,Cast Iron,Switzerland,36,catalog_10.pdf,0.88,Needs Review
PROD-00511,Air Compressor Model 1510,Air Compressor,Kirloskar,KIR-827-0510,Industrial air compressor designed for manufacturing applications.,6189.74,416,3.6,480,97.99,1675.97,Cast Iron,Germany,36,catalog_11.pdf,0.88,Verified
PROD-00512,Industrial Fan Model 1511,Industrial Fan,Atlas Copco,ATL-875-0511,Industrial industrial fan designed for manufacturing applications.,17825.78,308,4.6,230,197.82,1514.87,Carbon Steel,South Korea,6,catalog_12.pdf,0.91,Verified
PROD-00513,Control Panel Model 1512,Control Panel,WEG,WEG-362-0512,Industrial control panel designed for manufacturing applications.,7005.51,488,4.1,400,200.85,1166.11,Stainless Steel,South Korea,6,catalog_13.pdf,0.88,Verified
PROD-00514,Generator Model 1513,Generator,Schneider Electric,SCH-903-0513,Industrial generator designed for manufacturing applications.,8700.28,428,4.7,415,179.18,616.03,Alloy Steel,Italy,36,catalog_14.pdf,0.98,Needs Review
PROD-00515,Air Compressor Model 1514,Air Compressor,Honeywell,HON-373-0514,Industrial air compressor designed for manufacturing applications.,11357.28,70,3.4,415,51.46,1403.68,Stainless Steel,Germany,12,catalog_15.pdf,0.76,Needs Review
PROD-00516,Welding Machine Model 1515,Welding Machine,Crompton,CRO-102-0515,Industrial welding machine designed for manufacturing applications.,22852.51,238,4.2,230,62.18,1036.22,Cast Iron,USA,18,catalog_16.pdf,0.98,Needs Review
PROD-00517,Hydraulic Valve Model 1516,Hydraulic Valve,Siemens,SIE-127-0516,Industrial hydraulic valve designed for manufacturing applications.,4937.49,461,3.2,440,249.02,1773.52,Stainless Steel,South Korea,6,catalog_17.pdf,0.86,Needs Review
PROD-00518,Hydraulic Valve Model 1517,Hydraulic Valve,Schneider Electric,SCH-425-0517,Industrial hydraulic valve designed for manufacturing applications.,374.41,91,4.3,440,26.29,447.02,Carbon Steel,Switzerland,12,catalog_18.pdf,0.89,Verified
PROD-00519,Air Compressor Model 1518,Air Compressor,Bosch Rexroth,BOS-248-0518,Industrial air compressor designed for manufacturing applications.,1737.39,83,4.5,440,45.58,145.22,Aluminum,India,36,catalog_19.pdf,0.73,Verified
PROD-00520,Industrial Fan Model 1519,Industrial Fan,Rockwell Automation,ROC-639-0519,Industrial industrial fan designed for manufacturing applications.,22642.97,209,4.2,220,32.94,127.67,Stainless Steel,Japan,24,catalog_20.pdf,0.81,Verified
PROD-00521,Generator Model 1520,Generator,Honeywell,HON-587-0520,Industrial generator designed for manufacturing applications.,16276.03,283,3.5,110,82.25,1152.77,Alloy Steel,Germany,6,catalog_21.pdf,0.92,Needs Review
PROD-00522,Hydraulic Valve Model 1521,Hydraulic Valve,Siemens,SIE-921-0521,Industrial hydraulic valve designed for manufacturing applications.,7007.76,341,3.1,480,52.94,1690.79,Carbon Steel,South Korea,24,catalog_22.pdf,0.91,Verified
PROD-00523,Generator Model 1522,Generator,Kirloskar,KIR-537-0522,Industrial generator designed for manufacturing applications.,4635.51,258,3.2,380,124.67,5.47,Aluminum,South Korea,12,catalog_23.pdf,0.71,Needs Review
PROD-00524,Hydraulic Valve Model 1523,Hydraulic Valve,Rockwell Automation,ROC-164-0523,Industrial hydraulic valve designed for manufacturing applications.,7533.1,308,4.2,400,119.27,1306.94,Carbon Steel,China,18,catalog_24.pdf,0.86,Verified
PROD-00525,Control Panel Model 1524,Control Panel,WEG,WEG-455-0524,Industrial control panel designed for manufacturing applications.,3091.22,384,4.9,110,225.43,1183.4,Cast Iron,USA,12,catalog_25.pdf,0.73,Verified
PROD-00526,Industrial Fan Model 1525,Industrial Fan,Schneider Electric,SCH-632-0525,Industrial industrial fan designed for manufacturing applications.,23552.94,134,3.4,110,9.17,1318.68,Aluminum,India,18,catalog_01.pdf,0.99,Verified
PROD-00527,Control Panel Model 1526,Control Panel,Siemens,SIE-351-0526,Industrial control panel designed for manufacturing applications.,19659.1,88,4.5,230,80.31,641.02,Alloy Steel,India,12,catalog_02.pdf,0.96,Verified
PROD-00528,Hydraulic Valve Model 1527,Hydraulic Valve,ABB,ABB-334-0527,Industrial hydraulic valve designed for manufacturing applications.,11694.18,280,4.7,220,149.37,1477.25,Aluminum,India,6,catalog_03.pdf,0.71,Needs Review
PROD-00529,Welding Machine Model 1528,Welding Machine,Crompton,CRO-326-0528,Industrial welding machine designed for manufacturing applications.,21657.82,191,4.0,415,151.4,82.38,Alloy Steel,Switzerland,6,catalog_04.pdf,0.95,Verified
PROD-00530,Welding Machine Model 1529,Welding Machine,Crompton,CRO-624-0529,Industrial welding machine designed for manufacturing applications.,6424.09,50,4.3,415,120.29,1360.27,Cast Iron,Germany,24,catalog_05.pdf,0.97,Verified
PROD-00531,Control Panel Model 1530,Control Panel,Honeywell,HON-412-0530,Industrial control panel designed for manufacturing applications.,17998.73,391,4.6,230,204.01,482.2,Alloy Steel,USA,12,catalog_06.pdf,0.8,Verified
PROD-00532,Welding Machine Model 1531,Welding Machine,Kirloskar,KIR-148-0531,Industrial welding machine designed for manufacturing applications.,21439.28,187,3.5,220,16.15,859.35,Carbon Steel,Italy,12,catalog_07.pdf,0.91,Verified
PROD-00533,Hydraulic Valve Model 1532,Hydraulic Valve,Honeywell,HON-217-0532,Industrial hydraulic valve designed for manufacturing applications.,9080.03,272,3.6,230,203.96,1481.1,Stainless Steel,China,24,catalog_08.pdf,0.83,Verified
PROD-00534,Air Compressor Model 1533,Air Compressor,ABB,ABB-153-0533,Industrial air compressor designed for manufacturing applications.,18997.25,300,3.0,415,123.94,489.9,Carbon Steel,USA,36,catalog_09.pdf,0.89,Verified
PROD-00535,Control Panel Model 1534,Control Panel,Bosch Rexroth,BOS-749-0534,Industrial control panel designed for manufacturing applications.,7553.04,326,4.9,110,33.87,335.0,Carbon Steel,USA,12,catalog_10.pdf,0.8,Needs Review
PROD-00536,Electric Motor Model 1535,Electric Motor,Kirloskar,KIR-664-0535,Industrial electric motor designed for manufacturing applications.,7646.71,104,4.8,380,221.48,1227.0,Aluminum,South Korea,12,catalog_11.pdf,0.79,Verified
PROD-00537,Industrial Fan Model 1536,Industrial Fan,Atlas Copco,ATL-143-0536,Industrial industrial fan designed for manufacturing applications.,2899.67,82,4.5,480,162.48,961.04,Cast Iron,USA,12,catalog_12.pdf,0.82,Verified
PROD-00538,Welding Machine Model 1537,Welding Machine,Bosch Rexroth,BOS-914-0537,Industrial welding machine designed for manufacturing applications.,11141.44,276,3.2,440,41.3,926.9,Stainless Steel,Germany,36,catalog_13.pdf,0.74,Verified
PROD-00539,Welding Machine Model 1538,Welding Machine,Kirloskar,KIR-152-0538,Industrial welding machine designed for manufacturing applications.,18310.37,343,3.9,220,8.9,463.67,Alloy Steel,China,6,catalog_14.pdf,0.94,Verified
PROD-00540,Industrial Pump Model 1539,Industrial Pump,Kirloskar,KIR-685-0539,Industrial industrial pump designed for manufacturing applications.,23520.46,166,3.2,480,35.71,64.71,Aluminum,Germany,24,catalog_15.pdf,0.8,Verified
PROD-00541,Gearbox Model 1540,Gearbox,ABB,ABB-657-0540,Industrial gearbox designed for manufacturing applications.,15193.98,48,3.0,400,152.4,739.66,Cast Iron,China,36,catalog_16.pdf,0.82,Verified
PROD-00542,Control Panel Model 1541,Control Panel,WEG,WEG-624-0541,Industrial control panel designed for manufacturing applications.,21612.6,242,4.2,400,45.23,193.59,Stainless Steel,China,18,catalog_17.pdf,0.96,Verified
PROD-00543,Conveyor System Model 1542,Conveyor System,ABB,ABB-776-0542,Industrial conveyor system designed for manufacturing applications.,20606.74,138,4.9,110,56.83,1630.97,Carbon Steel,South Korea,18,catalog_18.pdf,0.84,Needs Review
PROD-00544,Welding Machine Model 1543,Welding Machine,Kirloskar,KIR-201-0543,Industrial welding machine designed for manufacturing applications.,4540.24,465,4.8,230,6.77,76.17,Cast Iron,Germany,36,catalog_19.pdf,0.86,Verified
PROD-00545,Industrial Fan Model 1544,Industrial Fan,Siemens,SIE-891-0544,Industrial industrial fan designed for manufacturing applications.,12273.98,196,4.4,230,180.87,778.11,Cast Iron,China,36,catalog_20.pdf,0.98,Needs Review
PROD-00546,Electric Motor Model 1545,Electric Motor,Bosch Rexroth,BOS-869-0545,Industrial electric motor designed for manufacturing applications.,3143.86,360,3.2,415,202.69,95.94,Cast Iron,USA,6,catalog_21.pdf,0.96,Needs Review
PROD-00547,Welding Machine Model 1546,Welding Machine,ABB,ABB-948-0546,Industrial welding machine designed for manufacturing applications.,17133.29,282,3.5,110,199.31,173.79,Carbon Steel,Germany,18,catalog_22.pdf,0.75,Verified
PROD-00548,Electric Motor Model 1547,Electric Motor,WEG,WEG-967-0547,Industrial electric motor designed for manufacturing applications.,23760.02,22,3.6,415,32.33,1186.64,Alloy Steel,China,24,catalog_23.pdf,0.84,Verified
PROD-00549,Hydraulic Valve Model 1548,Hydraulic Valve,Schneider Electric,SCH-497-0548,Industrial hydraulic valve designed for manufacturing applications.,3642.96,16,4.5,415,225.87,1165.51,Aluminum,Switzerland,12,catalog_24.pdf,0.98,Verified
PROD-00550,Hydraulic Valve Model 1549,Hydraulic Valve,Honeywell,HON-237-0549,Industrial hydraulic valve designed for manufacturing applications.,18413.61,184,4.6,400,168.23,61.43,Alloy Steel,India,12,catalog_25.pdf,0.81,Verified
PROD-00551,Gearbox Model 1550,Gearbox,Kirloskar,KIR-774-0550,Industrial gearbox designed for manufacturing applications.,15897.89,127,3.8,415,224.43,4.03,Stainless Steel,Germany,6,catalog_01.pdf,0.81,Needs Review
PROD-00552,Air Compressor Model 1551,Air Compressor,Atlas Copco,ATL-486-0551,Industrial air compressor designed for manufacturing applications.,14694.22,250,3.8,480,112.07,143.71,Aluminum,South Korea,6,catalog_02.pdf,0.76,Needs Review
PROD-00553,Conveyor System Model 1552,Conveyor System,Schneider Electric,SCH-210-0552,Industrial conveyor system designed for manufacturing applications.,9905.48,226,3.1,440,109.52,1373.87,Stainless Steel,Switzerland,18,catalog_03.pdf,0.73,Verified
PROD-00554,Industrial Pump Model 1553,Industrial Pump,Crompton,CRO-713-0553,Industrial industrial pump designed for manufacturing applications.,9039.51,377,3.6,415,196.24,1053.07,Carbon Steel,Switzerland,24,catalog_04.pdf,0.91,Verified
PROD-00555,Gearbox Model 1554,Gearbox,Rockwell Automation,ROC-116-0554,Industrial gearbox designed for manufacturing applications.,1369.92,55,3.9,400,23.78,70.54,Alloy Steel,Japan,24,catalog_05.pdf,0.92,Verified
PROD-00556,Generator Model 1555,Generator,WEG,WEG-879-0555,Industrial generator designed for manufacturing applications.,5643.24,492,3.2,440,130.46,879.6,Cast Iron,Germany,36,catalog_06.pdf,0.98,Verified
PROD-00557,Industrial Pump Model 1556,Industrial Pump,Atlas Copco,ATL-281-0556,Industrial industrial pump designed for manufacturing applications.,625.63,75,3.9,230,209.18,1282.23,Aluminum,Switzerland,6,catalog_07.pdf,0.92,Needs Review
PROD-00558,Control Panel Model 1557,Control Panel,Rockwell Automation,ROC-983-0557,Industrial control panel designed for manufacturing applications.,14640.07,484,4.7,220,207.63,1564.37,Cast Iron,Germany,12,catalog_08.pdf,0.77,Verified
PROD-00559,Industrial Fan Model 1558,Industrial Fan,WEG,WEG-635-0558,Industrial industrial fan designed for manufacturing applications.,2869.87,52,4.2,380,239.06,1681.4,Stainless Steel,Germany,12,catalog_09.pdf,0.71,Verified
PROD-00560,Generator Model 1559,Generator,Siemens,SIE-640-0559,Industrial generator designed for manufacturing applications.,21857.23,23,3.2,415,174.72,590.74,Cast Iron,China,18,catalog_10.pdf,0.99,Needs Review
PROD-00561,Generator Model 1560,Generator,Honeywell,HON-270-0560,Industrial generator designed for manufacturing applications.,13197.79,266,3.4,480,52.34,246.23,Cast Iron,Germany,12,catalog_11.pdf,0.8,Verified
PROD-00562,Gearbox Model 1561,Gearbox,Schneider Electric,SCH-508-0561,Industrial gearbox designed for manufacturing applications.,17567.33,88,3.9,440,5.56,427.99,Carbon Steel,Japan,24,catalog_12.pdf,0.79,Verified
PROD-00563,Air Compressor Model 1562,Air Compressor,Bosch Rexroth,BOS-839-0562,Industrial air compressor designed for manufacturing applications.,10418.71,159,3.7,220,120.11,1397.56,Carbon Steel,Italy,24,catalog_13.pdf,0.96,Verified
PROD-00564,Gearbox Model 1563,Gearbox,WEG,WEG-477-0563,Industrial gearbox designed for manufacturing applications.,14124.35,57,3.7,400,128.67,1748.73,Alloy Steel,Germany,6,catalog_14.pdf,0.87,Verified
PROD-00565,Control Panel Model 1564,Control Panel,Bosch Rexroth,BOS-287-0564,Industrial control panel designed for manufacturing applications.,23580.81,111,4.1,220,60.45,840.58,Stainless Steel,India,18,catalog_15.pdf,0.76,Needs Review
PROD-00566,Welding Machine Model 1565,Welding Machine,Honeywell,HON-957-0565,Industrial welding machine designed for manufacturing applications.,2297.67,361,4.2,380,31.61,551.03,Carbon Steel,Japan,12,catalog_16.pdf,0.96,Needs Review
PROD-00567,Welding Machine Model 1566,Welding Machine,Kirloskar,KIR-329-0566,Industrial welding machine designed for manufacturing applications.,6534.96,308,4.6,480,146.76,773.68,Carbon Steel,Italy,6,catalog_17.pdf,0.99,Verified
PROD-00568,Air Compressor Model 1567,Air Compressor,Crompton,CRO-932-0567,Industrial air compressor designed for manufacturing applications.,19554.71,139,3.7,220,191.18,550.05,Alloy Steel,China,36,catalog_18.pdf,0.73,Needs Review
PROD-00569,Control Panel Model 1568,Control Panel,Schneider Electric,SCH-951-0568,Industrial control panel designed for manufacturing applications.,2693.75,447,4.6,480,248.29,463.16,Aluminum,Germany,36,catalog_19.pdf,0.95,Verified
PROD-00570,Air Compressor Model 1569,Air Compressor,Honeywell,HON-218-0569,Industrial air compressor designed for manufacturing applications.,2122.61,73,3.7,440,189.7,1069.56,Alloy Steel,Italy,12,catalog_20.pdf,0.81,Needs Review
PROD-00571,Electric Motor Model 1570,Electric Motor,Honeywell,HON-255-0570,Industrial electric motor designed for manufacturing applications.,9198.15,15,3.1,220,198.51,30.29,Cast Iron,India,12,catalog_21.pdf,0.85,Needs Review
PROD-00572,Welding Machine Model 1571,Welding Machine,Siemens,SIE-883-0571,Industrial welding machine designed for manufacturing applications.,2531.16,147,4.1,480,154.31,468.67,Cast Iron,Japan,12,catalog_22.pdf,0.97,Verified
PROD-00573,Generator Model 1572,Generator,Rockwell Automation,ROC-786-0572,Industrial generator designed for manufacturing applications.,14730.69,196,4.2,220,246.49,1191.16,Carbon Steel,Japan,24,catalog_23.pdf,0.98,Needs Review
PROD-00574,Conveyor System Model 1573,Conveyor System,Crompton,CRO-564-0573,Industrial conveyor system designed for manufacturing applications.,5850.31,391,4.9,220,160.17,59.65,Carbon Steel,China,12,catalog_24.pdf,0.78,Verified
PROD-00575,Industrial Fan Model 1574,Industrial Fan,Schneider Electric,SCH-203-0574,Industrial industrial fan designed for manufacturing applications.,22418.52,382,4.5,110,215.13,151.6,Alloy Steel,China,36,catalog_25.pdf,0.76,Verified
PROD-00576,Control Panel Model 1575,Control Panel,Kirloskar,KIR-703-0575,Industrial control panel designed for manufacturing applications.,19641.63,73,4.8,415,236.47,529.53,Alloy Steel,China,12,catalog_01.pdf,0.72,Needs Review
PROD-00577,Industrial Pump Model 1576,Industrial Pump,Kirloskar,KIR-797-0576,Industrial industrial pump designed for manufacturing applications.,17567.7,27,4.8,400,232.5,1580.29,Stainless Steel,Italy,18,catalog_02.pdf,0.86,Needs Review
PROD-00578,Air Compressor Model 1577,Air Compressor,ABB,ABB-894-0577,Industrial air compressor designed for manufacturing applications.,15519.36,185,4.2,380,95.66,1377.27,Cast Iron,Germany,36,catalog_03.pdf,0.7,Needs Review
PROD-00579,Industrial Fan Model 1578,Industrial Fan,Honeywell,HON-601-0578,Industrial industrial fan designed for manufacturing applications.,21620.78,297,4.1,400,20.13,41.84,Alloy Steel,USA,18,catalog_04.pdf,0.82,Verified
PROD-00580,Industrial Pump Model 1579,Industrial Pump,WEG,WEG-792-0579,Industrial industrial pump designed for manufacturing applications.,5770.79,13,4.1,110,43.38,904.08,Aluminum,Switzerland,36,catalog_05.pdf,0.72,Verified
PROD-00581,Industrial Fan Model 1580,Industrial Fan,Siemens,SIE-781-0580,Industrial industrial fan designed for manufacturing applications.,21859.44,275,5.0,110,15.28,495.89,Stainless Steel,Japan,6,catalog_06.pdf,0.82,Verified
PROD-00582,Conveyor System Model 1581,Conveyor System,Crompton,CRO-798-0581,Industrial conveyor system designed for manufacturing applications.,19789.93,391,4.5,440,26.8,1168.26,Alloy Steel,USA,36,catalog_07.pdf,0.71,Needs Review
PROD-00583,Industrial Pump Model 1582,Industrial Pump,Kirloskar,KIR-274-0582,Industrial industrial pump designed for manufacturing applications.,18766.98,97,3.2,110,46.57,1299.35,Carbon Steel,South Korea,36,catalog_08.pdf,0.94,Verified
PROD-00584,Gearbox Model 1583,Gearbox,Schneider Electric,SCH-833-0583,Industrial gearbox designed for manufacturing applications.,14141.08,458,4.6,415,85.6,1553.43,Alloy Steel,Japan,18,catalog_09.pdf,0.76,Needs Review
PROD-00585,Hydraulic Valve Model 1584,Hydraulic Valve,ABB,ABB-844-0584,Industrial hydraulic valve designed for manufacturing applications.,6344.54,21,3.3,110,136.11,856.8,Carbon Steel,Switzerland,18,catalog_10.pdf,0.8,Verified
PROD-00586,Gearbox Model 1585,Gearbox,Schneider Electric,SCH-773-0585,Industrial gearbox designed for manufacturing applications.,10732.81,158,3.9,220,178.06,1790.02,Carbon Steel,China,36,catalog_11.pdf,0.95,Verified
PROD-00587,Welding Machine Model 1586,Welding Machine,Siemens,SIE-520-0586,Industrial welding machine designed for manufacturing applications.,19890.87,409,3.4,400,53.13,1764.02,Cast Iron,Switzerland,36,catalog_12.pdf,0.92,Verified
PROD-00588,Hydraulic Valve Model 1587,Hydraulic Valve,WEG,WEG-233-0587,Industrial hydraulic valve designed for manufacturing applications.,1036.52,332,4.4,230,168.29,1588.14,Cast Iron,Germany,24,catalog_13.pdf,0.76,Needs Review
PROD-00589,Gearbox Model 1588,Gearbox,ABB,ABB-490-0588,Industrial gearbox designed for manufacturing applications.,19605.76,153,4.8,380,176.21,1035.62,Alloy Steel,Germany,6,catalog_14.pdf,0.72,Verified
PROD-00590,Hydraulic Valve Model 1589,Hydraulic Valve,ABB,ABB-835-0589,Industrial hydraulic valve designed for manufacturing applications.,6191.75,381,3.6,110,139.88,717.62,Alloy Steel,Japan,6,catalog_15.pdf,0.91,Needs Review
PROD-00591,Hydraulic Valve Model 1590,Hydraulic Valve,Rockwell Automation,ROC-600-0590,Industrial hydraulic valve designed for manufacturing applications.,3821.65,271,3.2,400,225.95,657.17,Aluminum,Italy,12,catalog_16.pdf,0.81,Verified
PROD-00592,Generator Model 1591,Generator,Crompton,CRO-764-0591,Industrial generator designed for manufacturing applications.,3113.61,426,3.6,440,28.19,23.8,Stainless Steel,South Korea,36,catalog_17.pdf,0.92,Verified
PROD-00593,Air Compressor Model 1592,Air Compressor,ABB,ABB-132-0592,Industrial air compressor designed for manufacturing applications.,924.44,332,4.3,110,44.69,450.02,Stainless Steel,Switzerland,36,catalog_18.pdf,0.83,Needs Review
PROD-00594,Air Compressor Model 1593,Air Compressor,Rockwell Automation,ROC-154-0593,Industrial air compressor designed for manufacturing applications.,13208.77,110,3.7,415,107.45,1294.42,Alloy Steel,China,36,catalog_19.pdf,0.8,Needs Review
PROD-00595,Generator Model 1594,Generator,Rockwell Automation,ROC-618-0594,Industrial generator designed for manufacturing applications.,5651.93,476,3.6,110,32.11,1087.33,Cast Iron,Germany,36,catalog_20.pdf,0.83,Needs Review
PROD-00596,Industrial Fan Model 1595,Industrial Fan,Siemens,SIE-855-0595,Industrial industrial fan designed for manufacturing applications.,24738.44,385,3.4,110,141.79,1649.73,Aluminum,South Korea,6,catalog_21.pdf,0.92,Verified
PROD-00597,Electric Motor Model 1596,Electric Motor,Bosch Rexroth,BOS-924-0596,Industrial electric motor designed for manufacturing applications.,14467.31,39,4.0,480,99.9,91.94,Stainless Steel,South Korea,18,catalog_22.pdf,0.96,Verified
PROD-00598,Industrial Fan Model 1597,Industrial Fan,Schneider Electric,SCH-737-0597,Industrial industrial fan designed for manufacturing applications.,3662.66,123,3.6,480,71.51,281.19,Alloy Steel,Germany,24,catalog_23.pdf,0.71,Verified
PROD-00599,Industrial Pump Model 1598,Industrial Pump,WEG,WEG-111-0598,Industrial industrial pump designed for manufacturing applications.,17296.87,18,4.5,110,42.91,1421.06,Cast Iron,India,18,catalog_24.pdf,0.85,Verified
PROD-00600,Industrial Pump Model 1599,Industrial Pump,Atlas Copco,ATL-627-0599,Industrial industrial pump designed for manufacturing applications.,22469.15,18,3.2,440,84.17,646.6,Cast Iron,Switzerland,18,catalog_25.pdf,0.71,Needs Review
PROD-00601,Hydraulic Valve Model 1600,Hydraulic Valve,Schneider Electric,SCH-819-0600,Industrial hydraulic valve designed for manufacturing applications.,18693.19,270,4.3,480,152.19,214.78,Cast Iron,South Korea,6,catalog_01.pdf,0.84,Verified
PROD-00602,Gearbox Model 1601,Gearbox,ABB,ABB-654-0601,Industrial gearbox designed for manufacturing applications.,2141.89,144,3.5,110,144.16,1793.62,Carbon Steel,Germany,24,catalog_02.pdf,0.96,Verified
PROD-00603,Gearbox Model 1602,Gearbox,WEG,WEG-472-0602,Industrial gearbox designed for manufacturing applications.,22423.13,298,4.0,380,41.32,1417.48,Cast Iron,India,36,catalog_03.pdf,0.8,Verified
PROD-00604,Air Compressor Model 1603,Air Compressor,Kirloskar,KIR-583-0603,Industrial air compressor designed for manufacturing applications.,19899.75,368,3.6,400,31.67,736.92,Alloy Steel,Germany,6,catalog_04.pdf,0.97,Verified
PROD-00605,Control Panel Model 1604,Control Panel,Bosch Rexroth,BOS-746-0604,Industrial control panel designed for manufacturing applications.,4168.02,123,4.4,480,7.16,1482.38,Aluminum,Germany,6,catalog_05.pdf,0.88,Verified
PROD-00606,Industrial Fan Model 1605,Industrial Fan,Kirloskar,KIR-327-0605,Industrial industrial fan designed for manufacturing applications.,1531.7,242,4.9,480,3.6,1225.73,Alloy Steel,South Korea,24,catalog_06.pdf,0.97,Verified
PROD-00607,Welding Machine Model 1606,Welding Machine,Kirloskar,KIR-722-0606,Industrial welding machine designed for manufacturing applications.,14043.44,38,4.8,415,220.01,1422.37,Cast Iron,Italy,12,catalog_07.pdf,0.92,Verified
PROD-00608,Conveyor System Model 1607,Conveyor System,Crompton,CRO-406-0607,Industrial conveyor system designed for manufacturing applications.,4111.89,173,4.2,110,11.75,1467.74,Aluminum,Italy,6,catalog_08.pdf,0.73,Verified
PROD-00609,Gearbox Model 1608,Gearbox,Schneider Electric,SCH-556-0608,Industrial gearbox designed for manufacturing applications.,20906.13,14,3.9,110,182.94,154.34,Stainless Steel,China,18,catalog_09.pdf,0.77,Needs Review
PROD-00610,Conveyor System Model 1609,Conveyor System,Atlas Copco,ATL-259-0609,Industrial conveyor system designed for manufacturing applications.,9118.78,126,4.6,110,218.06,1122.11,Stainless Steel,Switzerland,18,catalog_10.pdf,0.81,Verified
PROD-00611,Hydraulic Valve Model 1610,Hydraulic Valve,Siemens,SIE-430-0610,Industrial hydraulic valve designed for manufacturing applications.,22844.09,405,4.4,110,24.97,14.2,Alloy Steel,Germany,36,catalog_11.pdf,0.75,Verified
PROD-00612,Conveyor System Model 1611,Conveyor System,Atlas Copco,ATL-875-0611,Industrial conveyor system designed for manufacturing applications.,14250.78,149,3.4,480,109.36,80.13,Aluminum,Switzerland,6,catalog_12.pdf,0.84,Needs Review
PROD-00613,Welding Machine Model 1612,Welding Machine,Kirloskar,KIR-324-0612,Industrial welding machine designed for manufacturing applications.,4771.14,455,4.6,220,240.59,1627.36,Alloy Steel,China,36,catalog_13.pdf,0.84,Needs Review
PROD-00614,Generator Model 1613,Generator,ABB,ABB-828-0613,Industrial generator designed for manufacturing applications.,3705.07,450,3.9,220,208.62,950.56,Aluminum,China,6,catalog_14.pdf,0.98,Needs Review
PROD-00615,Welding Machine Model 1614,Welding Machine,Bosch Rexroth,BOS-603-0614,Industrial welding machine designed for manufacturing applications.,14517.69,227,3.4,230,122.68,1325.15,Aluminum,China,24,catalog_15.pdf,0.83,Needs Review
PROD-00616,Conveyor System Model 1615,Conveyor System,Honeywell,HON-555-0615,Industrial conveyor system designed for manufacturing applications.,19106.62,375,3.6,110,190.76,1509.62,Alloy Steel,China,6,catalog_16.pdf,0.93,Verified
PROD-00617,Welding Machine Model 1616,Welding Machine,Atlas Copco,ATL-144-0616,Industrial welding machine designed for manufacturing applications.,19592.26,261,3.5,230,208.43,1709.36,Aluminum,Japan,12,catalog_17.pdf,0.97,Needs Review
PROD-00618,Electric Motor Model 1617,Electric Motor,Kirloskar,KIR-313-0617,Industrial electric motor designed for manufacturing applications.,7075.0,272,4.0,380,87.33,1565.1,Cast Iron,South Korea,18,catalog_18.pdf,0.95,Verified
PROD-00619,Hydraulic Valve Model 1618,Hydraulic Valve,Bosch Rexroth,BOS-158-0618,Industrial hydraulic valve designed for manufacturing applications.,5305.11,363,3.5,230,223.09,870.99,Aluminum,South Korea,24,catalog_19.pdf,0.76,Verified
PROD-00620,Industrial Fan Model 1619,Industrial Fan,WEG,WEG-743-0619,Industrial industrial fan designed for manufacturing applications.,664.72,8,3.2,400,117.88,606.07,Aluminum,Japan,18,catalog_20.pdf,0.84,Needs Review
PROD-00621,Generator Model 1620,Generator,Schneider Electric,SCH-715-0620,Industrial generator designed for manufacturing applications.,17060.18,430,3.2,220,132.19,279.78,Alloy Steel,Germany,36,catalog_21.pdf,0.8,Verified
PROD-00622,Gearbox Model 1621,Gearbox,Rockwell Automation,ROC-294-0621,Industrial gearbox designed for manufacturing applications.,2145.06,401,4.2,220,249.93,721.78,Stainless Steel,Japan,24,catalog_22.pdf,0.82,Needs Review
PROD-00623,Industrial Pump Model 1622,Industrial Pump,Crompton,CRO-588-0622,Industrial industrial pump designed for manufacturing applications.,10663.84,358,4.5,110,210.9,660.96,Carbon Steel,Germany,12,catalog_23.pdf,0.8,Needs Review
PROD-00624,Industrial Fan Model 1623,Industrial Fan,Bosch Rexroth,BOS-256-0623,Industrial industrial fan designed for manufacturing applications.,15141.63,110,3.6,480,90.76,1008.12,Aluminum,Italy,18,catalog_24.pdf,0.94,Verified
PROD-00625,Industrial Pump Model 1624,Industrial Pump,ABB,ABB-709-0624,Industrial industrial pump designed for manufacturing applications.,23443.45,89,3.1,110,3.08,1198.59,Carbon Steel,South Korea,6,catalog_25.pdf,0.83,Needs Review
PROD-00626,Hydraulic Valve Model 1625,Hydraulic Valve,ABB,ABB-325-0625,Industrial hydraulic valve designed for manufacturing applications.,7967.1,218,3.3,380,156.73,1761.03,Aluminum,USA,6,catalog_01.pdf,0.85,Verified
PROD-00627,Generator Model 1626,Generator,Bosch Rexroth,BOS-511-0626,Industrial generator designed for manufacturing applications.,6431.86,125,4.8,415,176.13,1311.64,Alloy Steel,India,6,catalog_02.pdf,0.98,Verified
PROD-00628,Air Compressor Model 1627,Air Compressor,ABB,ABB-304-0627,Industrial air compressor designed for manufacturing applications.,16440.46,136,4.0,380,162.88,1159.46,Alloy Steel,South Korea,24,catalog_03.pdf,0.72,Needs Review
PROD-00629,Gearbox Model 1628,Gearbox,Schneider Electric,SCH-178-0628,Industrial gearbox designed for manufacturing applications.,15576.17,342,3.9,400,241.98,604.5,Aluminum,Japan,12,catalog_04.pdf,0.84,Verified
PROD-00630,Electric Motor Model 1629,Electric Motor,ABB,ABB-223-0629,Industrial electric motor designed for manufacturing applications.,8469.72,201,3.1,110,215.81,64.04,Alloy Steel,Japan,12,catalog_05.pdf,0.92,Needs Review
PROD-00631,Air Compressor Model 1630,Air Compressor,Atlas Copco,ATL-570-0630,Industrial air compressor designed for manufacturing applications.,23220.52,23,4.5,110,112.48,520.05,Alloy Steel,Italy,12,catalog_06.pdf,0.74,Verified
PROD-00632,Hydraulic Valve Model 1631,Hydraulic Valve,Rockwell Automation,ROC-317-0631,Industrial hydraulic valve designed for manufacturing applications.,21160.34,134,4.1,380,16.18,1383.67,Aluminum,Japan,18,catalog_07.pdf,0.88,Verified
PROD-00633,Industrial Fan Model 1632,Industrial Fan,ABB,ABB-615-0632,Industrial industrial fan designed for manufacturing applications.,5793.57,16,3.4,380,119.28,371.08,Stainless Steel,Germany,24,catalog_08.pdf,0.77,Needs Review
PROD-00634,Electric Motor Model 1633,Electric Motor,Rockwell Automation,ROC-701-0633,Industrial electric motor designed for manufacturing applications.,6168.78,85,3.2,380,172.47,1282.51,Aluminum,Germany,6,catalog_09.pdf,0.95,Verified
PROD-00635,Welding Machine Model 1634,Welding Machine,Kirloskar,KIR-203-0634,Industrial welding machine designed for manufacturing applications.,12929.43,334,3.8,220,152.12,1044.44,Stainless Steel,USA,18,catalog_10.pdf,0.79,Verified
PROD-00636,Conveyor System Model 1635,Conveyor System,Siemens,SIE-492-0635,Industrial conveyor system designed for manufacturing applications.,19395.91,358,4.7,230,134.77,311.0,Alloy Steel,USA,12,catalog_11.pdf,0.8,Verified
PROD-00637,Electric Motor Model 1636,Electric Motor,Schneider Electric,SCH-730-0636,Industrial electric motor designed for manufacturing applications.,1340.0,266,4.7,230,117.47,472.4,Stainless Steel,South Korea,6,catalog_12.pdf,0.87,Needs Review
PROD-00638,Hydraulic Valve Model 1637,Hydraulic Valve,Siemens,SIE-744-0637,Industrial hydraulic valve designed for manufacturing applications.,17410.05,396,4.2,110,73.79,894.35,Alloy Steel,USA,24,catalog_13.pdf,0.75,Verified
PROD-00639,Control Panel Model 1638,Control Panel,Kirloskar,KIR-923-0638,Industrial control panel designed for manufacturing applications.,16293.84,129,4.5,220,69.7,754.24,Stainless Steel,Germany,36,catalog_14.pdf,0.78,Needs Review
PROD-00640,Conveyor System Model 1639,Conveyor System,Schneider Electric,SCH-707-0639,Industrial conveyor system designed for manufacturing applications.,5979.13,311,3.2,380,125.31,1401.86,Stainless Steel,Switzerland,12,catalog_15.pdf,0.82,Verified
PROD-00641,Industrial Pump Model 1640,Industrial Pump,Bosch Rexroth,BOS-533-0640,Industrial industrial pump designed for manufacturing applications.,17113.49,271,4.2,110,40.57,1322.46,Aluminum,China,12,catalog_16.pdf,0.8,Verified
PROD-00642,Gearbox Model 1641,Gearbox,Bosch Rexroth,BOS-430-0641,Industrial gearbox designed for manufacturing applications.,23519.53,451,4.3,220,85.5,1035.08,Stainless Steel,China,12,catalog_17.pdf,0.85,Needs Review
PROD-00643,Industrial Pump Model 1642,Industrial Pump,Rockwell Automation,ROC-242-0642,Industrial industrial pump designed for manufacturing applications.,1407.95,445,3.4,400,81.33,1480.45,Alloy Steel,USA,12,catalog_18.pdf,0.87,Verified
PROD-00644,Electric Motor Model 1643,Electric Motor,Kirloskar,KIR-899-0643,Industrial electric motor designed for manufacturing applications.,8161.39,387,4.8,415,146.99,1013.68,Aluminum,USA,6,catalog_19.pdf,0.86,Verified
PROD-00645,Industrial Pump Model 1644,Industrial Pump,Rockwell Automation,ROC-639-0644,Industrial industrial pump designed for manufacturing applications.,11094.87,144,3.4,220,17.14,1735.97,Stainless Steel,Germany,24,catalog_20.pdf,0.89,Needs Review
PROD-00646,Hydraulic Valve Model 1645,Hydraulic Valve,Crompton,CRO-377-0645,Industrial hydraulic valve designed for manufacturing applications.,22506.69,333,3.6,440,207.5,392.57,Aluminum,Italy,18,catalog_21.pdf,0.79,Needs Review
PROD-00647,Welding Machine Model 1646,Welding Machine,ABB,ABB-332-0646,Industrial welding machine designed for manufacturing applications.,24065.97,6,4.2,110,140.81,1286.01,Carbon Steel,South Korea,6,catalog_22.pdf,0.74,Verified
PROD-00648,Industrial Fan Model 1647,Industrial Fan,Honeywell,HON-628-0647,Industrial industrial fan designed for manufacturing applications.,11241.85,12,4.3,480,167.87,667.16,Aluminum,Japan,24,catalog_23.pdf,0.92,Verified
PROD-00649,Gearbox Model 1648,Gearbox,Crompton,CRO-670-0648,Industrial gearbox designed for manufacturing applications.,18813.2,254,4.4,230,175.92,503.58,Carbon Steel,South Korea,18,catalog_24.pdf,0.95,Needs Review
PROD-00650,Industrial Pump Model 1649,Industrial Pump,ABB,ABB-189-0649,Industrial industrial pump designed for manufacturing applications.,13408.61,143,3.2,440,73.23,326.34,Carbon Steel,India,12,catalog_25.pdf,0.77,Needs Review
PROD-00651,Industrial Pump Model 1650,Industrial Pump,Schneider Electric,SCH-591-0650,Industrial industrial pump designed for manufacturing applications.,13560.13,128,4.7,380,117.86,995.4,Aluminum,China,24,catalog_01.pdf,0.82,Needs Review
PROD-00652,Electric Motor Model 1651,Electric Motor,Rockwell Automation,ROC-298-0651,Industrial electric motor designed for manufacturing applications.,7132.96,313,4.1,415,239.08,389.41,Alloy Steel,Switzerland,12,catalog_02.pdf,0.84,Verified
PROD-00653,Industrial Fan Model 1652,Industrial Fan,Schneider Electric,SCH-461-0652,Industrial industrial fan designed for manufacturing applications.,5619.67,232,3.9,480,191.79,362.23,Alloy Steel,China,24,catalog_03.pdf,0.85,Needs Review
PROD-00654,Air Compressor Model 1653,Air Compressor,Schneider Electric,SCH-540-0653,Industrial air compressor designed for manufacturing applications.,7378.13,14,5.0,400,242.4,1782.98,Alloy Steel,Germany,36,catalog_04.pdf,0.89,Verified
PROD-00655,Industrial Pump Model 1654,Industrial Pump,ABB,ABB-125-0654,Industrial industrial pump designed for manufacturing applications.,14019.12,473,4.5,480,186.69,1443.54,Cast Iron,South Korea,12,catalog_05.pdf,0.71,Verified
PROD-00656,Hydraulic Valve Model 1655,Hydraulic Valve,Kirloskar,KIR-124-0655,Industrial hydraulic valve designed for manufacturing applications.,971.59,216,3.2,415,44.31,1347.4,Carbon Steel,Switzerland,12,catalog_06.pdf,0.91,Verified
PROD-00657,Control Panel Model 1656,Control Panel,ABB,ABB-493-0656,Industrial control panel designed for manufacturing applications.,22704.41,116,4.5,480,16.6,1429.72,Aluminum,Germany,12,catalog_07.pdf,0.72,Verified
PROD-00658,Gearbox Model 1657,Gearbox,WEG,WEG-606-0657,Industrial gearbox designed for manufacturing applications.,4118.02,12,3.2,415,144.63,1744.12,Alloy Steel,India,6,catalog_08.pdf,0.84,Verified
PROD-00659,Industrial Pump Model 1658,Industrial Pump,Bosch Rexroth,BOS-400-0658,Industrial industrial pump designed for manufacturing applications.,5697.19,296,3.1,220,89.77,1032.75,Alloy Steel,Switzerland,18,catalog_09.pdf,0.94,Verified
PROD-00660,Hydraulic Valve Model 1659,Hydraulic Valve,Bosch Rexroth,BOS-438-0659,Industrial hydraulic valve designed for manufacturing applications.,13077.34,481,3.8,110,69.23,398.0,Aluminum,South Korea,12,catalog_10.pdf,0.83,Verified
PROD-00661,Hydraulic Valve Model 1660,Hydraulic Valve,Crompton,CRO-366-0660,Industrial hydraulic valve designed for manufacturing applications.,17825.34,366,5.0,480,201.9,1552.25,Carbon Steel,Switzerland,12,catalog_11.pdf,0.74,Needs Review
PROD-00662,Gearbox Model 1661,Gearbox,Bosch Rexroth,BOS-560-0661,Industrial gearbox designed for manufacturing applications.,2619.29,464,3.3,480,92.06,1337.43,Aluminum,India,6,catalog_12.pdf,0.99,Verified
PROD-00663,Air Compressor Model 1662,Air Compressor,ABB,ABB-792-0662,Industrial air compressor designed for manufacturing applications.,8112.94,257,4.3,110,79.59,746.93,Cast Iron,USA,6,catalog_13.pdf,0.96,Verified
PROD-00664,Hydraulic Valve Model 1663,Hydraulic Valve,Atlas Copco,ATL-555-0663,Industrial hydraulic valve designed for manufacturing applications.,24224.7,18,3.3,415,212.57,853.48,Cast Iron,South Korea,36,catalog_14.pdf,0.92,Verified
PROD-00665,Control Panel Model 1664,Control Panel,Rockwell Automation,ROC-459-0664,Industrial control panel designed for manufacturing applications.,6742.99,244,4.4,380,211.65,741.43,Aluminum,India,24,catalog_15.pdf,0.82,Verified
PROD-00666,Hydraulic Valve Model 1665,Hydraulic Valve,ABB,ABB-167-0665,Industrial hydraulic valve designed for manufacturing applications.,7997.99,442,4.0,110,89.41,1674.04,Carbon Steel,Japan,12,catalog_16.pdf,0.75,Verified
PROD-00667,Hydraulic Valve Model 1666,Hydraulic Valve,ABB,ABB-962-0666,Industrial hydraulic valve designed for manufacturing applications.,20953.34,246,4.4,415,208.21,619.67,Alloy Steel,Japan,24,catalog_17.pdf,0.97,Verified
PROD-00668,Hydraulic Valve Model 1667,Hydraulic Valve,Honeywell,HON-511-0667,Industrial hydraulic valve designed for manufacturing applications.,1492.81,473,3.4,110,212.77,1734.34,Cast Iron,China,6,catalog_18.pdf,0.85,Needs Review
PROD-00669,Welding Machine Model 1668,Welding Machine,Rockwell Automation,ROC-590-0668,Industrial welding machine designed for manufacturing applications.,11749.18,346,4.5,380,106.27,1638.67,Cast Iron,Japan,6,catalog_19.pdf,0.95,Needs Review
PROD-00670,Welding Machine Model 1669,Welding Machine,WEG,WEG-932-0669,Industrial welding machine designed for manufacturing applications.,9645.51,153,5.0,400,17.09,1135.68,Carbon Steel,South Korea,36,catalog_20.pdf,0.8,Needs Review
PROD-00671,Air Compressor Model 1670,Air Compressor,Bosch Rexroth,BOS-148-0670,Industrial air compressor designed for manufacturing applications.,8085.52,240,4.3,440,0.9,1044.52,Cast Iron,Japan,18,catalog_21.pdf,0.8,Verified
PROD-00672,Industrial Pump Model 1671,Industrial Pump,Rockwell Automation,ROC-786-0671,Industrial industrial pump designed for manufacturing applications.,7321.06,310,4.0,415,131.06,667.42,Cast Iron,Japan,6,catalog_22.pdf,0.99,Verified
PROD-00673,Hydraulic Valve Model 1672,Hydraulic Valve,Bosch Rexroth,BOS-663-0672,Industrial hydraulic valve designed for manufacturing applications.,2511.51,482,4.8,230,86.35,34.97,Carbon Steel,Switzerland,12,catalog_23.pdf,0.85,Verified
PROD-00674,Industrial Fan Model 1673,Industrial Fan,Crompton,CRO-201-0673,Industrial industrial fan designed for manufacturing applications.,8041.94,171,3.0,230,249.28,231.47,Aluminum,USA,36,catalog_24.pdf,0.74,Needs Review
PROD-00675,Industrial Pump Model 1674,Industrial Pump,Rockwell Automation,ROC-315-0674,Industrial industrial pump designed for manufacturing applications.,1315.55,24,4.5,415,193.22,1358.11,Alloy Steel,China,18,catalog_25.pdf,0.76,Verified
PROD-00676,Air Compressor Model 1675,Air Compressor,Bosch Rexroth,BOS-537-0675,Industrial air compressor designed for manufacturing applications.,19578.86,220,4.8,220,190.44,849.83,Alloy Steel,Germany,36,catalog_01.pdf,0.84,Verified
PROD-00677,Generator Model 1676,Generator,WEG,WEG-799-0676,Industrial generator designed for manufacturing applications.,10106.14,347,3.1,400,238.83,271.41,Cast Iron,China,6,catalog_02.pdf,0.71,Verified
PROD-00678,Industrial Pump Model 1677,Industrial Pump,Siemens,SIE-668-0677,Industrial industrial pump designed for manufacturing applications.,11236.62,139,3.9,220,221.99,476.6,Alloy Steel,China,18,catalog_03.pdf,0.83,Verified
PROD-00679,Industrial Pump Model 1678,Industrial Pump,Schneider Electric,SCH-658-0678,Industrial industrial pump designed for manufacturing applications.,22366.47,397,3.4,440,79.89,1706.21,Aluminum,China,24,catalog_04.pdf,0.82,Needs Review
PROD-00680,Conveyor System Model 1679,Conveyor System,Schneider Electric,SCH-258-0679,Industrial conveyor system designed for manufacturing applications.,16536.86,133,4.1,230,41.91,662.1,Cast Iron,India,18,catalog_05.pdf,0.93,Needs Review
PROD-00681,Electric Motor Model 1680,Electric Motor,WEG,WEG-588-0680,Industrial electric motor designed for manufacturing applications.,449.46,414,4.3,380,186.6,1634.01,Alloy Steel,Germany,12,catalog_06.pdf,0.8,Needs Review
PROD-00682,Conveyor System Model 1681,Conveyor System,Honeywell,HON-785-0681,Industrial conveyor system designed for manufacturing applications.,23593.58,426,3.6,415,94.88,549.74,Stainless Steel,India,24,catalog_07.pdf,0.98,Verified
PROD-00683,Control Panel Model 1682,Control Panel,Siemens,SIE-341-0682,Industrial control panel designed for manufacturing applications.,6119.33,298,3.9,440,118.56,978.71,Stainless Steel,USA,24,catalog_08.pdf,0.75,Needs Review
PROD-00684,Welding Machine Model 1683,Welding Machine,Crompton,CRO-893-0683,Industrial welding machine designed for manufacturing applications.,2913.45,250,3.6,480,157.78,38.82,Stainless Steel,USA,12,catalog_09.pdf,0.87,Verified
PROD-00685,Welding Machine Model 1684,Welding Machine,WEG,WEG-852-0684,Industrial welding machine designed for manufacturing applications.,19261.17,193,3.7,480,227.01,940.33,Stainless Steel,Italy,24,catalog_10.pdf,0.73,Needs Review
PROD-00686,Electric Motor Model 1685,Electric Motor,Schneider Electric,SCH-981-0685,Industrial electric motor designed for manufacturing applications.,12636.81,48,3.3,110,105.06,1147.22,Stainless Steel,Italy,6,catalog_11.pdf,0.91,Verified
PROD-00687,Gearbox Model 1686,Gearbox,Schneider Electric,SCH-104-0686,Industrial gearbox designed for manufacturing applications.,10985.82,90,4.8,230,195.94,423.28,Cast Iron,Switzerland,18,catalog_12.pdf,0.99,Verified
PROD-00688,Gearbox Model 1687,Gearbox,Schneider Electric,SCH-695-0687,Industrial gearbox designed for manufacturing applications.,6425.2,48,3.0,400,67.45,1042.93,Carbon Steel,USA,18,catalog_13.pdf,0.94,Needs Review
PROD-00689,Air Compressor Model 1688,Air Compressor,Kirloskar,KIR-919-0688,Industrial air compressor designed for manufacturing applications.,13799.92,334,4.8,230,174.64,1165.61,Carbon Steel,USA,12,catalog_14.pdf,0.86,Verified
PROD-00690,Electric Motor Model 1689,Electric Motor,WEG,WEG-460-0689,Industrial electric motor designed for manufacturing applications.,7041.02,379,4.1,400,0.89,1237.02,Cast Iron,India,6,catalog_15.pdf,0.84,Needs Review
PROD-00691,Industrial Pump Model 1690,Industrial Pump,ABB,ABB-558-0690,Industrial industrial pump designed for manufacturing applications.,22564.18,450,3.7,400,217.94,1397.97,Cast Iron,Switzerland,24,catalog_16.pdf,0.94,Needs Review
PROD-00692,Gearbox Model 1691,Gearbox,Crompton,CRO-347-0691,Industrial gearbox designed for manufacturing applications.,5576.31,382,4.4,415,8.08,561.79,Aluminum,USA,18,catalog_17.pdf,0.97,Verified
PROD-00693,Hydraulic Valve Model 1692,Hydraulic Valve,Schneider Electric,SCH-665-0692,Industrial hydraulic valve designed for manufacturing applications.,22137.79,394,4.0,400,178.33,1022.86,Carbon Steel,South Korea,18,catalog_18.pdf,0.99,Verified
PROD-00694,Industrial Fan Model 1693,Industrial Fan,Bosch Rexroth,BOS-772-0693,Industrial industrial fan designed for manufacturing applications.,14095.28,149,4.0,220,12.04,1766.88,Stainless Steel,Germany,18,catalog_19.pdf,0.81,Verified
PROD-00695,Industrial Pump Model 1694,Industrial Pump,WEG,WEG-521-0694,Industrial industrial pump designed for manufacturing applications.,20755.08,55,3.2,480,66.93,1616.86,Cast Iron,India,18,catalog_20.pdf,0.99,Needs Review
PROD-00696,Control Panel Model 1695,Control Panel,Kirloskar,KIR-837-0695,Industrial control panel designed for manufacturing applications.,17892.94,246,3.8,440,124.55,1714.89,Stainless Steel,USA,36,catalog_21.pdf,0.75,Verified
PROD-00697,Hydraulic Valve Model 1696,Hydraulic Valve,WEG,WEG-114-0696,Industrial hydraulic valve designed for manufacturing applications.,17493.2,298,3.5,380,105.27,696.27,Carbon Steel,India,12,catalog_22.pdf,0.77,Verified
PROD-00698,Hydraulic Valve Model 1697,Hydraulic Valve,Crompton,CRO-835-0697,Industrial hydraulic valve designed for manufacturing applications.,8277.56,412,3.0,230,48.36,1416.9,Alloy Steel,India,24,catalog_23.pdf,0.73,Verified
PROD-00699,Electric Motor Model 1698,Electric Motor,Kirloskar,KIR-672-0698,Industrial electric motor designed for manufacturing applications.,6038.95,55,3.7,380,83.79,1116.58,Alloy Steel,Japan,24,catalog_24.pdf,0.78,Verified
PROD-00700,Air Compressor Model 1699,Air Compressor,Crompton,CRO-221-0699,Industrial air compressor designed for manufacturing applications.,5469.43,270,3.2,440,182.06,150.76,Cast Iron,Switzerland,12,catalog_25.pdf,0.92,Needs Review
PROD-00701,Control Panel Model 1700,Control Panel,WEG,WEG-376-0700,Industrial control panel designed for manufacturing applications.,21465.49,124,3.5,110,167.48,1483.52,Aluminum,Italy,6,catalog_01.pdf,0.95,Verified
PROD-00702,Gearbox Model 1701,Gearbox,ABB,ABB-657-0701,Industrial gearbox designed for manufacturing applications.,20555.56,204,3.2,440,18.42,1219.43,Stainless Steel,Switzerland,12,catalog_02.pdf,0.93,Verified
PROD-00703,Electric Motor Model 1702,Electric Motor,Crompton,CRO-552-0702,Industrial electric motor designed for manufacturing applications.,11154.19,409,3.2,230,186.96,359.65,Cast Iron,India,18,catalog_03.pdf,0.88,Needs Review
PROD-00704,Gearbox Model 1703,Gearbox,Kirloskar,KIR-489-0703,Industrial gearbox designed for manufacturing applications.,3527.01,252,3.4,480,13.73,145.37,Aluminum,Switzerland,18,catalog_04.pdf,0.85,Verified
PROD-00705,Electric Motor Model 1704,Electric Motor,Kirloskar,KIR-393-0704,Industrial electric motor designed for manufacturing applications.,9710.74,74,5.0,380,135.96,1506.97,Stainless Steel,China,12,catalog_05.pdf,0.91,Verified
PROD-00706,Electric Motor Model 1705,Electric Motor,Crompton,CRO-673-0705,Industrial electric motor designed for manufacturing applications.,15578.75,345,3.0,380,65.39,143.87,Carbon Steel,South Korea,12,catalog_06.pdf,0.81,Verified
PROD-00707,Electric Motor Model 1706,Electric Motor,Atlas Copco,ATL-697-0706,Industrial electric motor designed for manufacturing applications.,11496.48,61,4.3,415,147.13,166.25,Alloy Steel,South Korea,24,catalog_07.pdf,0.94,Verified
PROD-00708,Air Compressor Model 1707,Air Compressor,WEG,WEG-545-0707,Industrial air compressor designed for manufacturing applications.,19559.68,386,3.3,415,65.7,770.48,Aluminum,India,24,catalog_08.pdf,0.9,Verified
PROD-00709,Electric Motor Model 1708,Electric Motor,Atlas Copco,ATL-309-0708,Industrial electric motor designed for manufacturing applications.,24941.16,43,4.8,440,246.25,244.37,Stainless Steel,China,36,catalog_09.pdf,0.9,Needs Review
PROD-00710,Generator Model 1709,Generator,Honeywell,HON-689-0709,Industrial generator designed for manufacturing applications.,4980.52,476,3.2,440,77.78,1644.78,Cast Iron,South Korea,36,catalog_10.pdf,0.86,Needs Review
PROD-00711,Industrial Fan Model 1710,Industrial Fan,WEG,WEG-813-0710,Industrial industrial fan designed for manufacturing applications.,11626.36,293,4.9,110,60.87,847.57,Stainless Steel,Japan,18,catalog_11.pdf,0.96,Needs Review
PROD-00712,Gearbox Model 1711,Gearbox,Crompton,CRO-401-0711,Industrial gearbox designed for manufacturing applications.,10916.85,447,4.2,400,69.98,1025.33,Cast Iron,USA,36,catalog_12.pdf,0.77,Needs Review
PROD-00713,Industrial Pump Model 1712,Industrial Pump,Siemens,SIE-322-0712,Industrial industrial pump designed for manufacturing applications.,7786.19,22,3.0,230,224.17,1670.73,Alloy Steel,India,36,catalog_13.pdf,0.81,Verified
PROD-00714,Conveyor System Model 1713,Conveyor System,Crompton,CRO-833-0713,Industrial conveyor system designed for manufacturing applications.,5152.86,444,4.8,415,159.24,955.41,Alloy Steel,Japan,6,catalog_14.pdf,0.93,Verified
PROD-00715,Control Panel Model 1714,Control Panel,Atlas Copco,ATL-102-0714,Industrial control panel designed for manufacturing applications.,1875.88,224,4.0,230,182.81,637.76,Stainless Steel,Switzerland,12,catalog_15.pdf,0.84,Verified
PROD-00716,Welding Machine Model 1715,Welding Machine,ABB,ABB-617-0715,Industrial welding machine designed for manufacturing applications.,22206.2,317,3.5,110,229.54,1435.28,Stainless Steel,Germany,24,catalog_16.pdf,0.96,Needs Review
PROD-00717,Air Compressor Model 1716,Air Compressor,Crompton,CRO-192-0716,Industrial air compressor designed for manufacturing applications.,10641.26,248,4.5,415,228.01,798.24,Cast Iron,Switzerland,36,catalog_17.pdf,0.8,Needs Review
PROD-00718,Industrial Pump Model 1717,Industrial Pump,Crompton,CRO-619-0717,Industrial industrial pump designed for manufacturing applications.,12548.16,356,4.9,415,184.87,574.61,Cast Iron,Japan,24,catalog_18.pdf,0.81,Verified
PROD-00719,Hydraulic Valve Model 1718,Hydraulic Valve,ABB,ABB-527-0718,Industrial hydraulic valve designed for manufacturing applications.,22944.32,464,4.0,400,49.86,1302.37,Aluminum,Italy,36,catalog_19.pdf,0.96,Verified
PROD-00720,Generator Model 1719,Generator,Crompton,CRO-592-0719,Industrial generator designed for manufacturing applications.,19463.19,308,3.6,230,210.92,1443.29,Aluminum,Italy,36,catalog_20.pdf,0.83,Verified
PROD-00721,Welding Machine Model 1720,Welding Machine,Schneider Electric,SCH-334-0720,Industrial welding machine designed for manufacturing applications.,3479.91,302,4.6,480,51.34,1425.51,Aluminum,USA,18,catalog_21.pdf,0.85,Verified
PROD-00722,Conveyor System Model 1721,Conveyor System,Siemens,SIE-719-0721,Industrial conveyor system designed for manufacturing applications.,14244.14,287,4.4,230,185.85,1759.86,Stainless Steel,Switzerland,6,catalog_22.pdf,0.8,Needs Review
PROD-00723,Industrial Pump Model 1722,Industrial Pump,Bosch Rexroth,BOS-260-0722,Industrial industrial pump designed for manufacturing applications.,11195.74,78,4.8,230,171.56,1416.43,Aluminum,China,12,catalog_23.pdf,0.78,Verified
PROD-00724,Welding Machine Model 1723,Welding Machine,Siemens,SIE-820-0723,Industrial welding machine designed for manufacturing applications.,19980.97,114,4.4,400,189.84,1386.34,Stainless Steel,USA,12,catalog_24.pdf,0.89,Needs Review
PROD-00725,Industrial Pump Model 1724,Industrial Pump,Crompton,CRO-851-0724,Industrial industrial pump designed for manufacturing applications.,18174.76,184,3.5,415,133.41,1543.76,Alloy Steel,South Korea,18,catalog_25.pdf,0.73,Verified
PROD-00726,Generator Model 1725,Generator,Schneider Electric,SCH-430-0725,Industrial generator designed for manufacturing applications.,17337.54,430,4.9,110,159.86,2.33,Carbon Steel,China,18,catalog_01.pdf,0.95,Needs Review
PROD-00727,Conveyor System Model 1726,Conveyor System,WEG,WEG-432-0726,Industrial conveyor system designed for manufacturing applications.,8678.48,36,3.2,230,238.35,653.65,Alloy Steel,China,12,catalog_02.pdf,0.93,Needs Review
PROD-00728,Hydraulic Valve Model 1727,Hydraulic Valve,Crompton,CRO-149-0727,Industrial hydraulic valve designed for manufacturing applications.,20172.85,238,3.5,380,25.72,1328.21,Stainless Steel,China,12,catalog_03.pdf,0.76,Needs Review
PROD-00729,Electric Motor Model 1728,Electric Motor,Atlas Copco,ATL-622-0728,Industrial electric motor designed for manufacturing applications.,1546.68,286,4.0,480,77.56,1080.29,Stainless Steel,China,6,catalog_04.pdf,0.9,Verified
PROD-00730,Gearbox Model 1729,Gearbox,Schneider Electric,SCH-962-0729,Industrial gearbox designed for manufacturing applications.,4200.72,29,4.1,480,153.03,321.27,Carbon Steel,Italy,36,catalog_05.pdf,0.87,Verified
PROD-00731,Hydraulic Valve Model 1730,Hydraulic Valve,ABB,ABB-767-0730,Industrial hydraulic valve designed for manufacturing applications.,8556.68,335,3.0,400,241.03,548.11,Cast Iron,Switzerland,6,catalog_06.pdf,0.75,Verified
PROD-00732,Electric Motor Model 1731,Electric Motor,Schneider Electric,SCH-591-0731,Industrial electric motor designed for manufacturing applications.,2150.98,283,4.6,220,24.35,607.55,Cast Iron,South Korea,12,catalog_07.pdf,0.78,Verified
PROD-00733,Air Compressor Model 1732,Air Compressor,ABB,ABB-681-0732,Industrial air compressor designed for manufacturing applications.,6066.11,230,3.7,110,6.13,1022.95,Cast Iron,Italy,36,catalog_08.pdf,0.82,Verified
PROD-00734,Industrial Fan Model 1733,Industrial Fan,Honeywell,HON-780-0733,Industrial industrial fan designed for manufacturing applications.,20796.24,61,3.8,380,14.41,1497.21,Aluminum,India,12,catalog_09.pdf,0.9,Needs Review
PROD-00735,Control Panel Model 1734,Control Panel,Bosch Rexroth,BOS-371-0734,Industrial control panel designed for manufacturing applications.,23719.23,184,4.6,230,13.58,1678.62,Cast Iron,South Korea,6,catalog_10.pdf,0.89,Verified
PROD-00736,Control Panel Model 1735,Control Panel,Rockwell Automation,ROC-679-0735,Industrial control panel designed for manufacturing applications.,7788.91,236,3.8,220,227.0,1350.67,Aluminum,Italy,6,catalog_11.pdf,0.85,Verified
PROD-00737,Gearbox Model 1736,Gearbox,Schneider Electric,SCH-966-0736,Industrial gearbox designed for manufacturing applications.,6796.77,386,3.1,110,180.45,1517.62,Aluminum,USA,6,catalog_12.pdf,0.92,Verified
PROD-00738,Conveyor System Model 1737,Conveyor System,Kirloskar,KIR-351-0737,Industrial conveyor system designed for manufacturing applications.,7177.34,347,3.4,400,169.44,847.23,Cast Iron,Italy,36,catalog_13.pdf,0.92,Needs Review
PROD-00739,Generator Model 1738,Generator,Atlas Copco,ATL-659-0738,Industrial generator designed for manufacturing applications.,7123.55,481,4.9,220,130.88,702.82,Cast Iron,South Korea,24,catalog_14.pdf,0.88,Needs Review
PROD-00740,Conveyor System Model 1739,Conveyor System,Crompton,CRO-795-0739,Industrial conveyor system designed for manufacturing applications.,1139.27,291,3.1,415,195.6,708.09,Carbon Steel,South Korea,24,catalog_15.pdf,0.93,Verified
PROD-00741,Generator Model 1740,Generator,Atlas Copco,ATL-931-0740,Industrial generator designed for manufacturing applications.,23191.18,68,3.7,440,39.33,1109.64,Carbon Steel,USA,12,catalog_16.pdf,0.8,Verified
PROD-00742,Conveyor System Model 1741,Conveyor System,Siemens,SIE-798-0741,Industrial conveyor system designed for manufacturing applications.,5539.03,459,4.0,220,98.29,225.38,Aluminum,Germany,36,catalog_17.pdf,0.96,Needs Review
PROD-00743,Industrial Fan Model 1742,Industrial Fan,Rockwell Automation,ROC-189-0742,Industrial industrial fan designed for manufacturing applications.,10645.1,236,4.0,440,122.76,1043.93,Carbon Steel,Switzerland,18,catalog_18.pdf,0.88,Needs Review
PROD-00744,Air Compressor Model 1743,Air Compressor,Siemens,SIE-545-0743,Industrial air compressor designed for manufacturing applications.,489.75,293,3.0,480,28.05,1197.91,Aluminum,South Korea,24,catalog_19.pdf,0.94,Verified
PROD-00745,Air Compressor Model 1744,Air Compressor,Honeywell,HON-431-0744,Industrial air compressor designed for manufacturing applications.,21484.39,217,4.0,380,105.17,791.16,Stainless Steel,Italy,36,catalog_20.pdf,0.86,Needs Review
PROD-00746,Electric Motor Model 1745,Electric Motor,Rockwell Automation,ROC-238-0745,Industrial electric motor designed for manufacturing applications.,18346.14,262,3.8,110,79.47,1715.79,Aluminum,USA,36,catalog_21.pdf,0.76,Needs Review
PROD-00747,Welding Machine Model 1746,Welding Machine,Rockwell Automation,ROC-456-0746,Industrial welding machine designed for manufacturing applications.,23682.21,22,4.9,380,9.38,1095.57,Aluminum,China,24,catalog_22.pdf,0.86,Verified
PROD-00748,Air Compressor Model 1747,Air Compressor,Siemens,SIE-700-0747,Industrial air compressor designed for manufacturing applications.,19594.98,179,3.3,380,34.62,397.56,Carbon Steel,Switzerland,36,catalog_23.pdf,0.81,Verified
PROD-00749,Air Compressor Model 1748,Air Compressor,ABB,ABB-373-0748,Industrial air compressor designed for manufacturing applications.,8014.24,421,3.7,230,191.13,863.63,Stainless Steel,South Korea,36,catalog_24.pdf,0.9,Verified
PROD-00750,Hydraulic Valve Model 1749,Hydraulic Valve,Siemens,SIE-118-0749,Industrial hydraulic valve designed for manufacturing applications.,6384.87,233,3.8,400,5.0,1216.38,Alloy Steel,Switzerland,24,catalog_25.pdf,0.84,Verified
PROD-00751,Hydraulic Valve Model 1750,Hydraulic Valve,Atlas Copco,ATL-410-0750,Industrial hydraulic valve designed for manufacturing applications.,17518.48,230,3.8,220,233.6,583.89,Alloy Steel,Switzerland,6,catalog_01.pdf,0.94,Verified
PROD-00752,Electric Motor Model 1751,Electric Motor,ABB,ABB-969-0751,Industrial electric motor designed for manufacturing applications.,9261.79,88,4.3,110,22.06,145.2,Alloy Steel,Japan,12,catalog_02.pdf,0.9,Verified
PROD-00753,Welding Machine Model 1752,Welding Machine,Atlas Copco,ATL-985-0752,Industrial welding machine designed for manufacturing applications.,14263.82,295,3.4,480,199.91,1051.02,Stainless Steel,Switzerland,18,catalog_03.pdf,0.9,Verified
PROD-00754,Gearbox Model 1753,Gearbox,Honeywell,HON-253-0753,Industrial gearbox designed for manufacturing applications.,404.87,439,3.4,415,224.7,1706.27,Cast Iron,China,12,catalog_04.pdf,0.76,Verified
PROD-00755,Hydraulic Valve Model 1754,Hydraulic Valve,Crompton,CRO-489-0754,Industrial hydraulic valve designed for manufacturing applications.,1781.67,374,4.5,400,235.31,874.16,Stainless Steel,India,6,catalog_05.pdf,0.99,Verified
PROD-00756,Gearbox Model 1755,Gearbox,WEG,WEG-359-0755,Industrial gearbox designed for manufacturing applications.,13500.36,250,4.0,400,216.94,1631.18,Carbon Steel,Switzerland,6,catalog_06.pdf,0.94,Verified
PROD-00757,Industrial Pump Model 1756,Industrial Pump,ABB,ABB-719-0756,Industrial industrial pump designed for manufacturing applications.,14260.27,406,3.8,110,72.24,1503.37,Aluminum,South Korea,36,catalog_07.pdf,0.93,Verified
PROD-00758,Hydraulic Valve Model 1757,Hydraulic Valve,Honeywell,HON-982-0757,Industrial hydraulic valve designed for manufacturing applications.,18848.46,114,3.3,400,83.61,267.05,Aluminum,USA,12,catalog_08.pdf,0.8,Verified
PROD-00759,Industrial Fan Model 1758,Industrial Fan,Kirloskar,KIR-896-0758,Industrial industrial fan designed for manufacturing applications.,3516.14,258,3.4,230,106.92,1275.29,Carbon Steel,China,6,catalog_09.pdf,0.86,Verified
PROD-00760,Welding Machine Model 1759,Welding Machine,Honeywell,HON-670-0759,Industrial welding machine designed for manufacturing applications.,12951.28,92,3.0,400,35.25,784.97,Carbon Steel,Italy,12,catalog_10.pdf,0.74,Verified
PROD-00761,Electric Motor Model 1760,Electric Motor,Siemens,SIE-224-0760,Industrial electric motor designed for manufacturing applications.,5062.58,76,3.2,480,6.06,451.94,Aluminum,Italy,6,catalog_11.pdf,0.86,Needs Review
PROD-00762,Industrial Pump Model 1761,Industrial Pump,Siemens,SIE-453-0761,Industrial industrial pump designed for manufacturing applications.,2556.6,385,4.1,480,217.35,1237.12,Cast Iron,South Korea,18,catalog_12.pdf,0.74,Verified
PROD-00763,Welding Machine Model 1762,Welding Machine,WEG,WEG-372-0762,Industrial welding machine designed for manufacturing applications.,10409.77,34,4.8,230,138.76,1337.3,Cast Iron,Germany,6,catalog_13.pdf,0.86,Needs Review
PROD-00764,Industrial Fan Model 1763,Industrial Fan,Honeywell,HON-718-0763,Industrial industrial fan designed for manufacturing applications.,4292.58,176,3.6,220,152.38,325.45,Cast Iron,Japan,12,catalog_14.pdf,0.89,Verified
PROD-00765,Welding Machine Model 1764,Welding Machine,Bosch Rexroth,BOS-910-0764,Industrial welding machine designed for manufacturing applications.,5739.1,313,3.7,220,231.78,1646.17,Carbon Steel,South Korea,36,catalog_15.pdf,0.81,Verified
PROD-00766,Industrial Fan Model 1765,Industrial Fan,Crompton,CRO-344-0765,Industrial industrial fan designed for manufacturing applications.,8109.48,398,3.2,380,166.45,1352.56,Aluminum,USA,12,catalog_16.pdf,0.84,Verified
PROD-00767,Industrial Fan Model 1766,Industrial Fan,Siemens,SIE-947-0766,Industrial industrial fan designed for manufacturing applications.,6669.86,347,3.8,480,172.87,1680.21,Aluminum,China,24,catalog_17.pdf,0.95,Needs Review
PROD-00768,Gearbox Model 1767,Gearbox,WEG,WEG-549-0767,Industrial gearbox designed for manufacturing applications.,2417.88,440,3.1,230,196.85,572.1,Aluminum,Japan,12,catalog_18.pdf,0.73,Needs Review
PROD-00769,Conveyor System Model 1768,Conveyor System,Crompton,CRO-346-0768,Industrial conveyor system designed for manufacturing applications.,2475.43,181,4.8,415,29.53,1690.92,Stainless Steel,Germany,18,catalog_19.pdf,0.93,Needs Review
PROD-00770,Industrial Pump Model 1769,Industrial Pump,Honeywell,HON-619-0769,Industrial industrial pump designed for manufacturing applications.,5032.92,143,4.3,220,90.36,664.59,Stainless Steel,South Korea,18,catalog_20.pdf,0.75,Needs Review
PROD-00771,Welding Machine Model 1770,Welding Machine,Honeywell,HON-240-0770,Industrial welding machine designed for manufacturing applications.,1501.34,198,5.0,400,242.07,99.04,Alloy Steel,India,18,catalog_21.pdf,0.71,Verified
PROD-00772,Generator Model 1771,Generator,Rockwell Automation,ROC-461-0771,Industrial generator designed for manufacturing applications.,15754.81,190,4.8,110,230.77,1373.82,Stainless Steel,Japan,6,catalog_22.pdf,0.75,Verified
PROD-00773,Industrial Pump Model 1772,Industrial Pump,WEG,WEG-107-0772,Industrial industrial pump designed for manufacturing applications.,7361.34,222,3.9,110,221.08,1266.91,Cast Iron,Germany,18,catalog_23.pdf,0.92,Verified
PROD-00774,Conveyor System Model 1773,Conveyor System,Siemens,SIE-577-0773,Industrial conveyor system designed for manufacturing applications.,7173.71,168,4.0,440,113.3,1077.04,Cast Iron,South Korea,12,catalog_24.pdf,0.82,Verified
PROD-00775,Industrial Pump Model 1774,Industrial Pump,Bosch Rexroth,BOS-451-0774,Industrial industrial pump designed for manufacturing applications.,8466.96,165,3.4,480,214.37,882.83,Cast Iron,Switzerland,36,catalog_25.pdf,0.95,Verified
PROD-00776,Air Compressor Model 1775,Air Compressor,Honeywell,HON-594-0775,Industrial air compressor designed for manufacturing applications.,16654.21,435,3.9,230,12.57,59.83,Cast Iron,South Korea,18,catalog_01.pdf,0.85,Needs Review
PROD-00777,Generator Model 1776,Generator,Bosch Rexroth,BOS-705-0776,Industrial generator designed for manufacturing applications.,21798.19,17,4.8,415,37.56,1125.03,Alloy Steel,USA,12,catalog_02.pdf,0.71,Needs Review
PROD-00778,Conveyor System Model 1777,Conveyor System,Honeywell,HON-932-0777,Industrial conveyor system designed for manufacturing applications.,19037.4,300,3.1,380,103.78,751.47,Cast Iron,South Korea,6,catalog_03.pdf,0.91,Verified
PROD-00779,Gearbox Model 1778,Gearbox,Siemens,SIE-526-0778,Industrial gearbox designed for manufacturing applications.,18256.35,93,4.7,400,121.11,1009.26,Carbon Steel,India,6,catalog_04.pdf,0.73,Verified
PROD-00780,Welding Machine Model 1779,Welding Machine,Crompton,CRO-138-0779,Industrial welding machine designed for manufacturing applications.,12238.68,328,3.7,230,66.25,773.92,Carbon Steel,South Korea,36,catalog_05.pdf,0.93,Verified
PROD-00781,Control Panel Model 1780,Control Panel,Schneider Electric,SCH-692-0780,Industrial control panel designed for manufacturing applications.,17421.69,46,4.8,440,89.44,1738.97,Carbon Steel,Italy,36,catalog_06.pdf,0.75,Needs Review
PROD-00782,Conveyor System Model 1781,Conveyor System,Crompton,CRO-286-0781,Industrial conveyor system designed for manufacturing applications.,13930.87,407,4.9,110,41.11,1088.19,Stainless Steel,Germany,12,catalog_07.pdf,0.8,Verified
PROD-00783,Electric Motor Model 1782,Electric Motor,Honeywell,HON-695-0782,Industrial electric motor designed for manufacturing applications.,5602.2,214,4.3,230,122.54,1349.13,Aluminum,Switzerland,36,catalog_08.pdf,0.92,Needs Review
PROD-00784,Welding Machine Model 1783,Welding Machine,Atlas Copco,ATL-699-0783,Industrial welding machine designed for manufacturing applications.,5412.56,233,4.3,400,198.56,1685.55,Alloy Steel,Italy,36,catalog_09.pdf,0.98,Needs Review
PROD-00785,Conveyor System Model 1784,Conveyor System,Schneider Electric,SCH-853-0784,Industrial conveyor system designed for manufacturing applications.,7585.7,354,3.9,415,165.51,1065.7,Carbon Steel,South Korea,6,catalog_10.pdf,0.81,Verified
PROD-00786,Air Compressor Model 1785,Air Compressor,Schneider Electric,SCH-953-0785,Industrial air compressor designed for manufacturing applications.,22792.37,279,4.7,480,27.39,23.69,Carbon Steel,India,12,catalog_11.pdf,0.94,Verified
PROD-00787,Control Panel Model 1786,Control Panel,Bosch Rexroth,BOS-192-0786,Industrial control panel designed for manufacturing applications.,13798.52,446,4.9,415,122.15,63.66,Cast Iron,Germany,36,catalog_12.pdf,0.76,Verified
PROD-00788,Air Compressor Model 1787,Air Compressor,WEG,WEG-185-0787,Industrial air compressor designed for manufacturing applications.,18414.16,283,4.6,220,174.56,1264.8,Carbon Steel,Germany,12,catalog_13.pdf,0.93,Needs Review
PROD-00789,Control Panel Model 1788,Control Panel,Bosch Rexroth,BOS-143-0788,Industrial control panel designed for manufacturing applications.,8827.33,255,4.2,400,132.71,503.8,Cast Iron,South Korea,18,catalog_14.pdf,0.89,Verified
PROD-00790,Electric Motor Model 1789,Electric Motor,Bosch Rexroth,BOS-236-0789,Industrial electric motor designed for manufacturing applications.,10340.97,314,4.2,440,98.22,1043.72,Cast Iron,India,6,catalog_15.pdf,0.76,Needs Review
PROD-00791,Welding Machine Model 1790,Welding Machine,Atlas Copco,ATL-520-0790,Industrial welding machine designed for manufacturing applications.,3357.75,212,4.7,220,155.67,365.69,Aluminum,USA,6,catalog_16.pdf,0.79,Verified
PROD-00792,Gearbox Model 1791,Gearbox,Crompton,CRO-173-0791,Industrial gearbox designed for manufacturing applications.,4489.55,325,4.1,220,242.18,487.91,Stainless Steel,Switzerland,6,catalog_17.pdf,0.74,Needs Review
PROD-00793,Air Compressor Model 1792,Air Compressor,Crompton,CRO-647-0792,Industrial air compressor designed for manufacturing applications.,20727.07,144,4.6,220,24.18,909.34,Cast Iron,Germany,24,catalog_18.pdf,0.81,Verified
PROD-00794,Air Compressor Model 1793,Air Compressor,Kirloskar,KIR-712-0793,Industrial air compressor designed for manufacturing applications.,14724.76,284,4.0,230,97.81,1756.07,Cast Iron,Switzerland,12,catalog_19.pdf,0.76,Verified
PROD-00795,Industrial Fan Model 1794,Industrial Fan,Honeywell,HON-611-0794,Industrial industrial fan designed for manufacturing applications.,8603.93,38,3.1,440,101.95,1110.05,Aluminum,India,18,catalog_20.pdf,0.89,Needs Review
PROD-00796,Control Panel Model 1795,Control Panel,Atlas Copco,ATL-255-0795,Industrial control panel designed for manufacturing applications.,20120.57,313,3.8,110,144.45,1685.19,Cast Iron,Japan,36,catalog_21.pdf,0.99,Needs Review
PROD-00797,Hydraulic Valve Model 1796,Hydraulic Valve,Kirloskar,KIR-354-0796,Industrial hydraulic valve designed for manufacturing applications.,6351.37,396,3.9,415,38.47,1726.96,Alloy Steel,Italy,18,catalog_22.pdf,0.7,Needs Review
PROD-00798,Welding Machine Model 1797,Welding Machine,Siemens,SIE-270-0797,Industrial welding machine designed for manufacturing applications.,24406.81,22,3.3,480,44.57,376.18,Stainless Steel,Germany,12,catalog_23.pdf,0.86,Verified
PROD-00799,Control Panel Model 1798,Control Panel,Honeywell,HON-827-0798,Industrial control panel designed for manufacturing applications.,8784.24,61,3.2,230,71.7,561.53,Alloy Steel,Japan,6,catalog_24.pdf,0.87,Needs Review
PROD-00800,Industrial Fan Model 1799,Industrial Fan,Honeywell,HON-269-0799,Industrial industrial fan designed for manufacturing applications.,8598.45,116,4.1,110,238.99,1386.45,Carbon Steel,Germany,24,catalog_25.pdf,0.97,Needs Review
PROD-00801,Industrial Pump Model 1800,Industrial Pump,Rockwell Automation,ROC-863-0800,Industrial industrial pump designed for manufacturing applications.,7969.82,9,3.2,415,183.66,1560.44,Stainless Steel,USA,12,catalog_01.pdf,0.85,Verified
PROD-00802,Control Panel Model 1801,Control Panel,Rockwell Automation,ROC-971-0801,Industrial control panel designed for manufacturing applications.,3272.26,414,3.6,480,165.59,935.57,Carbon Steel,South Korea,12,catalog_02.pdf,0.86,Needs Review
PROD-00803,Gearbox Model 1802,Gearbox,ABB,ABB-421-0802,Industrial gearbox designed for manufacturing applications.,3000.64,418,4.5,440,204.33,1787.82,Cast Iron,India,36,catalog_03.pdf,0.84,Verified
PROD-00804,Welding Machine Model 1803,Welding Machine,ABB,ABB-666-0803,Industrial welding machine designed for manufacturing applications.,16290.6,186,4.9,480,32.33,22.81,Aluminum,Germany,18,catalog_04.pdf,0.78,Needs Review
PROD-00805,Industrial Fan Model 1804,Industrial Fan,Bosch Rexroth,BOS-555-0804,Industrial industrial fan designed for manufacturing applications.,21909.17,17,4.4,440,214.9,540.67,Alloy Steel,India,18,catalog_05.pdf,0.72,Verified
PROD-00806,Industrial Pump Model 1805,Industrial Pump,Siemens,SIE-702-0805,Industrial industrial pump designed for manufacturing applications.,19815.38,343,5.0,400,148.91,1122.44,Carbon Steel,China,36,catalog_06.pdf,0.82,Needs Review
PROD-00807,Generator Model 1806,Generator,Schneider Electric,SCH-889-0806,Industrial generator designed for manufacturing applications.,3742.41,289,4.4,480,84.16,845.78,Cast Iron,Germany,24,catalog_07.pdf,0.72,Verified
PROD-00808,Industrial Fan Model 1807,Industrial Fan,Schneider Electric,SCH-712-0807,Industrial industrial fan designed for manufacturing applications.,13753.16,263,3.6,415,204.06,211.65,Alloy Steel,USA,6,catalog_08.pdf,0.86,Verified
PROD-00809,Generator Model 1808,Generator,Rockwell Automation,ROC-254-0808,Industrial generator designed for manufacturing applications.,2863.39,94,4.3,415,200.74,663.28,Alloy Steel,USA,6,catalog_09.pdf,0.79,Verified
PROD-00810,Welding Machine Model 1809,Welding Machine,Rockwell Automation,ROC-988-0809,Industrial welding machine designed for manufacturing applications.,1371.04,108,4.4,440,211.5,47.75,Carbon Steel,South Korea,24,catalog_10.pdf,0.85,Verified
PROD-00811,Air Compressor Model 1810,Air Compressor,Rockwell Automation,ROC-448-0810,Industrial air compressor designed for manufacturing applications.,16495.55,383,3.7,415,29.32,1157.66,Cast Iron,South Korea,36,catalog_11.pdf,0.74,Verified
PROD-00812,Industrial Fan Model 1811,Industrial Fan,Atlas Copco,ATL-550-0811,Industrial industrial fan designed for manufacturing applications.,13495.02,190,3.0,380,242.36,1607.15,Aluminum,Japan,12,catalog_12.pdf,0.97,Verified
PROD-00813,Electric Motor Model 1812,Electric Motor,WEG,WEG-975-0812,Industrial electric motor designed for manufacturing applications.,2280.09,254,4.4,400,239.93,1593.0,Carbon Steel,USA,18,catalog_13.pdf,0.96,Needs Review
PROD-00814,Generator Model 1813,Generator,ABB,ABB-752-0813,Industrial generator designed for manufacturing applications.,1114.75,259,3.0,230,89.69,1259.78,Alloy Steel,India,12,catalog_14.pdf,0.76,Needs Review
PROD-00815,Gearbox Model 1814,Gearbox,Atlas Copco,ATL-272-0814,Industrial gearbox designed for manufacturing applications.,24746.47,80,4.3,480,16.94,839.45,Alloy Steel,China,18,catalog_15.pdf,0.8,Needs Review
PROD-00816,Electric Motor Model 1815,Electric Motor,Crompton,CRO-109-0815,Industrial electric motor designed for manufacturing applications.,993.03,390,3.3,230,42.18,922.63,Stainless Steel,Switzerland,12,catalog_16.pdf,0.88,Needs Review
PROD-00817,Conveyor System Model 1816,Conveyor System,Schneider Electric,SCH-839-0816,Industrial conveyor system designed for manufacturing applications.,11252.07,463,4.1,110,248.21,248.18,Cast Iron,USA,36,catalog_17.pdf,0.73,Verified
PROD-00818,Conveyor System Model 1817,Conveyor System,Honeywell,HON-364-0817,Industrial conveyor system designed for manufacturing applications.,12739.32,112,4.0,230,140.97,615.15,Stainless Steel,Germany,36,catalog_18.pdf,0.8,Verified
PROD-00819,Industrial Pump Model 1818,Industrial Pump,ABB,ABB-537-0818,Industrial industrial pump designed for manufacturing applications.,3152.68,160,3.0,220,89.48,339.54,Aluminum,Switzerland,24,catalog_19.pdf,0.77,Verified
PROD-00820,Air Compressor Model 1819,Air Compressor,Kirloskar,KIR-859-0819,Industrial air compressor designed for manufacturing applications.,4434.28,86,3.7,415,72.41,1478.52,Carbon Steel,Switzerland,12,catalog_20.pdf,0.97,Verified
PROD-00821,Welding Machine Model 1820,Welding Machine,Crompton,CRO-346-0820,Industrial welding machine designed for manufacturing applications.,8957.17,81,4.2,230,64.62,1646.73,Alloy Steel,USA,12,catalog_21.pdf,0.95,Needs Review
PROD-00822,Industrial Fan Model 1821,Industrial Fan,ABB,ABB-766-0821,Industrial industrial fan designed for manufacturing applications.,19101.48,489,4.7,110,166.21,967.39,Cast Iron,China,24,catalog_22.pdf,0.87,Verified
PROD-00823,Hydraulic Valve Model 1822,Hydraulic Valve,Atlas Copco,ATL-645-0822,Industrial hydraulic valve designed for manufacturing applications.,12800.29,474,4.8,110,105.14,1310.52,Alloy Steel,India,24,catalog_23.pdf,0.85,Needs Review
PROD-00824,Gearbox Model 1823,Gearbox,Siemens,SIE-598-0823,Industrial gearbox designed for manufacturing applications.,16038.07,464,4.0,220,241.37,220.39,Stainless Steel,Germany,36,catalog_24.pdf,0.97,Verified
PROD-00825,Generator Model 1824,Generator,Honeywell,HON-228-0824,Industrial generator designed for manufacturing applications.,24633.07,262,4.5,110,171.12,1096.15,Stainless Steel,Japan,36,catalog_25.pdf,0.97,Needs Review
PROD-00826,Welding Machine Model 1825,Welding Machine,ABB,ABB-771-0825,Industrial welding machine designed for manufacturing applications.,19258.13,131,3.6,440,198.12,1265.62,Carbon Steel,Japan,12,catalog_01.pdf,0.98,Verified
PROD-00827,Electric Motor Model 1826,Electric Motor,WEG,WEG-700-0826,Industrial electric motor designed for manufacturing applications.,11000.45,489,3.7,380,73.54,816.08,Cast Iron,Japan,36,catalog_02.pdf,0.74,Verified
PROD-00828,Conveyor System Model 1827,Conveyor System,Rockwell Automation,ROC-704-0827,Industrial conveyor system designed for manufacturing applications.,11299.44,395,3.4,440,20.26,439.41,Cast Iron,South Korea,36,catalog_03.pdf,0.75,Needs Review
PROD-00829,Gearbox Model 1828,Gearbox,Rockwell Automation,ROC-426-0828,Industrial gearbox designed for manufacturing applications.,15564.61,286,4.1,415,122.21,1579.52,Carbon Steel,Germany,12,catalog_04.pdf,0.9,Verified
PROD-00830,Hydraulic Valve Model 1829,Hydraulic Valve,Honeywell,HON-852-0829,Industrial hydraulic valve designed for manufacturing applications.,16717.79,478,3.6,415,78.99,1337.75,Stainless Steel,Switzerland,24,catalog_05.pdf,0.86,Needs Review
PROD-00831,Industrial Fan Model 1830,Industrial Fan,Atlas Copco,ATL-934-0830,Industrial industrial fan designed for manufacturing applications.,12642.6,92,3.2,415,50.92,1619.94,Stainless Steel,Japan,12,catalog_06.pdf,0.71,Verified
PROD-00832,Industrial Pump Model 1831,Industrial Pump,Rockwell Automation,ROC-503-0831,Industrial industrial pump designed for manufacturing applications.,16210.32,208,4.4,400,238.18,1473.49,Stainless Steel,South Korea,6,catalog_07.pdf,0.72,Verified
PROD-00833,Hydraulic Valve Model 1832,Hydraulic Valve,ABB,ABB-728-0832,Industrial hydraulic valve designed for manufacturing applications.,832.43,20,4.4,230,111.28,1782.69,Alloy Steel,USA,12,catalog_08.pdf,0.96,Needs Review
PROD-00834,Gearbox Model 1833,Gearbox,Kirloskar,KIR-705-0833,Industrial gearbox designed for manufacturing applications.,10883.17,155,3.7,380,44.09,347.53,Aluminum,Switzerland,6,catalog_09.pdf,0.95,Verified
PROD-00835,Hydraulic Valve Model 1834,Hydraulic Valve,Schneider Electric,SCH-774-0834,Industrial hydraulic valve designed for manufacturing applications.,7153.72,428,3.2,230,50.06,157.97,Stainless Steel,Germany,12,catalog_10.pdf,0.8,Needs Review
PROD-00836,Gearbox Model 1835,Gearbox,Schneider Electric,SCH-710-0835,Industrial gearbox designed for manufacturing applications.,3447.07,258,3.9,380,70.54,607.93,Aluminum,Germany,6,catalog_11.pdf,0.96,Verified
PROD-00837,Gearbox Model 1836,Gearbox,Crompton,CRO-724-0836,Industrial gearbox designed for manufacturing applications.,2713.78,192,3.9,230,249.83,233.95,Aluminum,Germany,6,catalog_12.pdf,0.87,Verified
PROD-00838,Control Panel Model 1837,Control Panel,Bosch Rexroth,BOS-458-0837,Industrial control panel designed for manufacturing applications.,15179.01,333,4.3,220,67.37,942.59,Cast Iron,Italy,12,catalog_13.pdf,0.93,Verified
PROD-00839,Generator Model 1838,Generator,Siemens,SIE-702-0838,Industrial generator designed for manufacturing applications.,13209.11,36,3.6,480,82.54,1140.19,Carbon Steel,South Korea,36,catalog_14.pdf,0.82,Verified
PROD-00840,Conveyor System Model 1839,Conveyor System,Honeywell,HON-957-0839,Industrial conveyor system designed for manufacturing applications.,6526.21,275,4.4,440,165.0,1041.76,Alloy Steel,Switzerland,18,catalog_15.pdf,0.73,Verified
PROD-00841,Control Panel Model 1840,Control Panel,Crompton,CRO-817-0840,Industrial control panel designed for manufacturing applications.,11906.01,489,4.7,110,73.84,468.11,Aluminum,India,36,catalog_16.pdf,0.83,Verified
PROD-00842,Industrial Fan Model 1841,Industrial Fan,Bosch Rexroth,BOS-116-0841,Industrial industrial fan designed for manufacturing applications.,12432.75,401,3.5,110,54.34,1636.07,Alloy Steel,Italy,6,catalog_17.pdf,0.83,Verified
PROD-00843,Control Panel Model 1842,Control Panel,Atlas Copco,ATL-373-0842,Industrial control panel designed for manufacturing applications.,5076.47,9,5.0,440,40.08,40.07,Cast Iron,Italy,12,catalog_18.pdf,0.86,Needs Review
PROD-00844,Air Compressor Model 1843,Air Compressor,WEG,WEG-784-0843,Industrial air compressor designed for manufacturing applications.,16389.3,463,3.8,220,78.51,627.73,Stainless Steel,Italy,12,catalog_19.pdf,0.73,Needs Review
PROD-00845,Air Compressor Model 1844,Air Compressor,WEG,WEG-215-0844,Industrial air compressor designed for manufacturing applications.,19577.75,334,3.5,380,26.93,1294.75,Aluminum,India,12,catalog_20.pdf,0.99,Verified
PROD-00846,Conveyor System Model 1845,Conveyor System,Siemens,SIE-960-0845,Industrial conveyor system designed for manufacturing applications.,19838.72,312,3.8,440,5.15,1380.94,Carbon Steel,Italy,12,catalog_21.pdf,0.77,Verified
PROD-00847,Hydraulic Valve Model 1846,Hydraulic Valve,Rockwell Automation,ROC-792-0846,Industrial hydraulic valve designed for manufacturing applications.,15161.13,337,3.2,400,201.26,750.18,Cast Iron,Japan,18,catalog_22.pdf,0.76,Verified
PROD-00848,Generator Model 1847,Generator,ABB,ABB-190-0847,Industrial generator designed for manufacturing applications.,12913.05,173,3.3,380,34.9,32.4,Alloy Steel,Germany,24,catalog_23.pdf,0.85,Verified
PROD-00849,Conveyor System Model 1848,Conveyor System,Crompton,CRO-181-0848,Industrial conveyor system designed for manufacturing applications.,1759.93,185,3.8,110,194.11,1113.24,Stainless Steel,Switzerland,6,catalog_24.pdf,0.86,Verified
PROD-00850,Gearbox Model 1849,Gearbox,Crompton,CRO-423-0849,Industrial gearbox designed for manufacturing applications.,7373.82,370,4.5,400,199.49,115.44,Alloy Steel,Switzerland,18,catalog_25.pdf,0.83,Verified
PROD-00851,Electric Motor Model 1850,Electric Motor,Honeywell,HON-213-0850,Industrial electric motor designed for manufacturing applications.,2558.47,182,4.8,230,134.71,195.92,Carbon Steel,Germany,36,catalog_01.pdf,0.92,Needs Review
PROD-00852,Generator Model 1851,Generator,Honeywell,HON-868-0851,Industrial generator designed for manufacturing applications.,24104.62,147,4.3,400,77.77,1171.15,Aluminum,South Korea,24,catalog_02.pdf,0.85,Needs Review
PROD-00853,Generator Model 1852,Generator,WEG,WEG-157-0852,Industrial generator designed for manufacturing applications.,3593.23,366,3.2,380,36.69,563.85,Carbon Steel,USA,24,catalog_03.pdf,0.88,Verified
PROD-00854,Gearbox Model 1853,Gearbox,WEG,WEG-253-0853,Industrial gearbox designed for manufacturing applications.,4006.44,252,4.3,220,184.33,627.76,Alloy Steel,China,12,catalog_04.pdf,0.91,Verified
PROD-00855,Gearbox Model 1854,Gearbox,Kirloskar,KIR-976-0854,Industrial gearbox designed for manufacturing applications.,22267.02,131,4.3,230,150.55,877.28,Alloy Steel,Japan,18,catalog_05.pdf,0.71,Needs Review
PROD-00856,Industrial Pump Model 1855,Industrial Pump,Kirloskar,KIR-503-0855,Industrial industrial pump designed for manufacturing applications.,23612.23,267,4.6,380,164.04,1761.48,Carbon Steel,India,36,catalog_06.pdf,0.87,Verified
PROD-00857,Conveyor System Model 1856,Conveyor System,Rockwell Automation,ROC-727-0856,Industrial conveyor system designed for manufacturing applications.,19204.27,44,4.7,230,2.66,1737.87,Carbon Steel,China,12,catalog_07.pdf,0.96,Needs Review
PROD-00858,Gearbox Model 1857,Gearbox,Kirloskar,KIR-954-0857,Industrial gearbox designed for manufacturing applications.,383.77,416,4.7,400,231.92,750.44,Carbon Steel,Germany,12,catalog_08.pdf,0.71,Needs Review
PROD-00859,Air Compressor Model 1858,Air Compressor,ABB,ABB-365-0858,Industrial air compressor designed for manufacturing applications.,283.32,420,3.8,110,17.04,479.37,Stainless Steel,Italy,6,catalog_09.pdf,0.82,Verified
PROD-00860,Industrial Fan Model 1859,Industrial Fan,ABB,ABB-414-0859,Industrial industrial fan designed for manufacturing applications.,9607.99,359,4.4,380,92.02,546.06,Alloy Steel,Switzerland,24,catalog_10.pdf,0.97,Verified
PROD-00861,Electric Motor Model 1860,Electric Motor,Crompton,CRO-814-0860,Industrial electric motor designed for manufacturing applications.,3799.04,259,3.5,480,100.98,485.27,Cast Iron,South Korea,36,catalog_11.pdf,0.8,Needs Review
PROD-00862,Conveyor System Model 1861,Conveyor System,Schneider Electric,SCH-140-0861,Industrial conveyor system designed for manufacturing applications.,705.06,147,5.0,220,0.84,958.98,Stainless Steel,South Korea,24,catalog_12.pdf,0.83,Needs Review
PROD-00863,Welding Machine Model 1862,Welding Machine,ABB,ABB-204-0862,Industrial welding machine designed for manufacturing applications.,11735.65,244,3.4,480,124.52,1093.13,Stainless Steel,USA,18,catalog_13.pdf,0.98,Verified
PROD-00864,Air Compressor Model 1863,Air Compressor,Bosch Rexroth,BOS-989-0863,Industrial air compressor designed for manufacturing applications.,23590.78,232,3.0,480,188.33,880.83,Stainless Steel,USA,6,catalog_14.pdf,0.76,Needs Review
PROD-00865,Hydraulic Valve Model 1864,Hydraulic Valve,WEG,WEG-292-0864,Industrial hydraulic valve designed for manufacturing applications.,8264.53,345,3.3,440,205.91,735.57,Cast Iron,Germany,12,catalog_15.pdf,0.72,Verified
PROD-00866,Gearbox Model 1865,Gearbox,Honeywell,HON-500-0865,Industrial gearbox designed for manufacturing applications.,16613.23,202,4.6,400,219.91,381.89,Carbon Steel,Japan,6,catalog_16.pdf,0.95,Verified
PROD-00867,Welding Machine Model 1866,Welding Machine,Kirloskar,KIR-377-0866,Industrial welding machine designed for manufacturing applications.,16392.82,69,3.9,380,122.19,869.55,Alloy Steel,South Korea,12,catalog_17.pdf,0.95,Needs Review
PROD-00868,Gearbox Model 1867,Gearbox,Crompton,CRO-453-0867,Industrial gearbox designed for manufacturing applications.,6464.23,392,3.9,220,157.84,615.3,Aluminum,China,6,catalog_18.pdf,0.84,Needs Review
PROD-00869,Generator Model 1868,Generator,Siemens,SIE-848-0868,Industrial generator designed for manufacturing applications.,16348.02,15,4.9,380,20.34,975.79,Aluminum,USA,12,catalog_19.pdf,0.85,Verified
PROD-00870,Air Compressor Model 1869,Air Compressor,Honeywell,HON-832-0869,Industrial air compressor designed for manufacturing applications.,5505.27,112,4.8,400,122.27,1215.99,Alloy Steel,Switzerland,24,catalog_20.pdf,0.94,Needs Review
PROD-00871,Generator Model 1870,Generator,Bosch Rexroth,BOS-679-0870,Industrial generator designed for manufacturing applications.,3269.68,30,3.6,380,39.13,1140.7,Cast Iron,Switzerland,24,catalog_21.pdf,0.91,Verified
PROD-00872,Industrial Pump Model 1871,Industrial Pump,Kirloskar,KIR-808-0871,Industrial industrial pump designed for manufacturing applications.,17609.24,449,3.4,230,92.73,833.56,Aluminum,Germany,24,catalog_22.pdf,0.78,Verified
PROD-00873,Generator Model 1872,Generator,Bosch Rexroth,BOS-355-0872,Industrial generator designed for manufacturing applications.,3057.66,425,4.7,400,82.66,1001.78,Stainless Steel,Japan,24,catalog_23.pdf,0.7,Verified
PROD-00874,Industrial Pump Model 1873,Industrial Pump,WEG,WEG-750-0873,Industrial industrial pump designed for manufacturing applications.,24923.5,155,4.8,380,106.17,514.17,Aluminum,Germany,6,catalog_24.pdf,0.84,Verified
PROD-00875,Industrial Pump Model 1874,Industrial Pump,WEG,WEG-923-0874,Industrial industrial pump designed for manufacturing applications.,4790.45,225,4.1,440,143.12,45.58,Alloy Steel,Germany,12,catalog_25.pdf,0.95,Verified
PROD-00876,Welding Machine Model 1875,Welding Machine,Rockwell Automation,ROC-760-0875,Industrial welding machine designed for manufacturing applications.,14955.01,345,4.3,110,225.77,1125.78,Stainless Steel,Japan,24,catalog_01.pdf,0.96,Verified
PROD-00877,Gearbox Model 1876,Gearbox,Crompton,CRO-198-0876,Industrial gearbox designed for manufacturing applications.,10431.52,241,3.5,380,98.92,456.12,Aluminum,Japan,6,catalog_02.pdf,0.98,Needs Review
PROD-00878,Hydraulic Valve Model 1877,Hydraulic Valve,Honeywell,HON-687-0877,Industrial hydraulic valve designed for manufacturing applications.,3378.06,241,4.6,230,245.29,1204.78,Alloy Steel,Japan,12,catalog_03.pdf,0.96,Needs Review
PROD-00879,Generator Model 1878,Generator,Atlas Copco,ATL-381-0878,Industrial generator designed for manufacturing applications.,939.14,223,4.3,220,189.88,1345.12,Cast Iron,Switzerland,6,catalog_04.pdf,0.87,Verified
PROD-00880,Air Compressor Model 1879,Air Compressor,Atlas Copco,ATL-982-0879,Industrial air compressor designed for manufacturing applications.,15662.62,491,4.0,440,128.11,1648.84,Alloy Steel,Switzerland,24,catalog_05.pdf,0.83,Verified
PROD-00881,Industrial Pump Model 1880,Industrial Pump,Honeywell,HON-502-0880,Industrial industrial pump designed for manufacturing applications.,20217.25,428,3.1,220,161.18,1724.7,Cast Iron,Germany,18,catalog_06.pdf,0.92,Verified
PROD-00882,Gearbox Model 1881,Gearbox,Siemens,SIE-208-0881,Industrial gearbox designed for manufacturing applications.,21089.89,465,4.8,480,26.0,20.93,Stainless Steel,USA,6,catalog_07.pdf,0.91,Needs Review
PROD-00883,Electric Motor Model 1882,Electric Motor,Crompton,CRO-799-0882,Industrial electric motor designed for manufacturing applications.,12197.16,155,4.2,440,211.21,1782.69,Alloy Steel,India,24,catalog_08.pdf,0.86,Verified
PROD-00884,Conveyor System Model 1883,Conveyor System,Bosch Rexroth,BOS-298-0883,Industrial conveyor system designed for manufacturing applications.,19492.02,127,3.4,220,145.8,1230.07,Carbon Steel,India,36,catalog_09.pdf,0.73,Verified
PROD-00885,Welding Machine Model 1884,Welding Machine,Siemens,SIE-402-0884,Industrial welding machine designed for manufacturing applications.,16902.97,148,4.2,110,246.52,1159.06,Carbon Steel,Germany,12,catalog_10.pdf,0.97,Verified
PROD-00886,Hydraulic Valve Model 1885,Hydraulic Valve,Schneider Electric,SCH-426-0885,Industrial hydraulic valve designed for manufacturing applications.,18175.3,482,4.4,230,159.29,29.35,Carbon Steel,Germany,24,catalog_11.pdf,0.83,Verified
PROD-00887,Control Panel Model 1886,Control Panel,Honeywell,HON-253-0886,Industrial control panel designed for manufacturing applications.,12441.83,193,4.1,480,208.61,1550.5,Carbon Steel,USA,36,catalog_12.pdf,0.81,Verified
PROD-00888,Welding Machine Model 1887,Welding Machine,Bosch Rexroth,BOS-651-0887,Industrial welding machine designed for manufacturing applications.,15926.94,259,4.4,400,200.04,263.59,Carbon Steel,Japan,6,catalog_13.pdf,0.88,Needs Review
PROD-00889,Electric Motor Model 1888,Electric Motor,Atlas Copco,ATL-744-0888,Industrial electric motor designed for manufacturing applications.,20186.77,72,4.2,220,86.69,1507.52,Cast Iron,Germany,6,catalog_14.pdf,0.9,Needs Review
PROD-00890,Conveyor System Model 1889,Conveyor System,ABB,ABB-504-0889,Industrial conveyor system designed for manufacturing applications.,10097.63,108,4.9,440,65.27,29.98,Alloy Steel,South Korea,36,catalog_15.pdf,0.76,Verified
PROD-00891,Electric Motor Model 1890,Electric Motor,Rockwell Automation,ROC-561-0890,Industrial electric motor designed for manufacturing applications.,20197.98,340,3.1,230,107.91,1163.44,Stainless Steel,Switzerland,36,catalog_16.pdf,0.94,Verified
PROD-00892,Generator Model 1891,Generator,Atlas Copco,ATL-231-0891,Industrial generator designed for manufacturing applications.,14902.42,163,3.2,380,117.08,783.77,Carbon Steel,Italy,12,catalog_17.pdf,0.78,Verified
PROD-00893,Industrial Pump Model 1892,Industrial Pump,Crompton,CRO-890-0892,Industrial industrial pump designed for manufacturing applications.,4356.05,313,3.3,110,60.4,362.98,Carbon Steel,Japan,6,catalog_18.pdf,0.75,Needs Review
PROD-00894,Hydraulic Valve Model 1893,Hydraulic Valve,WEG,WEG-973-0893,Industrial hydraulic valve designed for manufacturing applications.,860.93,366,4.4,230,223.7,195.4,Stainless Steel,South Korea,36,catalog_19.pdf,0.82,Verified
PROD-00895,Industrial Fan Model 1894,Industrial Fan,ABB,ABB-183-0894,Industrial industrial fan designed for manufacturing applications.,9228.15,413,4.3,230,135.87,793.35,Stainless Steel,Switzerland,18,catalog_20.pdf,0.91,Needs Review
PROD-00896,Industrial Pump Model 1895,Industrial Pump,Rockwell Automation,ROC-498-0895,Industrial industrial pump designed for manufacturing applications.,13780.73,304,4.8,400,244.62,223.7,Carbon Steel,Germany,18,catalog_21.pdf,0.98,Verified
PROD-00897,Industrial Fan Model 1896,Industrial Fan,Rockwell Automation,ROC-853-0896,Industrial industrial fan designed for manufacturing applications.,21035.55,400,4.5,230,202.6,876.63,Cast Iron,Italy,36,catalog_22.pdf,0.93,Verified
PROD-00898,Conveyor System Model 1897,Conveyor System,Schneider Electric,SCH-727-0897,Industrial conveyor system designed for manufacturing applications.,3405.27,94,4.0,400,139.15,1126.14,Stainless Steel,South Korea,12,catalog_23.pdf,0.97,Verified
PROD-00899,Gearbox Model 1898,Gearbox,Schneider Electric,SCH-208-0898,Industrial gearbox designed for manufacturing applications.,20055.11,361,5.0,110,236.79,1489.64,Alloy Steel,China,6,catalog_24.pdf,0.74,Verified
PROD-00900,Control Panel Model 1899,Control Panel,Kirloskar,KIR-320-0899,Industrial control panel designed for manufacturing applications.,21609.47,260,3.5,110,126.47,1222.21,Alloy Steel,USA,18,catalog_25.pdf,0.72,Verified
PROD-00901,Air Compressor Model 1900,Air Compressor,Atlas Copco,ATL-652-0900,Industrial air compressor designed for manufacturing applications.,3979.52,357,4.7,380,221.83,119.23,Cast Iron,Switzerland,36,catalog_01.pdf,0.86,Verified
PROD-00902,Industrial Pump Model 1901,Industrial Pump,Atlas Copco,ATL-467-0901,Industrial industrial pump designed for manufacturing applications.,21326.96,224,3.9,400,89.86,554.76,Aluminum,Italy,36,catalog_02.pdf,0.78,Verified
PROD-00903,Hydraulic Valve Model 1902,Hydraulic Valve,Atlas Copco,ATL-246-0902,Industrial hydraulic valve designed for manufacturing applications.,24788.48,13,4.3,400,94.97,519.79,Cast Iron,Germany,24,catalog_03.pdf,0.94,Verified
PROD-00904,Electric Motor Model 1903,Electric Motor,Kirloskar,KIR-211-0903,Industrial electric motor designed for manufacturing applications.,18239.26,16,4.5,220,104.82,1647.23,Carbon Steel,India,36,catalog_04.pdf,0.89,Verified
PROD-00905,Hydraulic Valve Model 1904,Hydraulic Valve,Siemens,SIE-714-0904,Industrial hydraulic valve designed for manufacturing applications.,19673.05,329,4.3,220,136.88,1562.27,Aluminum,South Korea,12,catalog_05.pdf,0.98,Verified
PROD-00906,Conveyor System Model 1905,Conveyor System,Rockwell Automation,ROC-657-0905,Industrial conveyor system designed for manufacturing applications.,24861.78,442,3.3,380,138.6,667.53,Carbon Steel,Germany,18,catalog_06.pdf,0.77,Verified
PROD-00907,Industrial Fan Model 1906,Industrial Fan,ABB,ABB-593-0906,Industrial industrial fan designed for manufacturing applications.,15235.66,248,3.9,110,124.35,129.94,Alloy Steel,India,24,catalog_07.pdf,0.84,Needs Review
PROD-00908,Electric Motor Model 1907,Electric Motor,Crompton,CRO-604-0907,Industrial electric motor designed for manufacturing applications.,7870.19,186,4.1,415,76.85,1609.6,Stainless Steel,USA,18,catalog_08.pdf,0.85,Verified
PROD-00909,Air Compressor Model 1908,Air Compressor,Rockwell Automation,ROC-574-0908,Industrial air compressor designed for manufacturing applications.,20978.89,288,4.7,220,231.84,1598.97,Carbon Steel,USA,18,catalog_09.pdf,0.77,Verified
PROD-00910,Air Compressor Model 1909,Air Compressor,Schneider Electric,SCH-935-0909,Industrial air compressor designed for manufacturing applications.,15458.52,316,3.9,230,147.35,1538.83,Alloy Steel,Japan,12,catalog_10.pdf,0.87,Verified
PROD-00911,Industrial Pump Model 1910,Industrial Pump,Bosch Rexroth,BOS-989-0910,Industrial industrial pump designed for manufacturing applications.,14634.59,103,4.8,110,102.23,1521.46,Cast Iron,South Korea,36,catalog_11.pdf,0.83,Verified
PROD-00912,Conveyor System Model 1911,Conveyor System,WEG,WEG-370-0911,Industrial conveyor system designed for manufacturing applications.,6527.48,201,3.9,415,162.97,865.5,Carbon Steel,Japan,12,catalog_12.pdf,0.83,Verified
PROD-00913,Gearbox Model 1912,Gearbox,Kirloskar,KIR-520-0912,Industrial gearbox designed for manufacturing applications.,18969.27,486,4.1,480,192.11,321.02,Alloy Steel,India,36,catalog_13.pdf,0.81,Needs Review
PROD-00914,Conveyor System Model 1913,Conveyor System,Honeywell,HON-996-0913,Industrial conveyor system designed for manufacturing applications.,2271.27,370,4.6,230,240.2,860.52,Stainless Steel,India,24,catalog_14.pdf,0.7,Verified
PROD-00915,Industrial Fan Model 1914,Industrial Fan,Bosch Rexroth,BOS-806-0914,Industrial industrial fan designed for manufacturing applications.,23126.11,230,4.2,440,125.14,891.29,Carbon Steel,USA,12,catalog_15.pdf,0.85,Verified
PROD-00916,Hydraulic Valve Model 1915,Hydraulic Valve,Crompton,CRO-466-0915,Industrial hydraulic valve designed for manufacturing applications.,8314.13,337,4.9,400,28.47,882.9,Alloy Steel,Italy,12,catalog_16.pdf,0.8,Needs Review
PROD-00917,Air Compressor Model 1916,Air Compressor,Atlas Copco,ATL-379-0916,Industrial air compressor designed for manufacturing applications.,3412.42,107,4.3,110,110.47,970.71,Carbon Steel,India,6,catalog_17.pdf,0.7,Needs Review
PROD-00918,Hydraulic Valve Model 1917,Hydraulic Valve,Schneider Electric,SCH-382-0917,Industrial hydraulic valve designed for manufacturing applications.,11198.57,110,4.0,440,120.0,465.27,Stainless Steel,India,12,catalog_18.pdf,0.79,Needs Review
PROD-00919,Hydraulic Valve Model 1918,Hydraulic Valve,Schneider Electric,SCH-139-0918,Industrial hydraulic valve designed for manufacturing applications.,1301.13,369,3.0,380,224.3,660.5,Carbon Steel,South Korea,6,catalog_19.pdf,0.78,Needs Review
PROD-00920,Hydraulic Valve Model 1919,Hydraulic Valve,Schneider Electric,SCH-288-0919,Industrial hydraulic valve designed for manufacturing applications.,17194.5,372,3.8,400,99.0,782.67,Carbon Steel,Italy,36,catalog_20.pdf,0.81,Needs Review
PROD-00921,Air Compressor Model 1920,Air Compressor,Atlas Copco,ATL-263-0920,Industrial air compressor designed for manufacturing applications.,22591.96,62,3.6,400,238.35,237.76,Alloy Steel,Japan,36,catalog_21.pdf,0.74,Verified
PROD-00922,Welding Machine Model 1921,Welding Machine,Honeywell,HON-635-0921,Industrial welding machine designed for manufacturing applications.,20972.26,82,4.5,230,121.54,820.74,Aluminum,Japan,36,catalog_22.pdf,0.85,Verified
PROD-00923,Generator Model 1922,Generator,Kirloskar,KIR-635-0922,Industrial generator designed for manufacturing applications.,3402.39,79,3.4,440,243.46,1459.22,Carbon Steel,India,6,catalog_23.pdf,0.9,Verified
PROD-00924,Industrial Fan Model 1923,Industrial Fan,Bosch Rexroth,BOS-103-0923,Industrial industrial fan designed for manufacturing applications.,3375.21,46,3.4,400,2.55,1490.85,Aluminum,South Korea,36,catalog_24.pdf,0.88,Needs Review
PROD-00925,Welding Machine Model 1924,Welding Machine,Atlas Copco,ATL-934-0924,Industrial welding machine designed for manufacturing applications.,20382.5,426,3.4,220,224.75,741.99,Cast Iron,Japan,18,catalog_25.pdf,0.93,Needs Review
PROD-00926,Industrial Fan Model 1925,Industrial Fan,Crompton,CRO-389-0925,Industrial industrial fan designed for manufacturing applications.,23125.29,328,3.3,110,232.81,934.82,Carbon Steel,Japan,12,catalog_01.pdf,0.83,Verified
PROD-00927,Electric Motor Model 1926,Electric Motor,Kirloskar,KIR-532-0926,Industrial electric motor designed for manufacturing applications.,11651.58,185,3.6,220,240.27,62.5,Aluminum,China,6,catalog_02.pdf,0.85,Verified
PROD-00928,Conveyor System Model 1927,Conveyor System,Crompton,CRO-570-0927,Industrial conveyor system designed for manufacturing applications.,12599.54,37,4.8,230,3.76,1214.63,Cast Iron,South Korea,36,catalog_03.pdf,0.94,Needs Review
PROD-00929,Conveyor System Model 1928,Conveyor System,Kirloskar,KIR-280-0928,Industrial conveyor system designed for manufacturing applications.,8126.99,75,4.5,415,43.34,729.48,Alloy Steel,Japan,18,catalog_04.pdf,0.82,Needs Review
PROD-00930,Control Panel Model 1929,Control Panel,Honeywell,HON-347-0929,Industrial control panel designed for manufacturing applications.,22383.06,60,4.5,480,163.61,802.97,Carbon Steel,USA,12,catalog_05.pdf,0.9,Verified
PROD-00931,Conveyor System Model 1930,Conveyor System,WEG,WEG-727-0930,Industrial conveyor system designed for manufacturing applications.,16211.35,109,4.6,230,6.86,1572.86,Alloy Steel,Germany,12,catalog_06.pdf,0.83,Needs Review
PROD-00932,Air Compressor Model 1931,Air Compressor,Crompton,CRO-378-0931,Industrial air compressor designed for manufacturing applications.,7384.23,204,3.5,110,16.37,832.38,Cast Iron,India,36,catalog_07.pdf,0.82,Verified
PROD-00933,Gearbox Model 1932,Gearbox,Atlas Copco,ATL-976-0932,Industrial gearbox designed for manufacturing applications.,7644.88,105,4.8,400,55.66,40.1,Alloy Steel,Switzerland,18,catalog_08.pdf,0.92,Verified
PROD-00934,Industrial Pump Model 1933,Industrial Pump,Kirloskar,KIR-680-0933,Industrial industrial pump designed for manufacturing applications.,22307.2,260,3.3,440,128.35,411.03,Alloy Steel,India,6,catalog_09.pdf,0.75,Verified
PROD-00935,Control Panel Model 1934,Control Panel,Schneider Electric,SCH-962-0934,Industrial control panel designed for manufacturing applications.,587.44,311,3.7,440,136.7,857.17,Stainless Steel,USA,36,catalog_10.pdf,0.8,Verified
PROD-00936,Industrial Pump Model 1935,Industrial Pump,Rockwell Automation,ROC-353-0935,Industrial industrial pump designed for manufacturing applications.,8237.48,78,4.2,380,9.05,765.06,Cast Iron,Switzerland,12,catalog_11.pdf,0.77,Verified
PROD-00937,Industrial Fan Model 1936,Industrial Fan,Schneider Electric,SCH-280-0936,Industrial industrial fan designed for manufacturing applications.,13970.33,175,3.2,230,43.01,1548.95,Alloy Steel,Germany,12,catalog_12.pdf,0.8,Needs Review
PROD-00938,Industrial Pump Model 1937,Industrial Pump,Siemens,SIE-929-0937,Industrial industrial pump designed for manufacturing applications.,3918.38,381,4.5,110,125.18,976.76,Aluminum,Germany,12,catalog_13.pdf,0.77,Needs Review
PROD-00939,Industrial Pump Model 1938,Industrial Pump,WEG,WEG-780-0938,Industrial industrial pump designed for manufacturing applications.,2529.44,147,3.8,380,148.69,1241.97,Cast Iron,USA,36,catalog_14.pdf,0.87,Needs Review
PROD-00940,Control Panel Model 1939,Control Panel,WEG,WEG-924-0939,Industrial control panel designed for manufacturing applications.,20428.09,170,4.6,400,37.53,845.84,Stainless Steel,Italy,24,catalog_15.pdf,0.93,Verified
PROD-00941,Electric Motor Model 1940,Electric Motor,Schneider Electric,SCH-608-0940,Industrial electric motor designed for manufacturing applications.,22386.51,403,4.0,415,100.01,792.5,Carbon Steel,Italy,24,catalog_16.pdf,0.93,Verified
PROD-00942,Hydraulic Valve Model 1941,Hydraulic Valve,Bosch Rexroth,BOS-860-0941,Industrial hydraulic valve designed for manufacturing applications.,20634.26,265,3.4,230,226.15,804.42,Alloy Steel,Germany,24,catalog_17.pdf,0.81,Verified
PROD-00943,Conveyor System Model 1942,Conveyor System,Honeywell,HON-799-0942,Industrial conveyor system designed for manufacturing applications.,22495.0,225,4.5,415,249.73,740.84,Aluminum,Italy,18,catalog_18.pdf,0.99,Verified
PROD-00944,Conveyor System Model 1943,Conveyor System,Crompton,CRO-665-0943,Industrial conveyor system designed for manufacturing applications.,13939.52,87,3.5,110,246.81,970.37,Stainless Steel,Italy,36,catalog_19.pdf,0.87,Verified
PROD-00945,Air Compressor Model 1944,Air Compressor,Atlas Copco,ATL-425-0944,Industrial air compressor designed for manufacturing applications.,20353.39,186,4.0,415,220.48,452.3,Cast Iron,Italy,12,catalog_20.pdf,0.82,Verified
PROD-00946,Control Panel Model 1945,Control Panel,WEG,WEG-456-0945,Industrial control panel designed for manufacturing applications.,9755.06,311,3.2,415,98.97,1604.12,Alloy Steel,Germany,18,catalog_21.pdf,0.94,Verified
PROD-00947,Air Compressor Model 1946,Air Compressor,Schneider Electric,SCH-924-0946,Industrial air compressor designed for manufacturing applications.,16740.13,14,4.2,110,171.8,600.89,Stainless Steel,Switzerland,24,catalog_22.pdf,0.91,Needs Review
PROD-00948,Gearbox Model 1947,Gearbox,Schneider Electric,SCH-749-0947,Industrial gearbox designed for manufacturing applications.,24723.68,400,4.3,110,104.44,267.25,Stainless Steel,Italy,6,catalog_23.pdf,0.92,Verified
PROD-00949,Gearbox Model 1948,Gearbox,Honeywell,HON-779-0948,Industrial gearbox designed for manufacturing applications.,5836.76,8,3.8,230,162.31,175.6,Aluminum,Switzerland,18,catalog_24.pdf,0.76,Needs Review
PROD-00950,Air Compressor Model 1949,Air Compressor,Honeywell,HON-490-0949,Industrial air compressor designed for manufacturing applications.,9900.02,355,4.9,415,77.7,26.13,Carbon Steel,India,18,catalog_25.pdf,0.84,Verified
PROD-00951,Control Panel Model 1950,Control Panel,ABB,ABB-714-0950,Industrial control panel designed for manufacturing applications.,12131.17,406,4.7,380,151.75,762.3,Carbon Steel,China,36,catalog_01.pdf,0.95,Needs Review
PROD-00952,Air Compressor Model 1951,Air Compressor,ABB,ABB-184-0951,Industrial air compressor designed for manufacturing applications.,3665.88,340,4.4,480,131.18,339.32,Carbon Steel,Germany,18,catalog_02.pdf,0.85,Verified
PROD-00953,Conveyor System Model 1952,Conveyor System,Bosch Rexroth,BOS-416-0952,Industrial conveyor system designed for manufacturing applications.,2255.71,492,4.4,110,6.61,40.92,Cast Iron,USA,36,catalog_03.pdf,0.9,Verified
PROD-00954,Welding Machine Model 1953,Welding Machine,Bosch Rexroth,BOS-311-0953,Industrial welding machine designed for manufacturing applications.,20785.64,296,3.5,400,197.78,937.0,Stainless Steel,Italy,6,catalog_04.pdf,0.87,Verified
PROD-00955,Generator Model 1954,Generator,Siemens,SIE-614-0954,Industrial generator designed for manufacturing applications.,24425.66,285,4.3,415,3.47,1224.6,Cast Iron,Japan,12,catalog_05.pdf,0.94,Needs Review
PROD-00956,Industrial Pump Model 1955,Industrial Pump,Bosch Rexroth,BOS-483-0955,Industrial industrial pump designed for manufacturing applications.,10266.95,219,3.4,110,73.64,156.18,Stainless Steel,Germany,12,catalog_06.pdf,0.78,Verified
PROD-00957,Generator Model 1956,Generator,Kirloskar,KIR-790-0956,Industrial generator designed for manufacturing applications.,2419.33,464,3.3,380,1.98,830.74,Aluminum,South Korea,24,catalog_07.pdf,0.87,Verified
PROD-00958,Control Panel Model 1957,Control Panel,Honeywell,HON-441-0957,Industrial control panel designed for manufacturing applications.,1878.84,102,5.0,440,94.36,1339.04,Aluminum,USA,24,catalog_08.pdf,0.74,Needs Review
PROD-00959,Generator Model 1958,Generator,Atlas Copco,ATL-914-0958,Industrial generator designed for manufacturing applications.,22310.13,424,4.2,230,16.26,1774.48,Cast Iron,China,6,catalog_09.pdf,0.9,Verified
PROD-00960,Gearbox Model 1959,Gearbox,Kirloskar,KIR-943-0959,Industrial gearbox designed for manufacturing applications.,11729.4,105,3.9,415,228.42,1201.61,Cast Iron,India,12,catalog_10.pdf,0.91,Verified
PROD-00961,Industrial Fan Model 1960,Industrial Fan,Crompton,CRO-137-0960,Industrial industrial fan designed for manufacturing applications.,8170.68,455,3.6,440,104.21,442.22,Aluminum,Switzerland,24,catalog_11.pdf,0.71,Verified
PROD-00962,Industrial Pump Model 1961,Industrial Pump,Schneider Electric,SCH-610-0961,Industrial industrial pump designed for manufacturing applications.,12042.42,13,4.2,110,115.14,1290.36,Alloy Steel,Switzerland,18,catalog_12.pdf,0.9,Needs Review
PROD-00963,Hydraulic Valve Model 1962,Hydraulic Valve,Bosch Rexroth,BOS-519-0962,Industrial hydraulic valve designed for manufacturing applications.,8128.03,65,3.1,110,87.79,1077.08,Carbon Steel,South Korea,36,catalog_13.pdf,0.82,Verified
PROD-00964,Control Panel Model 1963,Control Panel,Schneider Electric,SCH-850-0963,Industrial control panel designed for manufacturing applications.,12353.64,313,3.2,400,157.06,382.82,Carbon Steel,USA,24,catalog_14.pdf,0.74,Verified
PROD-00965,Industrial Pump Model 1964,Industrial Pump,WEG,WEG-268-0964,Industrial industrial pump designed for manufacturing applications.,21524.02,150,3.1,400,196.21,1532.3,Aluminum,Italy,6,catalog_15.pdf,0.82,Verified
PROD-00966,Generator Model 1965,Generator,Siemens,SIE-442-0965,Industrial generator designed for manufacturing applications.,14909.46,431,4.0,415,162.21,770.47,Carbon Steel,Japan,12,catalog_16.pdf,0.76,Verified
PROD-00967,Gearbox Model 1966,Gearbox,WEG,WEG-925-0966,Industrial gearbox designed for manufacturing applications.,17442.68,423,4.2,440,187.18,1731.64,Alloy Steel,Italy,6,catalog_17.pdf,0.82,Needs Review
PROD-00968,Electric Motor Model 1967,Electric Motor,Siemens,SIE-405-0967,Industrial electric motor designed for manufacturing applications.,9275.6,67,3.1,480,226.54,1301.78,Alloy Steel,USA,36,catalog_18.pdf,0.81,Verified
PROD-00969,Welding Machine Model 1968,Welding Machine,ABB,ABB-641-0968,Industrial welding machine designed for manufacturing applications.,18528.02,125,4.4,440,215.95,1160.92,Stainless Steel,Germany,36,catalog_19.pdf,0.91,Verified
PROD-00970,Hydraulic Valve Model 1969,Hydraulic Valve,Schneider Electric,SCH-801-0969,Industrial hydraulic valve designed for manufacturing applications.,16748.77,230,3.5,110,168.68,1311.58,Cast Iron,South Korea,6,catalog_20.pdf,0.92,Verified
PROD-00971,Welding Machine Model 1970,Welding Machine,Siemens,SIE-968-0970,Industrial welding machine designed for manufacturing applications.,3209.16,109,4.4,480,54.05,861.62,Carbon Steel,Japan,24,catalog_21.pdf,0.88,Verified
PROD-00972,Industrial Pump Model 1971,Industrial Pump,Rockwell Automation,ROC-636-0971,Industrial industrial pump designed for manufacturing applications.,14422.91,466,5.0,415,159.61,910.4,Alloy Steel,Switzerland,24,catalog_22.pdf,0.71,Verified
PROD-00973,Gearbox Model 1972,Gearbox,Kirloskar,KIR-211-0972,Industrial gearbox designed for manufacturing applications.,6604.4,264,4.4,110,126.77,1532.47,Cast Iron,South Korea,12,catalog_23.pdf,0.97,Verified
PROD-00974,Gearbox Model 1973,Gearbox,Siemens,SIE-510-0973,Industrial gearbox designed for manufacturing applications.,20151.37,353,4.8,400,179.45,1226.31,Cast Iron,South Korea,12,catalog_24.pdf,0.9,Verified
PROD-00975,Generator Model 1974,Generator,Siemens,SIE-305-0974,Industrial generator designed for manufacturing applications.,10791.96,429,4.9,380,208.32,1615.24,Stainless Steel,Japan,18,catalog_25.pdf,0.71,Needs Review
PROD-00976,Conveyor System Model 1975,Conveyor System,Kirloskar,KIR-284-0975,Industrial conveyor system designed for manufacturing applications.,24868.43,259,4.0,220,185.81,1603.71,Cast Iron,Switzerland,18,catalog_01.pdf,0.94,Verified
PROD-00977,Generator Model 1976,Generator,Schneider Electric,SCH-481-0976,Industrial generator designed for manufacturing applications.,2539.39,433,4.4,480,211.72,1757.73,Cast Iron,Switzerland,12,catalog_02.pdf,0.76,Verified
PROD-00978,Conveyor System Model 1977,Conveyor System,Schneider Electric,SCH-595-0977,Industrial conveyor system designed for manufacturing applications.,19563.61,438,4.7,220,16.43,1260.99,Aluminum,USA,18,catalog_03.pdf,0.87,Verified
PROD-00979,Conveyor System Model 1978,Conveyor System,Kirloskar,KIR-478-0978,Industrial conveyor system designed for manufacturing applications.,16924.12,211,3.7,110,8.39,905.14,Stainless Steel,China,6,catalog_04.pdf,0.84,Verified
PROD-00980,Hydraulic Valve Model 1979,Hydraulic Valve,WEG,WEG-146-0979,Industrial hydraulic valve designed for manufacturing applications.,19245.6,32,3.5,440,65.0,301.03,Stainless Steel,China,24,catalog_05.pdf,0.82,Needs Review
PROD-00981,Generator Model 1980,Generator,Rockwell Automation,ROC-985-0980,Industrial generator designed for manufacturing applications.,7861.36,174,4.9,400,225.22,1270.27,Carbon Steel,Italy,18,catalog_06.pdf,0.96,Verified
PROD-00982,Electric Motor Model 1981,Electric Motor,Atlas Copco,ATL-839-0981,Industrial electric motor designed for manufacturing applications.,12428.35,340,4.5,230,206.0,526.26,Cast Iron,USA,18,catalog_07.pdf,0.83,Verified
PROD-00983,Air Compressor Model 1982,Air Compressor,Crompton,CRO-650-0982,Industrial air compressor designed for manufacturing applications.,19963.59,80,3.4,230,170.84,510.74,Carbon Steel,Japan,6,catalog_08.pdf,0.72,Needs Review
PROD-00984,Air Compressor Model 1983,Air Compressor,Rockwell Automation,ROC-627-0983,Industrial air compressor designed for manufacturing applications.,6005.4,120,3.9,220,175.34,430.44,Alloy Steel,USA,36,catalog_09.pdf,0.97,Verified
PROD-00985,Generator Model 1984,Generator,Schneider Electric,SCH-603-0984,Industrial generator designed for manufacturing applications.,5844.32,73,4.6,380,181.8,1575.47,Cast Iron,Japan,12,catalog_10.pdf,0.97,Verified
PROD-00986,Generator Model 1985,Generator,Atlas Copco,ATL-121-0985,Industrial generator designed for manufacturing applications.,13888.51,358,4.1,220,235.68,1562.6,Alloy Steel,South Korea,6,catalog_11.pdf,0.9,Verified
PROD-00987,Welding Machine Model 1986,Welding Machine,ABB,ABB-312-0986,Industrial welding machine designed for manufacturing applications.,13208.2,238,4.3,110,208.13,1136.48,Aluminum,Italy,36,catalog_12.pdf,0.84,Verified
PROD-00988,Hydraulic Valve Model 1987,Hydraulic Valve,Bosch Rexroth,BOS-409-0987,Industrial hydraulic valve designed for manufacturing applications.,7236.0,5,4.5,380,156.04,852.42,Cast Iron,Germany,6,catalog_13.pdf,0.73,Verified
PROD-00989,Generator Model 1988,Generator,Siemens,SIE-760-0988,Industrial generator designed for manufacturing applications.,7627.37,171,4.2,230,166.6,1210.46,Carbon Steel,South Korea,24,catalog_14.pdf,0.93,Verified
PROD-00990,Welding Machine Model 1989,Welding Machine,Kirloskar,KIR-852-0989,Industrial welding machine designed for manufacturing applications.,7126.67,356,4.1,440,53.83,1093.8,Carbon Steel,Switzerland,6,catalog_15.pdf,0.72,Verified
PROD-00991,Conveyor System Model 1990,Conveyor System,Kirloskar,KIR-371-0990,Industrial conveyor system designed for manufacturing applications.,19344.92,222,4.5,400,164.5,749.49,Cast Iron,Germany,6,catalog_16.pdf,0.72,Verified
PROD-00992,Gearbox Model 1991,Gearbox,Siemens,SIE-670-0991,Industrial gearbox designed for manufacturing applications.,16384.55,277,4.5,480,106.46,684.58,Carbon Steel,USA,24,catalog_17.pdf,0.86,Verified
PROD-00993,Gearbox Model 1992,Gearbox,Bosch Rexroth,BOS-898-0992,Industrial gearbox designed for manufacturing applications.,20852.33,372,4.3,400,38.66,690.26,Cast Iron,Japan,12,catalog_18.pdf,0.75,Needs Review
PROD-00994,Conveyor System Model 1993,Conveyor System,Crompton,CRO-301-0993,Industrial conveyor system designed for manufacturing applications.,24392.96,255,3.7,110,201.7,1061.26,Stainless Steel,Germany,36,catalog_19.pdf,0.7,Verified
PROD-00995,Control Panel Model 1994,Control Panel,Bosch Rexroth,BOS-131-0994,Industrial control panel designed for manufacturing applications.,11985.57,351,3.8,220,127.81,1166.51,Carbon Steel,South Korea,18,catalog_20.pdf,0.82,Needs Review
PROD-00996,Welding Machine Model 1995,Welding Machine,Atlas Copco,ATL-542-0995,Industrial welding machine designed for manufacturing applications.,1900.67,348,4.9,110,244.37,814.23,Cast Iron,Japan,12,catalog_21.pdf,0.74,Verified
PROD-00997,Welding Machine Model 1996,Welding Machine,Bosch Rexroth,BOS-261-0996,Industrial welding machine designed for manufacturing applications.,1440.28,423,3.2,480,70.78,1743.71,Cast Iron,Italy,6,catalog_22.pdf,0.75,Needs Review
PROD-00998,Conveyor System Model 1997,Conveyor System,Atlas Copco,ATL-866-0997,Industrial conveyor system designed for manufacturing applications.,7567.71,178,3.5,400,120.43,152.75,Carbon Steel,South Korea,18,catalog_23.pdf,0.72,Verified
PROD-00999,Electric Motor Model 1998,Electric Motor,Bosch Rexroth,BOS-353-0998,Industrial electric motor designed for manufacturing applications.,23330.48,174,4.0,480,112.27,625.99,Stainless Steel,Switzerland,24,catalog_24.pdf,0.76,Verified
PROD-01000,Industrial Fan Model 1999,Industrial Fan,Crompton,CRO-620-0999,Industrial industrial fan designed for manufacturing applications.,13199.52,250,4.7,230,30.63,755.5,Carbon Steel,USA,12,catalog_25.pdf,0.91,Needs Review
PROD-01001,Industrial Pump Model 2000,Industrial Pump,Crompton,CRO-750-1000,Industrial industrial pump designed for manufacturing applications.,6976.72,427,3.3,400,106.82,32.42,Cast Iron,Japan,36,catalog_01.pdf,0.93,Needs Review
PROD-01002,Conveyor System Model 2001,Conveyor System,Schneider Electric,SCH-579-1001,Industrial conveyor system designed for manufacturing applications.,10129.38,94,3.6,380,72.24,658.19,Stainless Steel,USA,12,catalog_02.pdf,0.83,Verified
PROD-01003,Generator Model 2002,Generator,Siemens,SIE-109-1002,Industrial generator designed for manufacturing applications.,15065.23,53,3.1,440,40.5,494.13,Alloy Steel,Japan,12,catalog_03.pdf,0.85,Verified
PROD-01004,Generator Model 2003,Generator,Crompton,CRO-825-1003,Industrial generator designed for manufacturing applications.,16410.5,450,4.4,480,70.9,911.85,Aluminum,South Korea,18,catalog_04.pdf,0.71,Verified
PROD-01005,Hydraulic Valve Model 2004,Hydraulic Valve,Atlas Copco,ATL-604-1004,Industrial hydraulic valve designed for manufacturing applications.,4059.51,298,3.5,440,58.7,606.87,Carbon Steel,China,24,catalog_05.pdf,0.72,Needs Review
PROD-01006,Conveyor System Model 2005,Conveyor System,Crompton,CRO-884-1005,Industrial conveyor system designed for manufacturing applications.,24431.53,411,3.8,415,183.65,1307.68,Cast Iron,China,24,catalog_06.pdf,0.77,Verified
PROD-01007,Hydraulic Valve Model 2006,Hydraulic Valve,Schneider Electric,SCH-935-1006,Industrial hydraulic valve designed for manufacturing applications.,13733.11,154,3.9,400,8.18,918.86,Stainless Steel,Japan,12,catalog_07.pdf,0.86,Needs Review
PROD-01008,Conveyor System Model 2007,Conveyor System,Kirloskar,KIR-659-1007,Industrial conveyor system designed for manufacturing applications.,3608.29,136,4.8,400,154.56,235.31,Stainless Steel,Italy,24,catalog_08.pdf,0.91,Needs Review
PROD-01009,Welding Machine Model 2008,Welding Machine,Atlas Copco,ATL-535-1008,Industrial welding machine designed for manufacturing applications.,22367.47,437,3.8,440,190.29,1350.61,Alloy Steel,USA,18,catalog_09.pdf,0.88,Needs Review
PROD-01010,Industrial Pump Model 2009,Industrial Pump,Schneider Electric,SCH-210-1009,Industrial industrial pump designed for manufacturing applications.,2097.3,63,3.3,415,120.44,180.41,Carbon Steel,Switzerland,18,catalog_10.pdf,0.81,Verified
PROD-01011,Welding Machine Model 2010,Welding Machine,WEG,WEG-252-1010,Industrial welding machine designed for manufacturing applications.,22716.45,461,4.0,380,232.93,1510.61,Stainless Steel,India,36,catalog_11.pdf,0.73,Verified
PROD-01012,Industrial Fan Model 2011,Industrial Fan,WEG,WEG-734-1011,Industrial industrial fan designed for manufacturing applications.,24915.0,328,4.9,220,177.12,1676.7,Alloy Steel,Japan,24,catalog_12.pdf,0.93,Needs Review
PROD-01013,Gearbox Model 2012,Gearbox,ABB,ABB-968-1012,Industrial gearbox designed for manufacturing applications.,17585.69,203,4.2,480,187.11,581.76,Cast Iron,Japan,36,catalog_13.pdf,0.81,Verified
PROD-01014,Air Compressor Model 2013,Air Compressor,Bosch Rexroth,BOS-201-1013,Industrial air compressor designed for manufacturing applications.,19318.57,219,5.0,480,49.63,1667.2,Alloy Steel,China,6,catalog_14.pdf,0.91,Needs Review
PROD-01015,Conveyor System Model 2014,Conveyor System,Siemens,SIE-852-1014,Industrial conveyor system designed for manufacturing applications.,8598.25,390,4.7,400,194.44,1427.83,Carbon Steel,Germany,18,catalog_15.pdf,0.85,Verified
PROD-01016,Industrial Fan Model 2015,Industrial Fan,Honeywell,HON-932-1015,Industrial industrial fan designed for manufacturing applications.,23554.03,53,3.1,440,208.11,1660.54,Alloy Steel,South Korea,12,catalog_16.pdf,0.91,Needs Review
PROD-01017,Gearbox Model 2016,Gearbox,Rockwell Automation,ROC-290-1016,Industrial gearbox designed for manufacturing applications.,13360.42,476,4.3,110,90.64,1199.95,Stainless Steel,China,18,catalog_17.pdf,0.96,Verified
PROD-01018,Control Panel Model 2017,Control Panel,Schneider Electric,SCH-828-1017,Industrial control panel designed for manufacturing applications.,18376.61,236,3.6,400,53.73,425.69,Stainless Steel,USA,6,catalog_18.pdf,0.97,Verified
PROD-01019,Industrial Pump Model 2018,Industrial Pump,Kirloskar,KIR-662-1018,Industrial industrial pump designed for manufacturing applications.,23121.67,251,4.1,110,96.57,1610.35,Aluminum,China,12,catalog_19.pdf,0.86,Needs Review
PROD-01020,Hydraulic Valve Model 2019,Hydraulic Valve,Rockwell Automation,ROC-903-1019,Industrial hydraulic valve designed for manufacturing applications.,24385.7,386,3.6,380,185.03,333.31,Alloy Steel,India,24,catalog_20.pdf,0.85,Verified
PROD-01021,Hydraulic Valve Model 2020,Hydraulic Valve,Kirloskar,KIR-180-1020,Industrial hydraulic valve designed for manufacturing applications.,20871.81,483,3.7,400,104.7,385.08,Cast Iron,Italy,24,catalog_21.pdf,0.78,Needs Review
PROD-01022,Welding Machine Model 2021,Welding Machine,Rockwell Automation,ROC-588-1021,Industrial welding machine designed for manufacturing applications.,7749.68,243,4.8,480,184.29,489.37,Carbon Steel,South Korea,18,catalog_22.pdf,0.97,Verified
PROD-01023,Generator Model 2022,Generator,Schneider Electric,SCH-994-1022,Industrial generator designed for manufacturing applications.,24172.05,419,3.4,440,28.83,549.03,Aluminum,India,12,catalog_23.pdf,0.83,Verified
PROD-01024,Gearbox Model 2023,Gearbox,Honeywell,HON-187-1023,Industrial gearbox designed for manufacturing applications.,15795.96,371,4.7,380,201.6,927.03,Alloy Steel,Italy,12,catalog_24.pdf,0.74,Verified
PROD-01025,Control Panel Model 2024,Control Panel,Rockwell Automation,ROC-293-1024,Industrial control panel designed for manufacturing applications.,23283.4,172,3.1,380,63.68,1284.8,Cast Iron,India,36,catalog_25.pdf,0.83,Verified
PROD-01026,Industrial Fan Model 2025,Industrial Fan,Schneider Electric,SCH-203-1025,Industrial industrial fan designed for manufacturing applications.,16983.6,52,3.2,220,62.61,1667.32,Aluminum,Switzerland,6,catalog_01.pdf,0.74,Verified
PROD-01027,Industrial Pump Model 2026,Industrial Pump,Crompton,CRO-882-1026,Industrial industrial pump designed for manufacturing applications.,7854.16,55,4.7,400,147.8,161.01,Stainless Steel,South Korea,24,catalog_02.pdf,0.85,Needs Review
PROD-01028,Gearbox Model 2027,Gearbox,Honeywell,HON-195-1027,Industrial gearbox designed for manufacturing applications.,9408.11,303,4.3,110,17.99,1717.96,Carbon Steel,China,18,catalog_03.pdf,0.86,Needs Review
PROD-01029,Control Panel Model 2028,Control Panel,Atlas Copco,ATL-522-1028,Industrial control panel designed for manufacturing applications.,13874.18,102,4.5,110,7.06,1658.54,Alloy Steel,India,12,catalog_04.pdf,0.8,Verified
PROD-01030,Air Compressor Model 2029,Air Compressor,Kirloskar,KIR-990-1029,Industrial air compressor designed for manufacturing applications.,19802.87,443,3.4,400,65.63,99.09,Cast Iron,China,24,catalog_05.pdf,0.72,Verified
PROD-01031,Conveyor System Model 2030,Conveyor System,WEG,WEG-297-1030,Industrial conveyor system designed for manufacturing applications.,8120.07,220,4.1,415,134.75,649.86,Stainless Steel,South Korea,18,catalog_06.pdf,0.97,Needs Review
PROD-01032,Hydraulic Valve Model 2031,Hydraulic Valve,Bosch Rexroth,BOS-100-1031,Industrial hydraulic valve designed for manufacturing applications.,14598.35,181,4.5,220,226.95,1464.03,Aluminum,China,24,catalog_07.pdf,0.92,Needs Review
PROD-01033,Industrial Fan Model 2032,Industrial Fan,WEG,WEG-506-1032,Industrial industrial fan designed for manufacturing applications.,8804.22,384,4.3,220,211.69,1101.61,Carbon Steel,USA,18,catalog_08.pdf,0.94,Needs Review
PROD-01034,Hydraulic Valve Model 2033,Hydraulic Valve,Honeywell,HON-477-1033,Industrial hydraulic valve designed for manufacturing applications.,20440.29,478,3.9,220,122.87,1402.81,Aluminum,China,24,catalog_09.pdf,0.81,Needs Review
PROD-01035,Industrial Fan Model 2034,Industrial Fan,Atlas Copco,ATL-266-1034,Industrial industrial fan designed for manufacturing applications.,11801.52,84,4.9,110,9.74,1294.82,Aluminum,Germany,36,catalog_10.pdf,0.92,Verified
PROD-01036,Welding Machine Model 2035,Welding Machine,Kirloskar,KIR-608-1035,Industrial welding machine designed for manufacturing applications.,2148.89,189,4.4,380,134.05,895.19,Cast Iron,India,6,catalog_11.pdf,0.84,Verified
PROD-01037,Generator Model 2036,Generator,Atlas Copco,ATL-737-1036,Industrial generator designed for manufacturing applications.,4359.8,371,4.8,440,176.35,76.11,Stainless Steel,South Korea,24,catalog_12.pdf,0.76,Verified
PROD-01038,Industrial Fan Model 2037,Industrial Fan,Rockwell Automation,ROC-412-1037,Industrial industrial fan designed for manufacturing applications.,1762.34,465,4.5,415,85.12,1052.51,Alloy Steel,Japan,6,catalog_13.pdf,0.74,Verified
PROD-01039,Hydraulic Valve Model 2038,Hydraulic Valve,Kirloskar,KIR-692-1038,Industrial hydraulic valve designed for manufacturing applications.,12607.75,403,4.5,480,28.21,89.32,Cast Iron,Japan,24,catalog_14.pdf,0.8,Needs Review
PROD-01040,Welding Machine Model 2039,Welding Machine,Rockwell Automation,ROC-517-1039,Industrial welding machine designed for manufacturing applications.,2881.85,31,3.2,220,70.0,1087.5,Carbon Steel,Japan,12,catalog_15.pdf,0.74,Verified
PROD-01041,Industrial Fan Model 2040,Industrial Fan,Schneider Electric,SCH-862-1040,Industrial industrial fan designed for manufacturing applications.,3074.96,456,3.7,110,193.01,1441.14,Aluminum,South Korea,36,catalog_16.pdf,0.99,Needs Review
PROD-01042,Air Compressor Model 2041,Air Compressor,Honeywell,HON-780-1041,Industrial air compressor designed for manufacturing applications.,23540.94,468,4.7,110,88.14,1053.82,Carbon Steel,Germany,36,catalog_17.pdf,0.71,Needs Review
PROD-01043,Generator Model 2042,Generator,Schneider Electric,SCH-576-1042,Industrial generator designed for manufacturing applications.,21848.21,452,3.5,480,203.09,1794.65,Cast Iron,China,6,catalog_18.pdf,0.83,Needs Review
PROD-01044,Industrial Fan Model 2043,Industrial Fan,ABB,ABB-172-1043,Industrial industrial fan designed for manufacturing applications.,11439.14,482,3.2,380,80.22,821.65,Cast Iron,India,12,catalog_19.pdf,0.83,Needs Review
PROD-01045,Welding Machine Model 2044,Welding Machine,Atlas Copco,ATL-240-1044,Industrial welding machine designed for manufacturing applications.,24648.68,496,3.7,480,41.31,1348.39,Alloy Steel,Italy,18,catalog_20.pdf,0.79,Verified
PROD-01046,Gearbox Model 2045,Gearbox,Rockwell Automation,ROC-681-1045,Industrial gearbox designed for manufacturing applications.,254.62,418,3.4,400,109.24,1201.65,Aluminum,Italy,36,catalog_21.pdf,0.87,Needs Review
PROD-01047,Electric Motor Model 2046,Electric Motor,Crompton,CRO-361-1046,Industrial electric motor designed for manufacturing applications.,15445.99,424,4.9,400,113.34,1784.59,Cast Iron,South Korea,12,catalog_22.pdf,0.74,Verified
PROD-01048,Control Panel Model 2047,Control Panel,Schneider Electric,SCH-439-1047,Industrial control panel designed for manufacturing applications.,15506.6,199,4.7,440,4.52,1284.37,Carbon Steel,USA,12,catalog_23.pdf,0.93,Verified
PROD-01049,Electric Motor Model 2048,Electric Motor,ABB,ABB-407-1048,Industrial electric motor designed for manufacturing applications.,11571.72,218,4.0,480,29.7,296.93,Alloy Steel,Germany,6,catalog_24.pdf,0.8,Needs Review
PROD-01050,Electric Motor Model 2049,Electric Motor,Siemens,SIE-344-1049,Industrial electric motor designed for manufacturing applications.,10074.46,373,3.1,440,46.64,1720.02,Carbon Steel,India,12,catalog_25.pdf,0.87,Verified
PROD-01051,Industrial Pump Model 2050,Industrial Pump,WEG,WEG-614-1050,Industrial industrial pump designed for manufacturing applications.,11520.73,346,4.4,220,28.84,1202.66,Aluminum,China,12,catalog_01.pdf,0.91,Needs Review
PROD-01052,Air Compressor Model 2051,Air Compressor,Kirloskar,KIR-436-1051,Industrial air compressor designed for manufacturing applications.,10520.27,118,4.2,440,85.71,108.69,Alloy Steel,Japan,18,catalog_02.pdf,0.96,Needs Review
PROD-01053,Gearbox Model 2052,Gearbox,ABB,ABB-674-1052,Industrial gearbox designed for manufacturing applications.,18329.69,246,4.9,220,241.17,1184.31,Alloy Steel,Germany,6,catalog_03.pdf,0.94,Needs Review
PROD-01054,Conveyor System Model 2053,Conveyor System,Honeywell,HON-660-1053,Industrial conveyor system designed for manufacturing applications.,3600.05,128,4.1,415,127.55,1589.85,Alloy Steel,Germany,6,catalog_04.pdf,0.88,Verified
PROD-01055,Industrial Fan Model 2054,Industrial Fan,Schneider Electric,SCH-175-1054,Industrial industrial fan designed for manufacturing applications.,5141.57,309,3.7,440,157.08,1039.52,Stainless Steel,India,12,catalog_05.pdf,0.81,Needs Review
PROD-01056,Control Panel Model 2055,Control Panel,Honeywell,HON-979-1055,Industrial control panel designed for manufacturing applications.,4717.83,80,4.0,380,89.42,638.53,Alloy Steel,South Korea,18,catalog_06.pdf,0.85,Verified
PROD-01057,Generator Model 2056,Generator,WEG,WEG-274-1056,Industrial generator designed for manufacturing applications.,6746.15,315,5.0,220,81.21,1478.0,Carbon Steel,China,24,catalog_07.pdf,0.92,Needs Review
PROD-01058,Gearbox Model 2057,Gearbox,Crompton,CRO-208-1057,Industrial gearbox designed for manufacturing applications.,13250.15,473,4.4,380,6.28,1408.96,Carbon Steel,Switzerland,36,catalog_08.pdf,0.95,Verified
PROD-01059,Hydraulic Valve Model 2058,Hydraulic Valve,Atlas Copco,ATL-282-1058,Industrial hydraulic valve designed for manufacturing applications.,3002.42,316,4.3,110,125.33,980.44,Aluminum,Switzerland,6,catalog_09.pdf,0.73,Needs Review
PROD-01060,Conveyor System Model 2059,Conveyor System,Atlas Copco,ATL-291-1059,Industrial conveyor system designed for manufacturing applications.,21737.19,200,3.5,220,121.16,279.54,Cast Iron,South Korea,18,catalog_10.pdf,0.81,Verified
PROD-01061,Industrial Pump Model 2060,Industrial Pump,Honeywell,HON-164-1060,Industrial industrial pump designed for manufacturing applications.,7609.7,355,4.5,110,39.88,453.27,Cast Iron,South Korea,18,catalog_11.pdf,0.93,Verified
PROD-01062,Industrial Pump Model 2061,Industrial Pump,Rockwell Automation,ROC-948-1061,Industrial industrial pump designed for manufacturing applications.,4272.82,48,4.5,230,191.2,1329.79,Stainless Steel,USA,12,catalog_12.pdf,0.83,Verified
PROD-01063,Gearbox Model 2062,Gearbox,Crompton,CRO-573-1062,Industrial gearbox designed for manufacturing applications.,16971.63,419,3.6,380,123.42,1451.34,Alloy Steel,South Korea,36,catalog_13.pdf,0.8,Verified
PROD-01064,Welding Machine Model 2063,Welding Machine,Atlas Copco,ATL-882-1063,Industrial welding machine designed for manufacturing applications.,1192.64,190,4.0,230,85.08,504.12,Stainless Steel,China,6,catalog_14.pdf,0.82,Needs Review
PROD-01065,Electric Motor Model 2064,Electric Motor,Crompton,CRO-199-1064,Industrial electric motor designed for manufacturing applications.,15594.22,347,3.6,220,37.15,663.64,Aluminum,USA,24,catalog_15.pdf,0.87,Verified
PROD-01066,Hydraulic Valve Model 2065,Hydraulic Valve,ABB,ABB-643-1065,Industrial hydraulic valve designed for manufacturing applications.,17530.41,250,3.5,110,138.26,141.58,Aluminum,Switzerland,12,catalog_16.pdf,0.99,Verified
PROD-01067,Industrial Pump Model 2066,Industrial Pump,Crompton,CRO-963-1066,Industrial industrial pump designed for manufacturing applications.,5569.18,441,3.1,220,188.33,1284.8,Cast Iron,USA,6,catalog_17.pdf,0.84,Verified
PROD-01068,Control Panel Model 2067,Control Panel,Bosch Rexroth,BOS-227-1067,Industrial control panel designed for manufacturing applications.,1288.61,88,3.6,230,70.86,8.43,Aluminum,Japan,6,catalog_18.pdf,0.76,Verified
PROD-01069,Industrial Pump Model 2068,Industrial Pump,WEG,WEG-551-1068,Industrial industrial pump designed for manufacturing applications.,9250.22,211,4.1,480,55.09,85.68,Alloy Steel,Japan,18,catalog_19.pdf,0.75,Verified
PROD-01070,Generator Model 2069,Generator,Atlas Copco,ATL-468-1069,Industrial generator designed for manufacturing applications.,2690.21,155,3.0,480,130.72,9.81,Carbon Steel,Switzerland,36,catalog_20.pdf,0.71,Needs Review
PROD-01071,Industrial Fan Model 2070,Industrial Fan,Crompton,CRO-950-1070,Industrial industrial fan designed for manufacturing applications.,3132.83,160,3.6,220,39.26,1162.28,Aluminum,India,24,catalog_21.pdf,0.86,Verified
PROD-01072,Industrial Pump Model 2071,Industrial Pump,Honeywell,HON-142-1071,Industrial industrial pump designed for manufacturing applications.,6542.97,20,4.8,415,166.82,752.46,Stainless Steel,Switzerland,36,catalog_22.pdf,0.86,Verified
PROD-01073,Generator Model 2072,Generator,Siemens,SIE-983-1072,Industrial generator designed for manufacturing applications.,7562.83,169,4.2,400,151.53,536.99,Alloy Steel,China,18,catalog_23.pdf,0.76,Verified
PROD-01074,Gearbox Model 2073,Gearbox,Bosch Rexroth,BOS-518-1073,Industrial gearbox designed for manufacturing applications.,13366.77,409,4.2,230,22.23,1643.04,Aluminum,South Korea,24,catalog_24.pdf,0.9,Verified
PROD-01075,Gearbox Model 2074,Gearbox,Bosch Rexroth,BOS-587-1074,Industrial gearbox designed for manufacturing applications.,17040.2,467,3.8,220,9.61,348.66,Aluminum,USA,24,catalog_25.pdf,0.91,Verified
PROD-01076,Conveyor System Model 2075,Conveyor System,Rockwell Automation,ROC-177-1075,Industrial conveyor system designed for manufacturing applications.,14921.08,149,4.4,110,155.26,702.08,Alloy Steel,India,12,catalog_01.pdf,0.78,Verified
PROD-01077,Industrial Pump Model 2076,Industrial Pump,Crompton,CRO-925-1076,Industrial industrial pump designed for manufacturing applications.,3921.92,41,3.4,220,73.93,1692.68,Aluminum,USA,24,catalog_02.pdf,0.8,Needs Review
PROD-01078,Control Panel Model 2077,Control Panel,Rockwell Automation,ROC-900-1077,Industrial control panel designed for manufacturing applications.,4509.13,337,4.6,480,22.07,769.94,Carbon Steel,Germany,6,catalog_03.pdf,0.99,Verified
PROD-01079,Industrial Pump Model 2078,Industrial Pump,Rockwell Automation,ROC-369-1078,Industrial industrial pump designed for manufacturing applications.,21999.54,407,3.2,110,189.98,999.34,Cast Iron,Italy,36,catalog_04.pdf,0.81,Verified
PROD-01080,Control Panel Model 2079,Control Panel,Siemens,SIE-773-1079,Industrial control panel designed for manufacturing applications.,14069.22,418,4.3,400,78.85,146.45,Alloy Steel,Italy,36,catalog_05.pdf,0.92,Verified
PROD-01081,Air Compressor Model 2080,Air Compressor,ABB,ABB-800-1080,Industrial air compressor designed for manufacturing applications.,21780.96,49,3.7,220,115.17,1422.72,Stainless Steel,USA,12,catalog_06.pdf,0.83,Verified
PROD-01082,Conveyor System Model 2081,Conveyor System,Crompton,CRO-858-1081,Industrial conveyor system designed for manufacturing applications.,9445.78,406,4.5,440,59.58,762.12,Aluminum,India,24,catalog_07.pdf,0.93,Needs Review
PROD-01083,Air Compressor Model 2082,Air Compressor,Schneider Electric,SCH-827-1082,Industrial air compressor designed for manufacturing applications.,15456.4,210,4.1,480,157.02,1441.33,Cast Iron,Switzerland,18,catalog_08.pdf,0.92,Verified
PROD-01084,Industrial Pump Model 2083,Industrial Pump,Atlas Copco,ATL-414-1083,Industrial industrial pump designed for manufacturing applications.,13210.67,66,3.9,440,75.72,458.33,Stainless Steel,Japan,6,catalog_09.pdf,0.89,Needs Review
PROD-01085,Conveyor System Model 2084,Conveyor System,Rockwell Automation,ROC-950-1084,Industrial conveyor system designed for manufacturing applications.,8148.31,424,3.3,400,242.02,761.62,Stainless Steel,China,12,catalog_10.pdf,0.95,Verified
PROD-01086,Air Compressor Model 2085,Air Compressor,WEG,WEG-988-1085,Industrial air compressor designed for manufacturing applications.,11880.41,360,4.3,230,175.89,1416.21,Carbon Steel,USA,24,catalog_11.pdf,0.97,Verified
PROD-01087,Electric Motor Model 2086,Electric Motor,Kirloskar,KIR-267-1086,Industrial electric motor designed for manufacturing applications.,12686.65,472,4.9,110,34.61,1753.03,Cast Iron,USA,18,catalog_12.pdf,0.87,Verified
PROD-01088,Industrial Pump Model 2087,Industrial Pump,WEG,WEG-438-1087,Industrial industrial pump designed for manufacturing applications.,5219.08,312,4.7,440,104.47,109.21,Alloy Steel,China,24,catalog_13.pdf,0.77,Verified
PROD-01089,Air Compressor Model 2088,Air Compressor,Siemens,SIE-292-1088,Industrial air compressor designed for manufacturing applications.,8046.51,23,3.1,415,96.66,1462.8,Cast Iron,Switzerland,12,catalog_14.pdf,0.82,Verified
PROD-01090,Electric Motor Model 2089,Electric Motor,Siemens,SIE-552-1089,Industrial electric motor designed for manufacturing applications.,19837.39,369,3.8,230,133.79,542.64,Cast Iron,South Korea,18,catalog_15.pdf,0.92,Verified
PROD-01091,Electric Motor Model 2090,Electric Motor,Honeywell,HON-382-1090,Industrial electric motor designed for manufacturing applications.,22915.76,304,4.9,110,210.56,992.24,Stainless Steel,Japan,18,catalog_16.pdf,0.89,Verified
PROD-01092,Gearbox Model 2091,Gearbox,ABB,ABB-435-1091,Industrial gearbox designed for manufacturing applications.,9154.9,11,4.0,480,146.06,523.59,Carbon Steel,USA,18,catalog_17.pdf,0.75,Verified
PROD-01093,Industrial Pump Model 2092,Industrial Pump,Atlas Copco,ATL-489-1092,Industrial industrial pump designed for manufacturing applications.,7847.56,253,4.3,480,15.86,1104.97,Carbon Steel,Germany,18,catalog_18.pdf,0.71,Verified
PROD-01094,Electric Motor Model 2093,Electric Motor,Rockwell Automation,ROC-624-1093,Industrial electric motor designed for manufacturing applications.,5081.13,432,4.8,480,164.03,638.14,Cast Iron,Japan,24,catalog_19.pdf,0.9,Verified
PROD-01095,Gearbox Model 2094,Gearbox,WEG,WEG-339-1094,Industrial gearbox designed for manufacturing applications.,17042.66,121,4.7,400,2.56,601.84,Cast Iron,Germany,18,catalog_20.pdf,0.77,Needs Review
PROD-01096,Air Compressor Model 2095,Air Compressor,Kirloskar,KIR-931-1095,Industrial air compressor designed for manufacturing applications.,8246.72,72,4.0,440,195.1,70.21,Aluminum,Italy,24,catalog_21.pdf,0.84,Verified
PROD-01097,Generator Model 2096,Generator,Siemens,SIE-582-1096,Industrial generator designed for manufacturing applications.,24696.8,38,3.9,480,166.83,266.23,Stainless Steel,China,18,catalog_22.pdf,0.92,Needs Review
PROD-01098,Industrial Pump Model 2097,Industrial Pump,Siemens,SIE-758-1097,Industrial industrial pump designed for manufacturing applications.,8310.7,198,3.7,380,77.54,1650.91,Alloy Steel,Japan,18,catalog_23.pdf,0.86,Verified
PROD-01099,Conveyor System Model 2098,Conveyor System,ABB,ABB-815-1098,Industrial conveyor system designed for manufacturing applications.,10004.87,329,4.4,480,73.46,1796.9,Alloy Steel,South Korea,12,catalog_24.pdf,0.72,Verified
PROD-01100,Control Panel Model 2099,Control Panel,Kirloskar,KIR-691-1099,Industrial control panel designed for manufacturing applications.,15182.52,59,3.6,220,199.67,1405.38,Carbon Steel,Japan,24,catalog_25.pdf,0.75,Verified
PROD-01101,Control Panel Model 2100,Control Panel,Kirloskar,KIR-990-1100,Industrial control panel designed for manufacturing applications.,20091.69,270,3.5,400,195.94,517.69,Stainless Steel,India,24,catalog_01.pdf,0.76,Verified
PROD-01102,Air Compressor Model 2101,Air Compressor,ABB,ABB-654-1101,Industrial air compressor designed for manufacturing applications.,11870.59,484,3.7,110,88.4,725.6,Carbon Steel,India,36,catalog_02.pdf,0.77,Verified
PROD-01103,Welding Machine Model 2102,Welding Machine,Siemens,SIE-557-1102,Industrial welding machine designed for manufacturing applications.,10710.74,46,3.4,110,75.09,1331.63,Alloy Steel,China,12,catalog_03.pdf,0.86,Verified
PROD-01104,Welding Machine Model 2103,Welding Machine,Atlas Copco,ATL-188-1103,Industrial welding machine designed for manufacturing applications.,24892.04,301,4.4,110,140.18,1743.39,Cast Iron,South Korea,24,catalog_04.pdf,0.85,Verified
PROD-01105,Air Compressor Model 2104,Air Compressor,Crompton,CRO-759-1104,Industrial air compressor designed for manufacturing applications.,509.72,465,4.2,110,2.59,820.94,Stainless Steel,Japan,12,catalog_05.pdf,0.76,Verified
PROD-01106,Electric Motor Model 2105,Electric Motor,Crompton,CRO-194-1105,Industrial electric motor designed for manufacturing applications.,22402.87,235,4.0,220,21.13,1493.48,Stainless Steel,Switzerland,12,catalog_06.pdf,0.72,Needs Review
PROD-01107,Industrial Pump Model 2106,Industrial Pump,ABB,ABB-551-1106,Industrial industrial pump designed for manufacturing applications.,3941.24,457,3.8,230,31.98,1755.17,Aluminum,Italy,12,catalog_07.pdf,0.75,Verified
PROD-01108,Control Panel Model 2107,Control Panel,Kirloskar,KIR-527-1107,Industrial control panel designed for manufacturing applications.,19701.65,382,4.8,415,46.76,1572.5,Cast Iron,South Korea,6,catalog_08.pdf,0.99,Verified
PROD-01109,Control Panel Model 2108,Control Panel,Rockwell Automation,ROC-250-1108,Industrial control panel designed for manufacturing applications.,15543.81,398,3.1,380,128.25,410.42,Cast Iron,USA,24,catalog_09.pdf,0.84,Verified
PROD-01110,Electric Motor Model 2109,Electric Motor,ABB,ABB-613-1109,Industrial electric motor designed for manufacturing applications.,8710.72,14,4.5,220,248.06,16.44,Carbon Steel,China,12,catalog_10.pdf,0.95,Needs Review
PROD-01111,Control Panel Model 2110,Control Panel,Atlas Copco,ATL-475-1110,Industrial control panel designed for manufacturing applications.,21878.41,362,4.8,110,163.33,886.76,Stainless Steel,Switzerland,6,catalog_11.pdf,0.95,Verified
PROD-01112,Conveyor System Model 2111,Conveyor System,ABB,ABB-121-1111,Industrial conveyor system designed for manufacturing applications.,569.45,479,3.9,220,15.79,957.39,Carbon Steel,South Korea,6,catalog_12.pdf,0.85,Verified
PROD-01113,Industrial Pump Model 2112,Industrial Pump,Bosch Rexroth,BOS-982-1112,Industrial industrial pump designed for manufacturing applications.,5860.59,448,4.1,400,131.63,363.85,Cast Iron,China,18,catalog_13.pdf,0.9,Needs Review
PROD-01114,Industrial Fan Model 2113,Industrial Fan,WEG,WEG-412-1113,Industrial industrial fan designed for manufacturing applications.,14280.6,132,4.9,415,124.41,513.84,Aluminum,South Korea,18,catalog_14.pdf,0.76,Needs Review
PROD-01115,Control Panel Model 2114,Control Panel,Kirloskar,KIR-939-1114,Industrial control panel designed for manufacturing applications.,8950.67,183,3.4,110,36.47,1377.75,Stainless Steel,India,24,catalog_15.pdf,0.9,Verified
PROD-01116,Air Compressor Model 2115,Air Compressor,Honeywell,HON-618-1115,Industrial air compressor designed for manufacturing applications.,15356.84,409,4.0,380,230.11,847.68,Cast Iron,Italy,18,catalog_16.pdf,0.78,Verified
PROD-01117,Conveyor System Model 2116,Conveyor System,Honeywell,HON-305-1116,Industrial conveyor system designed for manufacturing applications.,846.73,396,3.9,110,110.47,572.6,Aluminum,China,24,catalog_17.pdf,0.94,Needs Review
PROD-01118,Control Panel Model 2117,Control Panel,Kirloskar,KIR-474-1117,Industrial control panel designed for manufacturing applications.,3132.36,197,3.5,415,248.64,1121.48,Alloy Steel,Italy,6,catalog_18.pdf,0.72,Needs Review
PROD-01119,Conveyor System Model 2118,Conveyor System,Atlas Copco,ATL-550-1118,Industrial conveyor system designed for manufacturing applications.,3395.63,96,4.6,380,105.31,1175.66,Cast Iron,China,6,catalog_19.pdf,0.92,Verified
PROD-01120,Gearbox Model 2119,Gearbox,Bosch Rexroth,BOS-725-1119,Industrial gearbox designed for manufacturing applications.,4934.77,373,4.8,415,152.19,1385.37,Alloy Steel,India,24,catalog_20.pdf,0.73,Verified
PROD-01121,Industrial Fan Model 2120,Industrial Fan,Bosch Rexroth,BOS-883-1120,Industrial industrial fan designed for manufacturing applications.,11618.45,235,4.6,380,26.64,283.76,Carbon Steel,USA,18,catalog_21.pdf,0.96,Verified
PROD-01122,Hydraulic Valve Model 2121,Hydraulic Valve,Siemens,SIE-694-1121,Industrial hydraulic valve designed for manufacturing applications.,18865.19,82,3.4,230,113.83,1335.25,Alloy Steel,Switzerland,18,catalog_22.pdf,0.79,Verified
PROD-01123,Air Compressor Model 2122,Air Compressor,WEG,WEG-278-1122,Industrial air compressor designed for manufacturing applications.,22662.09,89,3.2,440,60.07,1079.77,Cast Iron,India,24,catalog_23.pdf,0.89,Needs Review
PROD-01124,Air Compressor Model 2123,Air Compressor,Crompton,CRO-309-1123,Industrial air compressor designed for manufacturing applications.,20925.47,34,4.2,230,208.97,105.51,Alloy Steel,China,36,catalog_24.pdf,0.84,Verified
PROD-01125,Industrial Pump Model 2124,Industrial Pump,Schneider Electric,SCH-599-1124,Industrial industrial pump designed for manufacturing applications.,5122.97,217,3.1,220,196.09,1399.85,Stainless Steel,Italy,18,catalog_25.pdf,0.81,Needs Review
PROD-01126,Conveyor System Model 2125,Conveyor System,Atlas Copco,ATL-563-1125,Industrial conveyor system designed for manufacturing applications.,11168.48,53,4.3,220,206.13,690.78,Cast Iron,Germany,12,catalog_01.pdf,0.89,Needs Review
PROD-01127,Electric Motor Model 2126,Electric Motor,Schneider Electric,SCH-939-1126,Industrial electric motor designed for manufacturing applications.,5185.44,269,4.1,480,181.04,596.02,Aluminum,India,18,catalog_02.pdf,0.97,Verified
PROD-01128,Air Compressor Model 2127,Air Compressor,Schneider Electric,SCH-223-1127,Industrial air compressor designed for manufacturing applications.,6795.68,149,4.3,380,208.25,807.64,Alloy Steel,Italy,36,catalog_03.pdf,0.71,Verified
PROD-01129,Conveyor System Model 2128,Conveyor System,Kirloskar,KIR-212-1128,Industrial conveyor system designed for manufacturing applications.,12712.79,73,4.2,480,50.61,624.42,Stainless Steel,South Korea,6,catalog_04.pdf,0.97,Verified
PROD-01130,Conveyor System Model 2129,Conveyor System,Honeywell,HON-111-1129,Industrial conveyor system designed for manufacturing applications.,1935.7,62,3.8,480,113.28,610.24,Carbon Steel,South Korea,6,catalog_05.pdf,0.88,Verified
PROD-01131,Generator Model 2130,Generator,Honeywell,HON-225-1130,Industrial generator designed for manufacturing applications.,5649.81,189,3.4,110,173.12,1454.92,Carbon Steel,India,6,catalog_06.pdf,0.93,Needs Review
PROD-01132,Generator Model 2131,Generator,Crompton,CRO-664-1131,Industrial generator designed for manufacturing applications.,23400.61,66,3.6,440,159.53,225.86,Alloy Steel,China,18,catalog_07.pdf,0.81,Verified
PROD-01133,Hydraulic Valve Model 2132,Hydraulic Valve,Kirloskar,KIR-430-1132,Industrial hydraulic valve designed for manufacturing applications.,11786.38,483,4.0,400,179.23,1747.14,Carbon Steel,South Korea,6,catalog_08.pdf,0.84,Verified
PROD-01134,Gearbox Model 2133,Gearbox,Schneider Electric,SCH-382-1133,Industrial gearbox designed for manufacturing applications.,11273.32,312,4.3,400,56.45,999.77,Aluminum,Italy,36,catalog_09.pdf,0.95,Verified
PROD-01135,Hydraulic Valve Model 2134,Hydraulic Valve,Rockwell Automation,ROC-239-1134,Industrial hydraulic valve designed for manufacturing applications.,610.54,449,4.6,110,25.06,330.9,Cast Iron,Switzerland,36,catalog_10.pdf,0.82,Needs Review
PROD-01136,Control Panel Model 2135,Control Panel,Honeywell,HON-500-1135,Industrial control panel designed for manufacturing applications.,6373.14,300,4.5,110,229.24,237.93,Stainless Steel,USA,18,catalog_11.pdf,0.86,Verified
PROD-01137,Electric Motor Model 2136,Electric Motor,Atlas Copco,ATL-196-1136,Industrial electric motor designed for manufacturing applications.,21690.74,170,4.9,230,140.26,1065.53,Alloy Steel,Italy,12,catalog_12.pdf,0.71,Verified
PROD-01138,Control Panel Model 2137,Control Panel,Atlas Copco,ATL-616-1137,Industrial control panel designed for manufacturing applications.,4324.55,175,3.6,400,38.88,1140.13,Carbon Steel,South Korea,18,catalog_13.pdf,0.75,Needs Review
PROD-01139,Welding Machine Model 2138,Welding Machine,Siemens,SIE-668-1138,Industrial welding machine designed for manufacturing applications.,10524.34,67,3.1,380,198.46,97.34,Cast Iron,South Korea,6,catalog_14.pdf,0.89,Verified
PROD-01140,Control Panel Model 2139,Control Panel,ABB,ABB-945-1139,Industrial control panel designed for manufacturing applications.,604.69,151,3.7,415,228.78,438.92,Aluminum,Japan,18,catalog_15.pdf,0.91,Needs Review
PROD-01141,Industrial Pump Model 2140,Industrial Pump,Rockwell Automation,ROC-168-1140,Industrial industrial pump designed for manufacturing applications.,12088.8,488,4.5,480,42.81,1432.24,Carbon Steel,Germany,36,catalog_16.pdf,0.87,Verified
PROD-01142,Control Panel Model 2141,Control Panel,Honeywell,HON-217-1141,Industrial control panel designed for manufacturing applications.,770.27,310,3.9,220,204.44,91.23,Carbon Steel,China,18,catalog_17.pdf,0.74,Needs Review
PROD-01143,Hydraulic Valve Model 2142,Hydraulic Valve,Bosch Rexroth,BOS-987-1142,Industrial hydraulic valve designed for manufacturing applications.,20535.34,165,4.6,480,233.34,1539.45,Stainless Steel,Italy,18,catalog_18.pdf,0.83,Verified
PROD-01144,Air Compressor Model 2143,Air Compressor,Honeywell,HON-158-1143,Industrial air compressor designed for manufacturing applications.,20665.13,145,4.1,480,234.62,1185.38,Aluminum,South Korea,12,catalog_19.pdf,0.8,Verified
PROD-01145,Air Compressor Model 2144,Air Compressor,Siemens,SIE-132-1144,Industrial air compressor designed for manufacturing applications.,19746.62,338,4.9,415,228.58,783.09,Aluminum,China,36,catalog_20.pdf,0.84,Verified
PROD-01146,Generator Model 2145,Generator,Atlas Copco,ATL-417-1145,Industrial generator designed for manufacturing applications.,7263.26,101,4.9,230,136.83,624.89,Alloy Steel,India,24,catalog_21.pdf,0.95,Verified
PROD-01147,Electric Motor Model 2146,Electric Motor,Schneider Electric,SCH-149-1146,Industrial electric motor designed for manufacturing applications.,20971.62,450,3.1,400,89.37,36.61,Stainless Steel,India,24,catalog_22.pdf,0.92,Verified
PROD-01148,Electric Motor Model 2147,Electric Motor,Bosch Rexroth,BOS-979-1147,Industrial electric motor designed for manufacturing applications.,13689.2,225,3.9,480,2.31,1485.74,Alloy Steel,Italy,36,catalog_23.pdf,0.72,Verified
PROD-01149,Industrial Pump Model 2148,Industrial Pump,Kirloskar,KIR-588-1148,Industrial industrial pump designed for manufacturing applications.,9501.75,47,4.2,440,15.7,258.61,Stainless Steel,Japan,24,catalog_24.pdf,0.96,Needs Review
PROD-01150,Hydraulic Valve Model 2149,Hydraulic Valve,WEG,WEG-118-1149,Industrial hydraulic valve designed for manufacturing applications.,15726.92,437,3.5,110,107.5,558.56,Aluminum,South Korea,6,catalog_25.pdf,0.84,Needs Review
PROD-01151,Generator Model 2150,Generator,Schneider Electric,SCH-825-1150,Industrial generator designed for manufacturing applications.,555.44,296,3.8,440,100.13,1025.25,Stainless Steel,Italy,24,catalog_01.pdf,0.92,Verified
PROD-01152,Welding Machine Model 2151,Welding Machine,WEG,WEG-296-1151,Industrial welding machine designed for manufacturing applications.,3788.28,382,4.4,440,46.59,444.29,Stainless Steel,USA,6,catalog_02.pdf,0.74,Verified
PROD-01153,Electric Motor Model 2152,Electric Motor,Rockwell Automation,ROC-990-1152,Industrial electric motor designed for manufacturing applications.,18621.77,112,3.5,400,99.17,895.86,Stainless Steel,Japan,36,catalog_03.pdf,0.89,Verified
PROD-01154,Air Compressor Model 2153,Air Compressor,ABB,ABB-549-1153,Industrial air compressor designed for manufacturing applications.,6293.0,270,4.2,380,44.08,1457.2,Cast Iron,South Korea,24,catalog_04.pdf,0.77,Needs Review
PROD-01155,Control Panel Model 2154,Control Panel,Bosch Rexroth,BOS-658-1154,Industrial control panel designed for manufacturing applications.,15050.73,99,4.4,230,212.27,848.03,Cast Iron,South Korea,24,catalog_05.pdf,0.83,Verified
PROD-01156,Control Panel Model 2155,Control Panel,Crompton,CRO-778-1155,Industrial control panel designed for manufacturing applications.,9781.29,266,3.2,480,74.9,1708.26,Aluminum,China,6,catalog_06.pdf,0.7,Verified
PROD-01157,Generator Model 2156,Generator,Bosch Rexroth,BOS-551-1156,Industrial generator designed for manufacturing applications.,21406.44,317,4.0,480,149.84,1525.81,Stainless Steel,Italy,6,catalog_07.pdf,0.74,Needs Review
PROD-01158,Hydraulic Valve Model 2157,Hydraulic Valve,Honeywell,HON-388-1157,Industrial hydraulic valve designed for manufacturing applications.,23822.28,389,3.5,480,125.96,600.8,Aluminum,South Korea,18,catalog_08.pdf,0.73,Needs Review
PROD-01159,Hydraulic Valve Model 2158,Hydraulic Valve,Atlas Copco,ATL-240-1158,Industrial hydraulic valve designed for manufacturing applications.,22118.23,75,4.4,110,13.44,721.13,Cast Iron,China,12,catalog_09.pdf,0.77,Verified
PROD-01160,Gearbox Model 2159,Gearbox,Honeywell,HON-183-1159,Industrial gearbox designed for manufacturing applications.,6947.84,446,3.4,415,235.59,763.14,Stainless Steel,South Korea,24,catalog_10.pdf,0.73,Needs Review
PROD-01161,Industrial Fan Model 2160,Industrial Fan,Honeywell,HON-793-1160,Industrial industrial fan designed for manufacturing applications.,5055.53,223,4.8,380,132.04,1127.87,Alloy Steel,Germany,12,catalog_11.pdf,0.9,Needs Review
PROD-01162,Electric Motor Model 2161,Electric Motor,Rockwell Automation,ROC-490-1161,Industrial electric motor designed for manufacturing applications.,11992.26,25,3.9,415,81.6,517.66,Cast Iron,Japan,12,catalog_12.pdf,0.71,Verified
PROD-01163,Hydraulic Valve Model 2162,Hydraulic Valve,Schneider Electric,SCH-690-1162,Industrial hydraulic valve designed for manufacturing applications.,431.52,96,3.4,220,39.95,1744.71,Cast Iron,Italy,24,catalog_13.pdf,0.88,Verified
PROD-01164,Air Compressor Model 2163,Air Compressor,Crompton,CRO-314-1163,Industrial air compressor designed for manufacturing applications.,888.78,131,3.9,230,84.96,1096.41,Cast Iron,Germany,6,catalog_14.pdf,0.74,Needs Review
PROD-01165,Generator Model 2164,Generator,Crompton,CRO-625-1164,Industrial generator designed for manufacturing applications.,13943.94,84,3.8,380,5.62,720.12,Stainless Steel,Italy,18,catalog_15.pdf,0.97,Verified
PROD-01166,Welding Machine Model 2165,Welding Machine,Honeywell,HON-314-1165,Industrial welding machine designed for manufacturing applications.,13131.12,316,3.9,380,91.21,1161.73,Carbon Steel,USA,36,catalog_16.pdf,0.97,Verified
PROD-01167,Gearbox Model 2166,Gearbox,WEG,WEG-502-1166,Industrial gearbox designed for manufacturing applications.,24865.9,242,4.2,480,133.11,712.94,Alloy Steel,India,24,catalog_17.pdf,0.77,Verified
PROD-01168,Conveyor System Model 2167,Conveyor System,Rockwell Automation,ROC-227-1167,Industrial conveyor system designed for manufacturing applications.,5245.59,475,4.0,415,218.03,1472.4,Alloy Steel,Switzerland,24,catalog_18.pdf,0.88,Needs Review
PROD-01169,Industrial Pump Model 2168,Industrial Pump,Honeywell,HON-921-1168,Industrial industrial pump designed for manufacturing applications.,6638.07,376,3.3,110,172.0,1022.98,Aluminum,China,36,catalog_19.pdf,0.71,Needs Review
PROD-01170,Welding Machine Model 2169,Welding Machine,ABB,ABB-576-1169,Industrial welding machine designed for manufacturing applications.,3060.13,408,3.1,220,28.34,77.46,Stainless Steel,Italy,12,catalog_20.pdf,0.97,Verified
PROD-01171,Conveyor System Model 2170,Conveyor System,Atlas Copco,ATL-859-1170,Industrial conveyor system designed for manufacturing applications.,22959.19,490,4.5,480,37.36,319.81,Cast Iron,Japan,18,catalog_21.pdf,0.85,Needs Review
PROD-01172,Control Panel Model 2171,Control Panel,Schneider Electric,SCH-503-1171,Industrial control panel designed for manufacturing applications.,19500.83,186,4.1,480,107.32,1557.26,Carbon Steel,Italy,12,catalog_22.pdf,0.71,Needs Review
PROD-01173,Industrial Pump Model 2172,Industrial Pump,Kirloskar,KIR-128-1172,Industrial industrial pump designed for manufacturing applications.,20602.89,29,3.7,480,49.33,1014.09,Stainless Steel,Italy,36,catalog_23.pdf,0.8,Needs Review
PROD-01174,Electric Motor Model 2173,Electric Motor,ABB,ABB-891-1173,Industrial electric motor designed for manufacturing applications.,22593.4,160,4.6,415,7.45,1710.72,Stainless Steel,Italy,36,catalog_24.pdf,0.72,Verified
PROD-01175,Air Compressor Model 2174,Air Compressor,WEG,WEG-437-1174,Industrial air compressor designed for manufacturing applications.,13241.27,9,3.8,380,201.35,132.22,Carbon Steel,Switzerland,18,catalog_25.pdf,0.81,Verified
PROD-01176,Industrial Pump Model 2175,Industrial Pump,Bosch Rexroth,BOS-930-1175,Industrial industrial pump designed for manufacturing applications.,11417.03,124,4.6,230,5.37,532.88,Cast Iron,South Korea,36,catalog_01.pdf,0.89,Needs Review
PROD-01177,Industrial Fan Model 2176,Industrial Fan,Bosch Rexroth,BOS-813-1176,Industrial industrial fan designed for manufacturing applications.,8427.19,281,3.6,380,207.76,349.99,Stainless Steel,Italy,36,catalog_02.pdf,0.84,Verified
PROD-01178,Conveyor System Model 2177,Conveyor System,ABB,ABB-460-1177,Industrial conveyor system designed for manufacturing applications.,14833.06,22,3.1,400,36.45,997.8,Alloy Steel,South Korea,18,catalog_03.pdf,0.81,Needs Review
PROD-01179,Electric Motor Model 2178,Electric Motor,Honeywell,HON-668-1178,Industrial electric motor designed for manufacturing applications.,11493.39,435,4.9,230,243.68,690.26,Alloy Steel,Japan,24,catalog_04.pdf,0.73,Needs Review
PROD-01180,Industrial Fan Model 2179,Industrial Fan,Kirloskar,KIR-491-1179,Industrial industrial fan designed for manufacturing applications.,11426.25,202,3.8,480,151.17,284.78,Carbon Steel,Japan,12,catalog_05.pdf,0.77,Verified
PROD-01181,Control Panel Model 2180,Control Panel,Siemens,SIE-317-1180,Industrial control panel designed for manufacturing applications.,23438.96,61,4.6,230,183.88,1157.67,Cast Iron,Italy,24,catalog_06.pdf,0.73,Needs Review
PROD-01182,Industrial Fan Model 2181,Industrial Fan,Siemens,SIE-673-1181,Industrial industrial fan designed for manufacturing applications.,24604.78,97,3.6,380,28.07,966.26,Carbon Steel,South Korea,24,catalog_07.pdf,0.93,Verified
PROD-01183,Gearbox Model 2182,Gearbox,WEG,WEG-768-1182,Industrial gearbox designed for manufacturing applications.,19962.99,23,4.3,110,215.59,495.98,Stainless Steel,India,12,catalog_08.pdf,0.74,Verified
PROD-01184,Gearbox Model 2183,Gearbox,Honeywell,HON-301-1183,Industrial gearbox designed for manufacturing applications.,18979.76,388,4.7,480,209.88,864.63,Alloy Steel,Italy,24,catalog_09.pdf,0.87,Verified
PROD-01185,Generator Model 2184,Generator,Crompton,CRO-116-1184,Industrial generator designed for manufacturing applications.,17093.81,357,3.1,230,163.42,1342.84,Aluminum,China,18,catalog_10.pdf,0.8,Verified
PROD-01186,Welding Machine Model 2185,Welding Machine,Crompton,CRO-421-1185,Industrial welding machine designed for manufacturing applications.,4360.35,197,4.7,400,125.82,371.08,Carbon Steel,China,12,catalog_11.pdf,0.77,Verified
PROD-01187,Welding Machine Model 2186,Welding Machine,Schneider Electric,SCH-617-1186,Industrial welding machine designed for manufacturing applications.,1712.87,241,4.1,415,180.51,528.64,Aluminum,Japan,6,catalog_12.pdf,0.89,Needs Review
PROD-01188,Electric Motor Model 2187,Electric Motor,Kirloskar,KIR-669-1187,Industrial electric motor designed for manufacturing applications.,17345.48,391,4.2,110,1.98,624.31,Aluminum,Switzerland,24,catalog_13.pdf,0.83,Needs Review
PROD-01189,Control Panel Model 2188,Control Panel,Kirloskar,KIR-424-1188,Industrial control panel designed for manufacturing applications.,18287.46,430,4.0,110,148.31,1344.61,Alloy Steel,China,36,catalog_14.pdf,0.82,Verified
PROD-01190,Hydraulic Valve Model 2189,Hydraulic Valve,Bosch Rexroth,BOS-511-1189,Industrial hydraulic valve designed for manufacturing applications.,1412.58,281,4.7,110,211.93,1524.77,Carbon Steel,China,12,catalog_15.pdf,0.87,Needs Review
PROD-01191,Gearbox Model 2190,Gearbox,Rockwell Automation,ROC-417-1190,Industrial gearbox designed for manufacturing applications.,23219.28,231,3.1,230,89.55,678.75,Aluminum,USA,6,catalog_16.pdf,0.84,Verified
PROD-01192,Electric Motor Model 2191,Electric Motor,WEG,WEG-780-1191,Industrial electric motor designed for manufacturing applications.,2505.73,237,3.5,110,27.52,535.32,Stainless Steel,Italy,36,catalog_17.pdf,0.79,Verified
PROD-01193,Hydraulic Valve Model 2192,Hydraulic Valve,Siemens,SIE-181-1192,Industrial hydraulic valve designed for manufacturing applications.,7326.04,44,4.8,380,105.51,1601.23,Cast Iron,Italy,6,catalog_18.pdf,0.86,Verified
PROD-01194,Welding Machine Model 2193,Welding Machine,WEG,WEG-573-1193,Industrial welding machine designed for manufacturing applications.,16891.65,327,4.5,110,181.91,1798.86,Cast Iron,Italy,24,catalog_19.pdf,0.89,Verified
PROD-01195,Generator Model 2194,Generator,Crompton,CRO-567-1194,Industrial generator designed for manufacturing applications.,4454.35,157,3.0,400,27.27,1207.3,Alloy Steel,Italy,36,catalog_20.pdf,0.71,Needs Review
PROD-01196,Industrial Fan Model 2195,Industrial Fan,Crompton,CRO-524-1195,Industrial industrial fan designed for manufacturing applications.,1621.54,131,4.0,480,51.91,1781.99,Carbon Steel,Germany,24,catalog_21.pdf,0.84,Verified
PROD-01197,Gearbox Model 2196,Gearbox,ABB,ABB-830-1196,Industrial gearbox designed for manufacturing applications.,8445.88,241,4.1,480,37.31,1188.62,Carbon Steel,Italy,36,catalog_22.pdf,0.72,Needs Review
PROD-01198,Electric Motor Model 2197,Electric Motor,Schneider Electric,SCH-788-1197,Industrial electric motor designed for manufacturing applications.,19207.8,490,3.8,220,199.34,1320.76,Cast Iron,Switzerland,12,catalog_23.pdf,0.75,Needs Review
PROD-01199,Industrial Pump Model 2198,Industrial Pump,Kirloskar,KIR-303-1198,Industrial industrial pump designed for manufacturing applications.,10488.55,497,3.6,400,16.19,700.8,Stainless Steel,South Korea,18,catalog_24.pdf,0.86,Needs Review
PROD-01200,Hydraulic Valve Model 2199,Hydraulic Valve,Atlas Copco,ATL-682-1199,Industrial hydraulic valve designed for manufacturing applications.,16411.08,59,4.4,230,171.8,780.48,Cast Iron,Japan,18,catalog_25.pdf,0.95,Verified
PROD-01201,Industrial Fan Model 2200,Industrial Fan,WEG,WEG-486-1200,Industrial industrial fan designed for manufacturing applications.,14595.57,472,3.4,110,91.93,261.16,Cast Iron,South Korea,6,catalog_01.pdf,0.96,Verified
PROD-01202,Gearbox Model 2201,Gearbox,Crompton,CRO-877-1201,Industrial gearbox designed for manufacturing applications.,799.91,440,4.6,110,189.07,1481.3,Carbon Steel,Switzerland,36,catalog_02.pdf,0.72,Verified
PROD-01203,Welding Machine Model 2202,Welding Machine,Rockwell Automation,ROC-197-1202,Industrial welding machine designed for manufacturing applications.,24716.36,176,4.6,380,241.11,1676.04,Aluminum,Japan,24,catalog_03.pdf,0.82,Needs Review
PROD-01204,Control Panel Model 2203,Control Panel,Bosch Rexroth,BOS-444-1203,Industrial control panel designed for manufacturing applications.,1275.35,113,3.8,415,29.08,1122.94,Stainless Steel,Germany,12,catalog_04.pdf,0.87,Verified
PROD-01205,Hydraulic Valve Model 2204,Hydraulic Valve,Siemens,SIE-902-1204,Industrial hydraulic valve designed for manufacturing applications.,24203.12,358,3.6,110,78.94,619.88,Carbon Steel,Italy,12,catalog_05.pdf,0.74,Verified
PROD-01206,Welding Machine Model 2205,Welding Machine,Schneider Electric,SCH-307-1205,Industrial welding machine designed for manufacturing applications.,13859.14,473,3.6,440,202.63,278.92,Cast Iron,India,12,catalog_06.pdf,0.92,Verified
PROD-01207,Gearbox Model 2206,Gearbox,Rockwell Automation,ROC-613-1206,Industrial gearbox designed for manufacturing applications.,24088.19,188,4.0,400,66.91,478.75,Aluminum,South Korea,18,catalog_07.pdf,0.92,Verified
PROD-01208,Hydraulic Valve Model 2207,Hydraulic Valve,Schneider Electric,SCH-735-1207,Industrial hydraulic valve designed for manufacturing applications.,3090.15,443,4.4,230,54.17,461.23,Stainless Steel,Italy,24,catalog_08.pdf,0.96,Verified
PROD-01209,Industrial Fan Model 2208,Industrial Fan,ABB,ABB-891-1208,Industrial industrial fan designed for manufacturing applications.,12387.61,372,3.7,480,206.43,1105.12,Alloy Steel,Japan,12,catalog_09.pdf,0.7,Verified
PROD-01210,Gearbox Model 2209,Gearbox,Atlas Copco,ATL-685-1209,Industrial gearbox designed for manufacturing applications.,4445.23,475,4.2,220,246.78,1701.18,Stainless Steel,South Korea,12,catalog_10.pdf,0.76,Verified
PROD-01211,Conveyor System Model 2210,Conveyor System,Crompton,CRO-265-1210,Industrial conveyor system designed for manufacturing applications.,1511.63,202,3.8,110,139.44,88.79,Stainless Steel,USA,6,catalog_11.pdf,0.94,Verified
PROD-01212,Electric Motor Model 2211,Electric Motor,Bosch Rexroth,BOS-121-1211,Industrial electric motor designed for manufacturing applications.,15533.85,375,3.6,220,69.87,3.84,Cast Iron,China,36,catalog_12.pdf,0.89,Verified
PROD-01213,Industrial Fan Model 2212,Industrial Fan,Rockwell Automation,ROC-253-1212,Industrial industrial fan designed for manufacturing applications.,5392.64,377,3.0,110,99.94,1081.13,Cast Iron,USA,36,catalog_13.pdf,0.96,Verified
PROD-01214,Hydraulic Valve Model 2213,Hydraulic Valve,Schneider Electric,SCH-538-1213,Industrial hydraulic valve designed for manufacturing applications.,14795.5,465,3.0,230,42.95,512.74,Alloy Steel,India,36,catalog_14.pdf,0.72,Verified
PROD-01215,Control Panel Model 2214,Control Panel,Kirloskar,KIR-394-1214,Industrial control panel designed for manufacturing applications.,3031.02,91,3.5,415,190.59,1585.23,Alloy Steel,Italy,6,catalog_15.pdf,0.87,Needs Review
PROD-01216,Welding Machine Model 2215,Welding Machine,ABB,ABB-318-1215,Industrial welding machine designed for manufacturing applications.,8466.67,205,3.8,400,193.48,590.4,Alloy Steel,Germany,18,catalog_16.pdf,0.87,Verified
PROD-01217,Industrial Pump Model 2216,Industrial Pump,Kirloskar,KIR-768-1216,Industrial industrial pump designed for manufacturing applications.,19595.41,341,4.7,480,218.84,522.95,Carbon Steel,Italy,6,catalog_17.pdf,0.71,Needs Review
PROD-01218,Welding Machine Model 2217,Welding Machine,Bosch Rexroth,BOS-594-1217,Industrial welding machine designed for manufacturing applications.,11067.03,326,4.6,230,7.14,486.58,Carbon Steel,India,12,catalog_18.pdf,0.85,Verified
PROD-01219,Hydraulic Valve Model 2218,Hydraulic Valve,Rockwell Automation,ROC-329-1218,Industrial hydraulic valve designed for manufacturing applications.,15786.7,279,3.5,220,140.71,262.45,Cast Iron,India,24,catalog_19.pdf,0.88,Needs Review
PROD-01220,Welding Machine Model 2219,Welding Machine,ABB,ABB-119-1219,Industrial welding machine designed for manufacturing applications.,16274.58,215,3.5,110,53.96,1047.59,Cast Iron,China,12,catalog_20.pdf,0.76,Verified
PROD-01221,Electric Motor Model 2220,Electric Motor,Rockwell Automation,ROC-652-1220,Industrial electric motor designed for manufacturing applications.,21132.94,395,3.5,220,85.55,304.45,Alloy Steel,India,12,catalog_21.pdf,0.78,Verified
PROD-01222,Gearbox Model 2221,Gearbox,Crompton,CRO-247-1221,Industrial gearbox designed for manufacturing applications.,8291.84,122,3.7,400,196.35,765.49,Carbon Steel,USA,24,catalog_22.pdf,0.89,Verified
PROD-01223,Industrial Pump Model 2222,Industrial Pump,Honeywell,HON-207-1222,Industrial industrial pump designed for manufacturing applications.,17260.57,195,4.0,440,48.41,830.83,Aluminum,China,36,catalog_23.pdf,0.84,Needs Review
PROD-01224,Air Compressor Model 2223,Air Compressor,ABB,ABB-502-1223,Industrial air compressor designed for manufacturing applications.,24049.99,46,3.9,480,159.77,38.84,Carbon Steel,Italy,6,catalog_24.pdf,0.95,Verified
PROD-01225,Hydraulic Valve Model 2224,Hydraulic Valve,Kirloskar,KIR-695-1224,Industrial hydraulic valve designed for manufacturing applications.,18323.52,46,3.4,230,163.81,32.22,Cast Iron,South Korea,18,catalog_25.pdf,0.8,Verified
PROD-01226,Generator Model 2225,Generator,Bosch Rexroth,BOS-582-1225,Industrial generator designed for manufacturing applications.,12374.29,319,3.3,220,238.55,937.34,Carbon Steel,Italy,12,catalog_01.pdf,0.78,Verified
PROD-01227,Air Compressor Model 2226,Air Compressor,Atlas Copco,ATL-466-1226,Industrial air compressor designed for manufacturing applications.,15860.26,280,3.0,220,193.9,1253.47,Cast Iron,Germany,12,catalog_02.pdf,0.99,Verified
PROD-01228,Welding Machine Model 2227,Welding Machine,Crompton,CRO-933-1227,Industrial welding machine designed for manufacturing applications.,18557.15,333,3.3,400,201.01,1695.97,Alloy Steel,India,18,catalog_03.pdf,0.96,Verified
PROD-01229,Hydraulic Valve Model 2228,Hydraulic Valve,Honeywell,HON-513-1228,Industrial hydraulic valve designed for manufacturing applications.,15403.83,21,4.4,440,133.13,324.06,Alloy Steel,India,6,catalog_04.pdf,0.71,Verified
PROD-01230,Conveyor System Model 2229,Conveyor System,Atlas Copco,ATL-408-1229,Industrial conveyor system designed for manufacturing applications.,662.73,287,3.5,110,47.1,187.66,Alloy Steel,Japan,12,catalog_05.pdf,0.92,Verified
PROD-01231,Generator Model 2230,Generator,Siemens,SIE-901-1230,Industrial generator designed for manufacturing applications.,5070.64,435,3.9,440,106.68,95.65,Aluminum,China,18,catalog_06.pdf,0.73,Verified
PROD-01232,Industrial Pump Model 2231,Industrial Pump,Crompton,CRO-934-1231,Industrial industrial pump designed for manufacturing applications.,20309.09,262,4.2,220,137.6,786.0,Aluminum,Japan,12,catalog_07.pdf,0.71,Needs Review
PROD-01233,Control Panel Model 2232,Control Panel,Bosch Rexroth,BOS-233-1232,Industrial control panel designed for manufacturing applications.,6998.1,67,4.8,400,169.77,1122.42,Cast Iron,China,36,catalog_08.pdf,0.78,Verified
PROD-01234,Conveyor System Model 2233,Conveyor System,Schneider Electric,SCH-818-1233,Industrial conveyor system designed for manufacturing applications.,18356.16,66,4.8,110,152.12,1513.31,Stainless Steel,USA,36,catalog_09.pdf,0.78,Verified
PROD-01235,Air Compressor Model 2234,Air Compressor,ABB,ABB-382-1234,Industrial air compressor designed for manufacturing applications.,9459.98,104,4.5,440,98.8,1229.4,Aluminum,China,12,catalog_10.pdf,0.94,Needs Review
PROD-01236,Gearbox Model 2235,Gearbox,Rockwell Automation,ROC-877-1235,Industrial gearbox designed for manufacturing applications.,13166.64,23,3.1,480,66.7,376.63,Cast Iron,Italy,12,catalog_11.pdf,0.91,Verified
PROD-01237,Electric Motor Model 2236,Electric Motor,Bosch Rexroth,BOS-172-1236,Industrial electric motor designed for manufacturing applications.,1932.34,21,4.2,440,42.47,832.26,Carbon Steel,Germany,36,catalog_12.pdf,0.98,Verified
PROD-01238,Control Panel Model 2237,Control Panel,ABB,ABB-580-1237,Industrial control panel designed for manufacturing applications.,4735.33,329,4.6,480,173.61,1638.8,Alloy Steel,South Korea,12,catalog_13.pdf,0.91,Needs Review
PROD-01239,Conveyor System Model 2238,Conveyor System,Atlas Copco,ATL-451-1238,Industrial conveyor system designed for manufacturing applications.,23940.62,427,3.0,440,161.53,589.48,Alloy Steel,China,6,catalog_14.pdf,0.82,Verified
PROD-01240,Gearbox Model 2239,Gearbox,Rockwell Automation,ROC-659-1239,Industrial gearbox designed for manufacturing applications.,22280.92,470,4.1,415,172.0,898.72,Alloy Steel,China,6,catalog_15.pdf,0.9,Verified
PROD-01241,Gearbox Model 2240,Gearbox,WEG,WEG-425-1240,Industrial gearbox designed for manufacturing applications.,16393.81,377,4.7,110,93.45,1725.5,Cast Iron,China,24,catalog_16.pdf,0.99,Needs Review
PROD-01242,Hydraulic Valve Model 2241,Hydraulic Valve,Kirloskar,KIR-844-1241,Industrial hydraulic valve designed for manufacturing applications.,11626.2,250,3.9,440,65.97,1323.0,Alloy Steel,Germany,6,catalog_17.pdf,0.91,Needs Review
PROD-01243,Conveyor System Model 2242,Conveyor System,Siemens,SIE-542-1242,Industrial conveyor system designed for manufacturing applications.,16975.09,255,3.0,415,190.05,1346.44,Aluminum,India,12,catalog_18.pdf,0.92,Verified
PROD-01244,Industrial Pump Model 2243,Industrial Pump,Crompton,CRO-199-1243,Industrial industrial pump designed for manufacturing applications.,15560.6,459,3.0,230,193.53,455.7,Carbon Steel,Germany,12,catalog_19.pdf,0.97,Verified
PROD-01245,Welding Machine Model 2244,Welding Machine,Bosch Rexroth,BOS-158-1244,Industrial welding machine designed for manufacturing applications.,14321.67,85,3.8,400,114.18,747.63,Alloy Steel,Switzerland,18,catalog_20.pdf,0.73,Verified
PROD-01246,Generator Model 2245,Generator,Siemens,SIE-607-1245,Industrial generator designed for manufacturing applications.,1714.63,43,3.3,440,153.17,150.05,Cast Iron,Switzerland,6,catalog_21.pdf,0.9,Verified
PROD-01247,Generator Model 2246,Generator,Schneider Electric,SCH-357-1246,Industrial generator designed for manufacturing applications.,15911.86,40,4.3,480,93.69,1092.53,Carbon Steel,Switzerland,36,catalog_22.pdf,0.95,Verified
PROD-01248,Air Compressor Model 2247,Air Compressor,ABB,ABB-512-1247,Industrial air compressor designed for manufacturing applications.,19280.77,428,4.4,110,175.64,188.51,Alloy Steel,India,36,catalog_23.pdf,0.98,Verified
PROD-01249,Air Compressor Model 2248,Air Compressor,ABB,ABB-551-1248,Industrial air compressor designed for manufacturing applications.,24853.52,433,3.4,480,209.01,1504.97,Stainless Steel,Switzerland,24,catalog_24.pdf,0.76,Needs Review
PROD-01250,Generator Model 2249,Generator,Bosch Rexroth,BOS-164-1249,Industrial generator designed for manufacturing applications.,524.19,392,4.8,415,172.21,1466.57,Alloy Steel,South Korea,18,catalog_25.pdf,0.85,Needs Review
PROD-01251,Industrial Pump Model 2250,Industrial Pump,Honeywell,HON-694-1250,Industrial industrial pump designed for manufacturing applications.,18321.79,490,3.9,415,128.39,961.42,Aluminum,Italy,36,catalog_01.pdf,0.9,Verified
PROD-01252,Electric Motor Model 2251,Electric Motor,Honeywell,HON-253-1251,Industrial electric motor designed for manufacturing applications.,14401.79,413,3.3,230,114.94,255.82,Carbon Steel,Germany,24,catalog_02.pdf,0.77,Verified
PROD-01253,Industrial Fan Model 2252,Industrial Fan,WEG,WEG-365-1252,Industrial industrial fan designed for manufacturing applications.,10992.79,201,4.5,480,160.76,47.99,Aluminum,India,6,catalog_03.pdf,0.87,Verified
PROD-01254,Welding Machine Model 2253,Welding Machine,Kirloskar,KIR-920-1253,Industrial welding machine designed for manufacturing applications.,3407.36,162,4.6,380,170.11,1434.48,Stainless Steel,Italy,18,catalog_04.pdf,0.77,Verified
PROD-01255,Electric Motor Model 2254,Electric Motor,Rockwell Automation,ROC-178-1254,Industrial electric motor designed for manufacturing applications.,10374.86,208,4.3,400,139.9,1081.05,Stainless Steel,Italy,18,catalog_05.pdf,0.8,Verified
PROD-01256,Hydraulic Valve Model 2255,Hydraulic Valve,Schneider Electric,SCH-414-1255,Industrial hydraulic valve designed for manufacturing applications.,9020.84,200,4.7,480,156.42,1280.25,Aluminum,India,12,catalog_06.pdf,0.83,Needs Review
PROD-01257,Industrial Fan Model 2256,Industrial Fan,Siemens,SIE-761-1256,Industrial industrial fan designed for manufacturing applications.,7745.04,220,4.5,380,24.6,548.25,Carbon Steel,Switzerland,6,catalog_07.pdf,0.85,Verified
PROD-01258,Industrial Fan Model 2257,Industrial Fan,Honeywell,HON-659-1257,Industrial industrial fan designed for manufacturing applications.,18339.27,289,4.8,110,237.97,918.05,Stainless Steel,India,18,catalog_08.pdf,0.83,Needs Review
PROD-01259,Conveyor System Model 2258,Conveyor System,WEG,WEG-990-1258,Industrial conveyor system designed for manufacturing applications.,17592.96,461,3.9,400,197.8,1345.42,Stainless Steel,USA,24,catalog_09.pdf,0.84,Verified
PROD-01260,Industrial Pump Model 2259,Industrial Pump,WEG,WEG-347-1259,Industrial industrial pump designed for manufacturing applications.,14828.25,200,4.5,480,93.8,833.69,Alloy Steel,Italy,36,catalog_10.pdf,0.79,Verified
PROD-01261,Industrial Pump Model 2260,Industrial Pump,Bosch Rexroth,BOS-889-1260,Industrial industrial pump designed for manufacturing applications.,23481.95,311,5.0,230,140.92,1083.29,Cast Iron,India,6,catalog_11.pdf,0.75,Verified
PROD-01262,Industrial Fan Model 2261,Industrial Fan,Schneider Electric,SCH-967-1261,Industrial industrial fan designed for manufacturing applications.,8908.9,156,4.4,110,12.31,1421.93,Stainless Steel,Italy,6,catalog_12.pdf,0.71,Verified
PROD-01263,Conveyor System Model 2262,Conveyor System,Atlas Copco,ATL-709-1262,Industrial conveyor system designed for manufacturing applications.,6284.1,18,3.2,400,10.79,388.97,Carbon Steel,Switzerland,18,catalog_13.pdf,0.76,Needs Review
PROD-01264,Welding Machine Model 2263,Welding Machine,Rockwell Automation,ROC-513-1263,Industrial welding machine designed for manufacturing applications.,16483.61,329,4.0,480,63.07,120.54,Carbon Steel,Germany,18,catalog_14.pdf,0.87,Needs Review
PROD-01265,Industrial Fan Model 2264,Industrial Fan,Kirloskar,KIR-124-1264,Industrial industrial fan designed for manufacturing applications.,5170.65,150,4.2,480,172.58,958.22,Alloy Steel,South Korea,18,catalog_15.pdf,0.93,Verified
PROD-01266,Control Panel Model 2265,Control Panel,Crompton,CRO-383-1265,Industrial control panel designed for manufacturing applications.,8046.51,430,3.3,400,213.11,113.7,Carbon Steel,Japan,24,catalog_16.pdf,0.75,Verified
PROD-01267,Air Compressor Model 2266,Air Compressor,Bosch Rexroth,BOS-548-1266,Industrial air compressor designed for manufacturing applications.,5808.91,61,4.9,380,140.02,1380.27,Alloy Steel,Switzerland,12,catalog_17.pdf,0.73,Verified
PROD-01268,Air Compressor Model 2267,Air Compressor,Rockwell Automation,ROC-980-1267,Industrial air compressor designed for manufacturing applications.,1961.55,215,3.4,110,133.27,1295.14,Stainless Steel,Japan,18,catalog_18.pdf,0.92,Needs Review
PROD-01269,Electric Motor Model 2268,Electric Motor,Crompton,CRO-400-1268,Industrial electric motor designed for manufacturing applications.,20730.59,272,3.4,230,100.88,1587.32,Stainless Steel,China,12,catalog_19.pdf,0.79,Needs Review
PROD-01270,Hydraulic Valve Model 2269,Hydraulic Valve,Crompton,CRO-167-1269,Industrial hydraulic valve designed for manufacturing applications.,6549.88,214,4.8,230,40.82,1151.93,Stainless Steel,India,12,catalog_20.pdf,0.98,Verified
PROD-01271,Air Compressor Model 2270,Air Compressor,Schneider Electric,SCH-106-1270,Industrial air compressor designed for manufacturing applications.,11957.43,21,3.9,110,30.03,122.82,Stainless Steel,India,6,catalog_21.pdf,0.91,Verified
PROD-01272,Gearbox Model 2271,Gearbox,Schneider Electric,SCH-916-1271,Industrial gearbox designed for manufacturing applications.,1322.05,290,3.1,110,190.29,457.17,Cast Iron,Switzerland,36,catalog_22.pdf,0.79,Verified
PROD-01273,Electric Motor Model 2272,Electric Motor,Siemens,SIE-236-1272,Industrial electric motor designed for manufacturing applications.,17558.65,348,4.2,415,231.91,1454.66,Cast Iron,Italy,36,catalog_23.pdf,0.78,Verified
PROD-01274,Air Compressor Model 2273,Air Compressor,WEG,WEG-263-1273,Industrial air compressor designed for manufacturing applications.,8431.38,207,4.2,220,114.84,302.5,Stainless Steel,Switzerland,24,catalog_24.pdf,0.85,Verified
PROD-01275,Hydraulic Valve Model 2274,Hydraulic Valve,Rockwell Automation,ROC-182-1274,Industrial hydraulic valve designed for manufacturing applications.,18682.23,103,3.1,480,165.03,1257.87,Carbon Steel,China,24,catalog_25.pdf,0.72,Verified
PROD-01276,Industrial Pump Model 2275,Industrial Pump,Bosch Rexroth,BOS-996-1275,Industrial industrial pump designed for manufacturing applications.,10456.98,283,4.9,380,228.66,1404.91,Alloy Steel,Switzerland,36,catalog_01.pdf,0.73,Needs Review
PROD-01277,Industrial Pump Model 2276,Industrial Pump,ABB,ABB-749-1276,Industrial industrial pump designed for manufacturing applications.,5094.95,213,4.1,110,22.98,595.54,Aluminum,India,36,catalog_02.pdf,0.75,Verified
PROD-01278,Welding Machine Model 2277,Welding Machine,Bosch Rexroth,BOS-519-1277,Industrial welding machine designed for manufacturing applications.,12951.08,133,4.1,110,192.74,581.49,Alloy Steel,Switzerland,6,catalog_03.pdf,0.92,Verified
PROD-01279,Industrial Fan Model 2278,Industrial Fan,Siemens,SIE-172-1278,Industrial industrial fan designed for manufacturing applications.,3479.99,339,4.0,220,154.4,1004.93,Aluminum,Italy,6,catalog_04.pdf,0.85,Needs Review
PROD-01280,Control Panel Model 2279,Control Panel,Kirloskar,KIR-336-1279,Industrial control panel designed for manufacturing applications.,11153.34,292,4.2,220,149.86,1550.59,Aluminum,India,36,catalog_05.pdf,0.7,Verified
PROD-01281,Industrial Pump Model 2280,Industrial Pump,WEG,WEG-145-1280,Industrial industrial pump designed for manufacturing applications.,8103.31,256,3.5,400,73.49,404.58,Stainless Steel,Italy,18,catalog_06.pdf,0.9,Verified
PROD-01282,Conveyor System Model 2281,Conveyor System,ABB,ABB-717-1281,Industrial conveyor system designed for manufacturing applications.,22821.0,269,3.6,440,171.13,1694.38,Aluminum,Switzerland,18,catalog_07.pdf,0.82,Verified
PROD-01283,Air Compressor Model 2282,Air Compressor,Honeywell,HON-899-1282,Industrial air compressor designed for manufacturing applications.,1757.99,275,4.0,230,198.8,1079.22,Stainless Steel,India,6,catalog_08.pdf,0.85,Verified
PROD-01284,Conveyor System Model 2283,Conveyor System,Kirloskar,KIR-361-1283,Industrial conveyor system designed for manufacturing applications.,17426.93,416,4.6,380,28.66,1785.84,Cast Iron,USA,12,catalog_09.pdf,0.76,Verified
PROD-01285,Hydraulic Valve Model 2284,Hydraulic Valve,Schneider Electric,SCH-275-1284,Industrial hydraulic valve designed for manufacturing applications.,4773.09,412,3.1,400,133.61,163.13,Carbon Steel,South Korea,36,catalog_10.pdf,0.86,Verified
PROD-01286,Industrial Pump Model 2285,Industrial Pump,Crompton,CRO-265-1285,Industrial industrial pump designed for manufacturing applications.,8146.37,192,4.2,110,25.77,229.56,Aluminum,Italy,24,catalog_11.pdf,0.98,Needs Review
PROD-01287,Control Panel Model 2286,Control Panel,Honeywell,HON-756-1286,Industrial control panel designed for manufacturing applications.,10533.97,423,4.6,480,218.21,1488.3,Carbon Steel,South Korea,18,catalog_12.pdf,0.72,Verified
PROD-01288,Hydraulic Valve Model 2287,Hydraulic Valve,Bosch Rexroth,BOS-941-1287,Industrial hydraulic valve designed for manufacturing applications.,22723.37,218,3.3,220,127.16,1556.83,Stainless Steel,USA,12,catalog_13.pdf,0.78,Needs Review
PROD-01289,Gearbox Model 2288,Gearbox,Bosch Rexroth,BOS-469-1288,Industrial gearbox designed for manufacturing applications.,6253.81,287,3.0,415,202.09,802.93,Aluminum,USA,18,catalog_14.pdf,0.77,Verified
PROD-01290,Gearbox Model 2289,Gearbox,Schneider Electric,SCH-894-1289,Industrial gearbox designed for manufacturing applications.,2509.89,215,3.6,230,92.34,1285.9,Alloy Steel,USA,12,catalog_15.pdf,0.77,Needs Review
PROD-01291,Conveyor System Model 2290,Conveyor System,Siemens,SIE-153-1290,Industrial conveyor system designed for manufacturing applications.,8137.57,369,4.2,400,31.71,1561.87,Cast Iron,USA,36,catalog_16.pdf,0.81,Needs Review
PROD-01292,Industrial Fan Model 2291,Industrial Fan,Rockwell Automation,ROC-789-1291,Industrial industrial fan designed for manufacturing applications.,2840.73,80,3.3,415,10.85,79.54,Cast Iron,Germany,36,catalog_17.pdf,0.94,Needs Review
PROD-01293,Electric Motor Model 2292,Electric Motor,Honeywell,HON-518-1292,Industrial electric motor designed for manufacturing applications.,3432.76,152,3.9,230,70.74,1033.96,Aluminum,South Korea,36,catalog_18.pdf,0.96,Verified
PROD-01294,Industrial Fan Model 2293,Industrial Fan,Honeywell,HON-855-1293,Industrial industrial fan designed for manufacturing applications.,14452.8,325,4.1,440,61.44,1536.56,Cast Iron,Switzerland,6,catalog_19.pdf,0.76,Needs Review
PROD-01295,Welding Machine Model 2294,Welding Machine,Atlas Copco,ATL-606-1294,Industrial welding machine designed for manufacturing applications.,1757.32,217,4.2,440,140.31,717.88,Alloy Steel,China,12,catalog_20.pdf,0.86,Verified
PROD-01296,Industrial Fan Model 2295,Industrial Fan,Kirloskar,KIR-440-1295,Industrial industrial fan designed for manufacturing applications.,1015.54,437,3.5,415,5.92,545.69,Carbon Steel,Switzerland,24,catalog_21.pdf,0.88,Needs Review
PROD-01297,Welding Machine Model 2296,Welding Machine,WEG,WEG-226-1296,Industrial welding machine designed for manufacturing applications.,17931.75,113,3.8,220,130.38,1432.68,Alloy Steel,Switzerland,24,catalog_22.pdf,0.85,Verified
PROD-01298,Welding Machine Model 2297,Welding Machine,Kirloskar,KIR-508-1297,Industrial welding machine designed for manufacturing applications.,9200.77,133,4.6,400,98.25,605.74,Cast Iron,South Korea,36,catalog_23.pdf,0.83,Verified
PROD-01299,Control Panel Model 2298,Control Panel,Rockwell Automation,ROC-466-1298,Industrial control panel designed for manufacturing applications.,3353.04,14,4.9,400,144.49,7.71,Carbon Steel,Switzerland,24,catalog_24.pdf,0.76,Verified
PROD-01300,Industrial Pump Model 2299,Industrial Pump,Bosch Rexroth,BOS-370-1299,Industrial industrial pump designed for manufacturing applications.,6526.92,51,4.7,440,175.75,1727.31,Alloy Steel,Japan,18,catalog_25.pdf,0.84,Needs Review
PROD-01301,Control Panel Model 2300,Control Panel,Bosch Rexroth,BOS-743-1300,Industrial control panel designed for manufacturing applications.,16141.64,383,4.1,230,158.71,1066.64,Stainless Steel,Germany,12,catalog_01.pdf,0.82,Verified
PROD-01302,Welding Machine Model 2301,Welding Machine,Bosch Rexroth,BOS-704-1301,Industrial welding machine designed for manufacturing applications.,7069.53,319,3.8,415,246.17,1475.49,Stainless Steel,Switzerland,12,catalog_02.pdf,0.93,Needs Review
PROD-01303,Hydraulic Valve Model 2302,Hydraulic Valve,Atlas Copco,ATL-478-1302,Industrial hydraulic valve designed for manufacturing applications.,12489.4,100,3.7,220,35.0,1485.89,Carbon Steel,India,12,catalog_03.pdf,0.92,Needs Review
PROD-01304,Gearbox Model 2303,Gearbox,Bosch Rexroth,BOS-172-1303,Industrial gearbox designed for manufacturing applications.,3261.96,450,3.2,110,107.72,121.41,Carbon Steel,Switzerland,18,catalog_04.pdf,0.74,Verified
PROD-01305,Welding Machine Model 2304,Welding Machine,Rockwell Automation,ROC-347-1304,Industrial welding machine designed for manufacturing applications.,14805.32,107,3.2,400,106.5,309.21,Carbon Steel,India,6,catalog_05.pdf,0.73,Verified
PROD-01306,Control Panel Model 2305,Control Panel,Schneider Electric,SCH-959-1305,Industrial control panel designed for manufacturing applications.,8072.92,384,4.4,480,104.55,561.39,Stainless Steel,China,18,catalog_06.pdf,0.96,Needs Review
PROD-01307,Hydraulic Valve Model 2306,Hydraulic Valve,WEG,WEG-884-1306,Industrial hydraulic valve designed for manufacturing applications.,15767.47,346,3.5,110,166.12,578.62,Alloy Steel,Japan,12,catalog_07.pdf,0.86,Verified
PROD-01308,Control Panel Model 2307,Control Panel,Rockwell Automation,ROC-142-1307,Industrial control panel designed for manufacturing applications.,20257.77,150,3.5,220,122.71,1186.5,Carbon Steel,Japan,12,catalog_08.pdf,0.95,Verified
PROD-01309,Industrial Fan Model 2308,Industrial Fan,WEG,WEG-476-1308,Industrial industrial fan designed for manufacturing applications.,15388.25,372,5.0,440,129.6,1122.39,Stainless Steel,Japan,12,catalog_09.pdf,0.72,Needs Review
PROD-01310,Air Compressor Model 2309,Air Compressor,Rockwell Automation,ROC-140-1309,Industrial air compressor designed for manufacturing applications.,7569.75,434,3.4,480,108.37,891.27,Carbon Steel,USA,24,catalog_10.pdf,0.85,Needs Review
PROD-01311,Conveyor System Model 2310,Conveyor System,Bosch Rexroth,BOS-269-1310,Industrial conveyor system designed for manufacturing applications.,6579.66,420,3.3,400,247.93,381.85,Carbon Steel,Germany,6,catalog_11.pdf,0.86,Needs Review
PROD-01312,Electric Motor Model 2311,Electric Motor,Schneider Electric,SCH-311-1311,Industrial electric motor designed for manufacturing applications.,8353.67,31,3.2,400,231.93,688.81,Carbon Steel,Switzerland,18,catalog_12.pdf,0.95,Verified
PROD-01313,Control Panel Model 2312,Control Panel,Honeywell,HON-592-1312,Industrial control panel designed for manufacturing applications.,4324.36,224,4.2,415,77.28,979.38,Stainless Steel,India,12,catalog_13.pdf,0.73,Verified
PROD-01314,Electric Motor Model 2313,Electric Motor,Kirloskar,KIR-779-1313,Industrial electric motor designed for manufacturing applications.,4734.0,22,4.3,480,28.34,843.44,Alloy Steel,Germany,36,catalog_14.pdf,0.77,Verified
PROD-01315,Generator Model 2314,Generator,Crompton,CRO-138-1314,Industrial generator designed for manufacturing applications.,19819.6,171,3.7,110,210.02,230.87,Stainless Steel,Germany,6,catalog_15.pdf,0.82,Verified
PROD-01316,Control Panel Model 2315,Control Panel,Schneider Electric,SCH-468-1315,Industrial control panel designed for manufacturing applications.,9772.13,437,4.1,440,249.29,1169.82,Stainless Steel,Germany,36,catalog_16.pdf,0.95,Verified
PROD-01317,Air Compressor Model 2316,Air Compressor,Honeywell,HON-856-1316,Industrial air compressor designed for manufacturing applications.,11040.88,481,4.6,415,73.51,133.35,Carbon Steel,Japan,6,catalog_17.pdf,0.97,Verified
PROD-01318,Electric Motor Model 2317,Electric Motor,Siemens,SIE-250-1317,Industrial electric motor designed for manufacturing applications.,14952.72,86,4.6,380,89.77,681.99,Aluminum,China,12,catalog_18.pdf,0.99,Verified
PROD-01319,Welding Machine Model 2318,Welding Machine,Rockwell Automation,ROC-210-1318,Industrial welding machine designed for manufacturing applications.,14843.92,432,4.9,110,235.44,1278.63,Aluminum,China,6,catalog_19.pdf,0.98,Needs Review
PROD-01320,Control Panel Model 2319,Control Panel,Siemens,SIE-579-1319,Industrial control panel designed for manufacturing applications.,1917.58,76,4.6,110,177.93,38.0,Aluminum,Japan,6,catalog_20.pdf,0.7,Needs Review
PROD-01321,Industrial Pump Model 2320,Industrial Pump,Honeywell,HON-535-1320,Industrial industrial pump designed for manufacturing applications.,20830.63,314,4.1,380,74.26,1026.83,Stainless Steel,India,12,catalog_21.pdf,0.71,Needs Review
PROD-01322,Conveyor System Model 2321,Conveyor System,Schneider Electric,SCH-146-1321,Industrial conveyor system designed for manufacturing applications.,4638.83,483,3.4,220,145.47,603.47,Carbon Steel,India,36,catalog_22.pdf,0.74,Verified
PROD-01323,Air Compressor Model 2322,Air Compressor,Rockwell Automation,ROC-674-1322,Industrial air compressor designed for manufacturing applications.,18146.02,258,3.2,480,236.09,17.88,Aluminum,India,36,catalog_23.pdf,0.8,Verified
PROD-01324,Electric Motor Model 2323,Electric Motor,Crompton,CRO-836-1323,Industrial electric motor designed for manufacturing applications.,19373.61,166,3.1,480,203.05,344.31,Cast Iron,Switzerland,24,catalog_24.pdf,0.94,Needs Review
PROD-01325,Air Compressor Model 2324,Air Compressor,Bosch Rexroth,BOS-465-1324,Industrial air compressor designed for manufacturing applications.,17943.76,331,4.3,220,185.59,1693.82,Cast Iron,China,36,catalog_25.pdf,0.96,Verified
PROD-01326,Hydraulic Valve Model 2325,Hydraulic Valve,Rockwell Automation,ROC-168-1325,Industrial hydraulic valve designed for manufacturing applications.,14579.7,424,4.6,400,184.38,939.03,Cast Iron,Switzerland,36,catalog_01.pdf,0.75,Verified
PROD-01327,Conveyor System Model 2326,Conveyor System,Rockwell Automation,ROC-398-1326,Industrial conveyor system designed for manufacturing applications.,611.57,406,4.0,230,44.92,1795.01,Alloy Steel,China,6,catalog_02.pdf,0.88,Verified
PROD-01328,Welding Machine Model 2327,Welding Machine,Schneider Electric,SCH-901-1327,Industrial welding machine designed for manufacturing applications.,9169.29,42,3.1,415,206.26,945.62,Carbon Steel,Germany,24,catalog_03.pdf,0.97,Verified
PROD-01329,Control Panel Model 2328,Control Panel,Schneider Electric,SCH-395-1328,Industrial control panel designed for manufacturing applications.,15219.78,447,4.1,230,69.39,980.0,Stainless Steel,Japan,12,catalog_04.pdf,0.83,Verified
PROD-01330,Control Panel Model 2329,Control Panel,Honeywell,HON-302-1329,Industrial control panel designed for manufacturing applications.,9839.42,397,4.9,400,232.63,706.53,Stainless Steel,USA,12,catalog_05.pdf,0.73,Needs Review
PROD-01331,Control Panel Model 2330,Control Panel,ABB,ABB-160-1330,Industrial control panel designed for manufacturing applications.,21621.13,205,4.2,480,91.48,559.45,Carbon Steel,Germany,18,catalog_06.pdf,0.83,Needs Review
PROD-01332,Conveyor System Model 2331,Conveyor System,Rockwell Automation,ROC-929-1331,Industrial conveyor system designed for manufacturing applications.,7892.86,498,4.6,230,214.49,454.28,Alloy Steel,Italy,24,catalog_07.pdf,0.81,Verified
PROD-01333,Industrial Pump Model 2332,Industrial Pump,Kirloskar,KIR-413-1332,Industrial industrial pump designed for manufacturing applications.,7514.99,204,4.6,110,66.93,619.47,Carbon Steel,Switzerland,6,catalog_08.pdf,0.87,Verified
PROD-01334,Generator Model 2333,Generator,Rockwell Automation,ROC-260-1333,Industrial generator designed for manufacturing applications.,6833.44,259,4.9,110,128.87,828.81,Alloy Steel,China,18,catalog_09.pdf,0.83,Needs Review
PROD-01335,Gearbox Model 2334,Gearbox,Honeywell,HON-430-1334,Industrial gearbox designed for manufacturing applications.,8486.33,183,4.5,380,27.17,347.2,Aluminum,Germany,18,catalog_10.pdf,0.71,Verified
PROD-01336,Industrial Fan Model 2335,Industrial Fan,WEG,WEG-627-1335,Industrial industrial fan designed for manufacturing applications.,14045.77,39,4.5,380,165.2,406.33,Aluminum,Japan,12,catalog_11.pdf,0.99,Verified
PROD-01337,Electric Motor Model 2336,Electric Motor,Siemens,SIE-437-1336,Industrial electric motor designed for manufacturing applications.,17748.63,86,3.5,400,209.1,490.24,Alloy Steel,Italy,36,catalog_12.pdf,0.86,Needs Review
PROD-01338,Industrial Pump Model 2337,Industrial Pump,Bosch Rexroth,BOS-705-1337,Industrial industrial pump designed for manufacturing applications.,16648.56,393,3.1,400,179.75,809.77,Carbon Steel,South Korea,6,catalog_13.pdf,0.84,Needs Review
PROD-01339,Welding Machine Model 2338,Welding Machine,ABB,ABB-403-1338,Industrial welding machine designed for manufacturing applications.,20241.02,402,4.0,440,131.05,1175.76,Aluminum,Switzerland,24,catalog_14.pdf,0.98,Needs Review
PROD-01340,Electric Motor Model 2339,Electric Motor,Crompton,CRO-602-1339,Industrial electric motor designed for manufacturing applications.,22176.37,224,3.2,400,11.76,1541.35,Carbon Steel,Germany,18,catalog_15.pdf,0.75,Verified
PROD-01341,Control Panel Model 2340,Control Panel,Crompton,CRO-749-1340,Industrial control panel designed for manufacturing applications.,20447.96,162,4.9,110,233.39,518.26,Aluminum,Japan,6,catalog_16.pdf,0.75,Verified
PROD-01342,Air Compressor Model 2341,Air Compressor,Crompton,CRO-437-1341,Industrial air compressor designed for manufacturing applications.,718.9,8,3.6,230,176.52,332.34,Carbon Steel,Japan,12,catalog_17.pdf,0.93,Needs Review
PROD-01343,Welding Machine Model 2342,Welding Machine,Schneider Electric,SCH-649-1342,Industrial welding machine designed for manufacturing applications.,18463.97,171,4.7,415,186.59,683.17,Carbon Steel,China,18,catalog_18.pdf,0.78,Verified
PROD-01344,Electric Motor Model 2343,Electric Motor,Crompton,CRO-738-1343,Industrial electric motor designed for manufacturing applications.,5407.89,472,3.8,440,198.77,1610.1,Cast Iron,USA,18,catalog_19.pdf,0.93,Needs Review
PROD-01345,Control Panel Model 2344,Control Panel,Bosch Rexroth,BOS-374-1344,Industrial control panel designed for manufacturing applications.,3539.97,452,3.6,440,187.06,19.73,Alloy Steel,Germany,12,catalog_20.pdf,0.78,Verified
PROD-01346,Electric Motor Model 2345,Electric Motor,Siemens,SIE-263-1345,Industrial electric motor designed for manufacturing applications.,16052.6,413,4.9,480,110.56,1220.81,Stainless Steel,Japan,12,catalog_21.pdf,0.71,Needs Review
PROD-01347,Air Compressor Model 2346,Air Compressor,Crompton,CRO-542-1346,Industrial air compressor designed for manufacturing applications.,8163.64,416,3.7,440,183.54,859.93,Alloy Steel,Switzerland,12,catalog_22.pdf,0.85,Verified
PROD-01348,Control Panel Model 2347,Control Panel,Rockwell Automation,ROC-418-1347,Industrial control panel designed for manufacturing applications.,1663.65,208,3.8,400,156.44,291.56,Carbon Steel,India,6,catalog_23.pdf,0.76,Verified
PROD-01349,Generator Model 2348,Generator,Rockwell Automation,ROC-688-1348,Industrial generator designed for manufacturing applications.,3656.34,198,3.2,400,213.58,579.2,Carbon Steel,Japan,6,catalog_24.pdf,0.92,Verified
PROD-01350,Industrial Pump Model 2349,Industrial Pump,Schneider Electric,SCH-603-1349,Industrial industrial pump designed for manufacturing applications.,273.0,239,4.3,110,200.71,406.46,Alloy Steel,USA,6,catalog_25.pdf,0.89,Needs Review
PROD-01351,Hydraulic Valve Model 2350,Hydraulic Valve,Bosch Rexroth,BOS-785-1350,Industrial hydraulic valve designed for manufacturing applications.,22604.78,210,3.6,415,10.82,1580.34,Carbon Steel,Japan,36,catalog_01.pdf,0.97,Verified
PROD-01352,Industrial Fan Model 2351,Industrial Fan,Siemens,SIE-486-1351,Industrial industrial fan designed for manufacturing applications.,859.3,154,4.2,110,95.03,868.41,Aluminum,China,18,catalog_02.pdf,0.93,Verified
PROD-01353,Conveyor System Model 2352,Conveyor System,ABB,ABB-969-1352,Industrial conveyor system designed for manufacturing applications.,5434.03,163,4.2,415,9.16,1014.44,Carbon Steel,South Korea,6,catalog_03.pdf,0.75,Needs Review
PROD-01354,Industrial Fan Model 2353,Industrial Fan,Honeywell,HON-932-1353,Industrial industrial fan designed for manufacturing applications.,10552.5,283,4.4,110,25.97,1069.45,Alloy Steel,Germany,36,catalog_04.pdf,0.93,Verified
PROD-01355,Welding Machine Model 2354,Welding Machine,Siemens,SIE-987-1354,Industrial welding machine designed for manufacturing applications.,9075.14,308,4.5,230,150.55,1152.03,Alloy Steel,China,18,catalog_05.pdf,0.89,Verified
PROD-01356,Industrial Fan Model 2355,Industrial Fan,Honeywell,HON-702-1355,Industrial industrial fan designed for manufacturing applications.,22815.22,408,4.0,480,218.52,893.01,Alloy Steel,Germany,6,catalog_06.pdf,0.89,Verified
PROD-01357,Control Panel Model 2356,Control Panel,WEG,WEG-849-1356,Industrial control panel designed for manufacturing applications.,1247.15,385,3.7,400,30.4,34.14,Cast Iron,Italy,12,catalog_07.pdf,0.94,Needs Review
PROD-01358,Generator Model 2357,Generator,Honeywell,HON-875-1357,Industrial generator designed for manufacturing applications.,12927.31,170,4.7,220,113.05,603.83,Cast Iron,Germany,24,catalog_08.pdf,0.87,Verified
PROD-01359,Hydraulic Valve Model 2358,Hydraulic Valve,Kirloskar,KIR-790-1358,Industrial hydraulic valve designed for manufacturing applications.,17091.87,315,3.6,220,227.76,332.6,Cast Iron,Italy,6,catalog_09.pdf,0.84,Verified
PROD-01360,Industrial Pump Model 2359,Industrial Pump,Rockwell Automation,ROC-593-1359,Industrial industrial pump designed for manufacturing applications.,23309.52,72,4.0,480,203.67,1224.9,Cast Iron,China,24,catalog_10.pdf,0.88,Needs Review
PROD-01361,Industrial Pump Model 2360,Industrial Pump,Bosch Rexroth,BOS-589-1360,Industrial industrial pump designed for manufacturing applications.,15604.19,467,3.8,400,130.16,103.95,Cast Iron,India,6,catalog_11.pdf,0.79,Verified
PROD-01362,Air Compressor Model 2361,Air Compressor,Atlas Copco,ATL-820-1361,Industrial air compressor designed for manufacturing applications.,20142.94,92,4.7,440,193.01,1015.72,Cast Iron,Switzerland,12,catalog_12.pdf,0.75,Verified
PROD-01363,Conveyor System Model 2362,Conveyor System,Schneider Electric,SCH-172-1362,Industrial conveyor system designed for manufacturing applications.,2322.19,221,3.9,400,130.91,380.72,Cast Iron,USA,24,catalog_13.pdf,0.88,Verified
PROD-01364,Electric Motor Model 2363,Electric Motor,Kirloskar,KIR-608-1363,Industrial electric motor designed for manufacturing applications.,9802.0,5,3.8,400,39.94,1708.02,Alloy Steel,India,36,catalog_14.pdf,0.77,Needs Review
PROD-01365,Generator Model 2364,Generator,Honeywell,HON-489-1364,Industrial generator designed for manufacturing applications.,9505.19,139,4.4,480,31.62,605.3,Stainless Steel,Switzerland,12,catalog_15.pdf,0.72,Verified
PROD-01366,Electric Motor Model 2365,Electric Motor,Crompton,CRO-718-1365,Industrial electric motor designed for manufacturing applications.,22185.63,189,4.2,400,47.5,586.75,Cast Iron,Italy,24,catalog_16.pdf,0.7,Needs Review
PROD-01367,Hydraulic Valve Model 2366,Hydraulic Valve,Bosch Rexroth,BOS-956-1366,Industrial hydraulic valve designed for manufacturing applications.,3996.44,355,3.2,440,88.06,1662.25,Alloy Steel,Japan,24,catalog_17.pdf,0.88,Needs Review
PROD-01368,Industrial Fan Model 2367,Industrial Fan,Kirloskar,KIR-394-1367,Industrial industrial fan designed for manufacturing applications.,4009.18,144,4.0,415,232.67,752.39,Stainless Steel,Japan,12,catalog_18.pdf,0.81,Verified
PROD-01369,Industrial Pump Model 2368,Industrial Pump,Schneider Electric,SCH-468-1368,Industrial industrial pump designed for manufacturing applications.,8381.81,110,4.5,480,200.02,1733.23,Cast Iron,India,12,catalog_19.pdf,0.92,Needs Review
PROD-01370,Hydraulic Valve Model 2369,Hydraulic Valve,Rockwell Automation,ROC-895-1369,Industrial hydraulic valve designed for manufacturing applications.,1598.03,137,5.0,230,108.48,45.46,Stainless Steel,Japan,12,catalog_20.pdf,0.81,Verified
PROD-01371,Industrial Fan Model 2370,Industrial Fan,Bosch Rexroth,BOS-964-1370,Industrial industrial fan designed for manufacturing applications.,4765.84,112,4.3,220,123.52,552.81,Stainless Steel,Italy,18,catalog_21.pdf,0.84,Verified
PROD-01372,Industrial Pump Model 2371,Industrial Pump,Schneider Electric,SCH-793-1371,Industrial industrial pump designed for manufacturing applications.,24138.94,182,3.7,480,66.77,1199.81,Aluminum,China,36,catalog_22.pdf,0.82,Verified
PROD-01373,Industrial Fan Model 2372,Industrial Fan,WEG,WEG-648-1372,Industrial industrial fan designed for manufacturing applications.,10847.55,302,3.5,380,176.24,1603.76,Carbon Steel,USA,6,catalog_23.pdf,0.89,Needs Review
PROD-01374,Conveyor System Model 2373,Conveyor System,WEG,WEG-748-1373,Industrial conveyor system designed for manufacturing applications.,15892.48,362,4.7,220,200.79,463.02,Aluminum,South Korea,24,catalog_24.pdf,0.8,Verified
PROD-01375,Generator Model 2374,Generator,Schneider Electric,SCH-949-1374,Industrial generator designed for manufacturing applications.,18221.25,384,4.6,220,60.11,1675.0,Stainless Steel,Germany,6,catalog_25.pdf,0.98,Verified
PROD-01376,Welding Machine Model 2375,Welding Machine,Kirloskar,KIR-667-1375,Industrial welding machine designed for manufacturing applications.,9332.29,400,3.5,440,10.93,1070.23,Alloy Steel,Italy,12,catalog_01.pdf,0.97,Verified
PROD-01377,Hydraulic Valve Model 2376,Hydraulic Valve,Bosch Rexroth,BOS-286-1376,Industrial hydraulic valve designed for manufacturing applications.,3893.87,363,3.4,110,156.16,1442.21,Cast Iron,Switzerland,36,catalog_02.pdf,0.95,Verified
PROD-01378,Hydraulic Valve Model 2377,Hydraulic Valve,Kirloskar,KIR-952-1377,Industrial hydraulic valve designed for manufacturing applications.,5362.88,150,4.4,400,140.85,716.18,Carbon Steel,South Korea,36,catalog_03.pdf,0.97,Verified
PROD-01379,Gearbox Model 2378,Gearbox,ABB,ABB-869-1378,Industrial gearbox designed for manufacturing applications.,8003.35,454,3.6,400,100.83,383.5,Cast Iron,Italy,18,catalog_04.pdf,0.83,Verified
PROD-01380,Control Panel Model 2379,Control Panel,Honeywell,HON-544-1379,Industrial control panel designed for manufacturing applications.,15992.69,78,3.6,400,161.15,1640.4,Alloy Steel,Germany,12,catalog_05.pdf,0.86,Verified
PROD-01381,Conveyor System Model 2380,Conveyor System,ABB,ABB-669-1380,Industrial conveyor system designed for manufacturing applications.,10107.44,467,3.3,110,137.88,1679.78,Carbon Steel,Germany,24,catalog_06.pdf,0.92,Verified
PROD-01382,Conveyor System Model 2381,Conveyor System,WEG,WEG-462-1381,Industrial conveyor system designed for manufacturing applications.,418.66,482,3.5,440,63.02,896.64,Aluminum,USA,18,catalog_07.pdf,0.9,Verified
PROD-01383,Electric Motor Model 2382,Electric Motor,Rockwell Automation,ROC-222-1382,Industrial electric motor designed for manufacturing applications.,13204.33,112,3.9,480,99.73,13.68,Stainless Steel,USA,12,catalog_08.pdf,0.96,Verified
PROD-01384,Industrial Fan Model 2383,Industrial Fan,Siemens,SIE-287-1383,Industrial industrial fan designed for manufacturing applications.,23057.46,126,4.5,230,107.31,199.39,Alloy Steel,USA,18,catalog_09.pdf,0.91,Needs Review
PROD-01385,Control Panel Model 2384,Control Panel,Honeywell,HON-841-1384,Industrial control panel designed for manufacturing applications.,20348.92,21,3.7,230,220.12,1032.3,Stainless Steel,Japan,6,catalog_10.pdf,0.99,Needs Review
PROD-01386,Generator Model 2385,Generator,WEG,WEG-779-1385,Industrial generator designed for manufacturing applications.,20673.98,200,3.7,440,240.25,44.75,Stainless Steel,Switzerland,12,catalog_11.pdf,0.8,Verified
PROD-01387,Generator Model 2386,Generator,Kirloskar,KIR-519-1386,Industrial generator designed for manufacturing applications.,19927.69,331,3.6,380,223.3,715.65,Cast Iron,Switzerland,24,catalog_12.pdf,0.94,Verified
PROD-01388,Conveyor System Model 2387,Conveyor System,Kirloskar,KIR-725-1387,Industrial conveyor system designed for manufacturing applications.,8262.34,322,4.0,230,179.93,547.46,Alloy Steel,Italy,24,catalog_13.pdf,0.9,Needs Review
PROD-01389,Generator Model 2388,Generator,Kirloskar,KIR-351-1388,Industrial generator designed for manufacturing applications.,19188.55,301,3.4,440,146.46,1286.4,Stainless Steel,China,12,catalog_14.pdf,0.9,Needs Review
PROD-01390,Gearbox Model 2389,Gearbox,Rockwell Automation,ROC-718-1389,Industrial gearbox designed for manufacturing applications.,3793.24,483,4.0,480,172.47,101.93,Aluminum,Germany,18,catalog_15.pdf,0.79,Verified
PROD-01391,Hydraulic Valve Model 2390,Hydraulic Valve,ABB,ABB-648-1390,Industrial hydraulic valve designed for manufacturing applications.,16528.47,256,4.4,230,234.81,880.74,Carbon Steel,Italy,36,catalog_16.pdf,0.93,Verified
PROD-01392,Air Compressor Model 2391,Air Compressor,Siemens,SIE-434-1391,Industrial air compressor designed for manufacturing applications.,16128.82,491,3.1,400,62.87,1043.25,Alloy Steel,South Korea,12,catalog_17.pdf,0.96,Verified
PROD-01393,Welding Machine Model 2392,Welding Machine,Kirloskar,KIR-191-1392,Industrial welding machine designed for manufacturing applications.,882.85,123,3.0,415,134.01,1111.89,Cast Iron,Italy,24,catalog_18.pdf,0.76,Verified
PROD-01394,Electric Motor Model 2393,Electric Motor,Atlas Copco,ATL-629-1393,Industrial electric motor designed for manufacturing applications.,19752.26,166,3.2,440,172.56,730.47,Alloy Steel,Switzerland,6,catalog_19.pdf,0.88,Verified
PROD-01395,Industrial Fan Model 2394,Industrial Fan,Honeywell,HON-965-1394,Industrial industrial fan designed for manufacturing applications.,22605.39,202,4.1,220,169.97,549.25,Cast Iron,USA,24,catalog_20.pdf,0.81,Needs Review
PROD-01396,Welding Machine Model 2395,Welding Machine,Bosch Rexroth,BOS-162-1395,Industrial welding machine designed for manufacturing applications.,6868.53,490,4.7,230,63.44,1229.12,Carbon Steel,USA,36,catalog_21.pdf,0.99,Verified
PROD-01397,Industrial Fan Model 2396,Industrial Fan,Atlas Copco,ATL-761-1396,Industrial industrial fan designed for manufacturing applications.,20356.67,49,3.0,230,146.89,1525.93,Aluminum,Italy,24,catalog_22.pdf,0.84,Needs Review
PROD-01398,Industrial Pump Model 2397,Industrial Pump,Siemens,SIE-611-1397,Industrial industrial pump designed for manufacturing applications.,2289.55,318,4.9,110,199.08,1249.12,Stainless Steel,Switzerland,36,catalog_23.pdf,0.77,Needs Review
PROD-01399,Welding Machine Model 2398,Welding Machine,Rockwell Automation,ROC-238-1398,Industrial welding machine designed for manufacturing applications.,15099.2,183,3.2,380,119.03,1677.92,Alloy Steel,Switzerland,12,catalog_24.pdf,0.81,Needs Review
PROD-01400,Air Compressor Model 2399,Air Compressor,Siemens,SIE-797-1399,Industrial air compressor designed for manufacturing applications.,12269.76,386,4.7,415,198.43,1291.64,Cast Iron,Switzerland,24,catalog_25.pdf,0.89,Needs Review
PROD-01401,Conveyor System Model 2400,Conveyor System,Bosch Rexroth,BOS-284-1400,Industrial conveyor system designed for manufacturing applications.,13761.61,422,4.0,480,90.29,1376.78,Carbon Steel,USA,18,catalog_01.pdf,0.72,Needs Review
PROD-01402,Gearbox Model 2401,Gearbox,Honeywell,HON-304-1401,Industrial gearbox designed for manufacturing applications.,23173.58,48,4.3,110,234.72,303.89,Stainless Steel,Switzerland,18,catalog_02.pdf,0.88,Verified
PROD-01403,Hydraulic Valve Model 2402,Hydraulic Valve,Bosch Rexroth,BOS-871-1402,Industrial hydraulic valve designed for manufacturing applications.,21815.05,275,4.0,400,133.72,756.33,Carbon Steel,Japan,24,catalog_03.pdf,0.97,Needs Review
PROD-01404,Hydraulic Valve Model 2403,Hydraulic Valve,Schneider Electric,SCH-313-1403,Industrial hydraulic valve designed for manufacturing applications.,19680.82,82,4.0,220,149.19,874.13,Aluminum,Germany,24,catalog_04.pdf,0.95,Needs Review
PROD-01405,Gearbox Model 2404,Gearbox,Honeywell,HON-355-1404,Industrial gearbox designed for manufacturing applications.,7024.04,330,4.7,380,8.32,462.82,Stainless Steel,South Korea,6,catalog_05.pdf,0.72,Verified
PROD-01406,Control Panel Model 2405,Control Panel,Siemens,SIE-234-1405,Industrial control panel designed for manufacturing applications.,22817.51,182,4.5,110,42.98,952.31,Stainless Steel,Switzerland,24,catalog_06.pdf,0.99,Needs Review
PROD-01407,Industrial Pump Model 2406,Industrial Pump,Kirloskar,KIR-672-1406,Industrial industrial pump designed for manufacturing applications.,2663.32,361,4.0,440,158.42,524.84,Stainless Steel,Italy,6,catalog_07.pdf,0.9,Needs Review
PROD-01408,Industrial Fan Model 2407,Industrial Fan,Siemens,SIE-974-1407,Industrial industrial fan designed for manufacturing applications.,21369.9,420,3.2,230,105.26,1238.13,Cast Iron,Germany,6,catalog_08.pdf,0.75,Needs Review
PROD-01409,Air Compressor Model 2408,Air Compressor,Siemens,SIE-921-1408,Industrial air compressor designed for manufacturing applications.,8371.96,455,3.2,230,127.29,847.58,Stainless Steel,Japan,6,catalog_09.pdf,0.7,Verified
PROD-01410,Generator Model 2409,Generator,Honeywell,HON-187-1409,Industrial generator designed for manufacturing applications.,1580.86,7,4.6,380,16.21,826.93,Carbon Steel,South Korea,6,catalog_10.pdf,0.75,Verified
PROD-01411,Welding Machine Model 2410,Welding Machine,Schneider Electric,SCH-935-1410,Industrial welding machine designed for manufacturing applications.,16816.59,218,4.1,230,208.62,1770.59,Cast Iron,USA,12,catalog_11.pdf,0.94,Verified
PROD-01412,Industrial Pump Model 2411,Industrial Pump,Siemens,SIE-306-1411,Industrial industrial pump designed for manufacturing applications.,5974.18,346,4.0,440,196.23,707.62,Stainless Steel,India,18,catalog_12.pdf,0.71,Verified
PROD-01413,Welding Machine Model 2412,Welding Machine,Atlas Copco,ATL-228-1412,Industrial welding machine designed for manufacturing applications.,6278.39,78,4.4,110,46.75,653.41,Carbon Steel,Japan,6,catalog_13.pdf,0.77,Verified
PROD-01414,Air Compressor Model 2413,Air Compressor,WEG,WEG-922-1413,Industrial air compressor designed for manufacturing applications.,7824.67,55,4.7,110,158.77,574.85,Carbon Steel,India,18,catalog_14.pdf,0.92,Verified
PROD-01415,Electric Motor Model 2414,Electric Motor,Crompton,CRO-102-1414,Industrial electric motor designed for manufacturing applications.,1826.2,71,4.3,230,204.67,1610.76,Alloy Steel,Germany,6,catalog_15.pdf,0.87,Needs Review
PROD-01416,Electric Motor Model 2415,Electric Motor,Crompton,CRO-853-1415,Industrial electric motor designed for manufacturing applications.,4633.9,336,4.5,230,160.39,895.11,Carbon Steel,Italy,18,catalog_16.pdf,0.93,Verified
PROD-01417,Industrial Pump Model 2416,Industrial Pump,Siemens,SIE-220-1416,Industrial industrial pump designed for manufacturing applications.,377.21,97,4.5,400,77.94,1080.83,Aluminum,South Korea,24,catalog_17.pdf,0.92,Verified
PROD-01418,Conveyor System Model 2417,Conveyor System,Atlas Copco,ATL-484-1417,Industrial conveyor system designed for manufacturing applications.,11273.89,180,3.7,220,164.2,327.11,Stainless Steel,USA,24,catalog_18.pdf,0.71,Verified
PROD-01419,Air Compressor Model 2418,Air Compressor,Kirloskar,KIR-713-1418,Industrial air compressor designed for manufacturing applications.,2335.32,149,3.5,480,53.01,974.61,Stainless Steel,South Korea,18,catalog_19.pdf,0.96,Verified
PROD-01420,Air Compressor Model 2419,Air Compressor,Rockwell Automation,ROC-137-1419,Industrial air compressor designed for manufacturing applications.,17145.65,11,4.6,380,79.9,495.82,Stainless Steel,Japan,6,catalog_20.pdf,0.77,Verified
PROD-01421,Gearbox Model 2420,Gearbox,Rockwell Automation,ROC-440-1420,Industrial gearbox designed for manufacturing applications.,6081.67,273,3.8,110,60.4,1315.69,Carbon Steel,USA,12,catalog_21.pdf,0.86,Verified
PROD-01422,Conveyor System Model 2421,Conveyor System,Honeywell,HON-744-1421,Industrial conveyor system designed for manufacturing applications.,23603.46,380,4.8,380,139.45,1498.89,Carbon Steel,India,18,catalog_22.pdf,0.89,Verified
PROD-01423,Industrial Fan Model 2422,Industrial Fan,Crompton,CRO-813-1422,Industrial industrial fan designed for manufacturing applications.,21813.48,326,3.1,400,27.5,1287.23,Stainless Steel,India,36,catalog_23.pdf,0.75,Verified
PROD-01424,Industrial Fan Model 2423,Industrial Fan,Siemens,SIE-959-1423,Industrial industrial fan designed for manufacturing applications.,7413.66,8,3.1,110,233.36,1314.98,Cast Iron,China,12,catalog_24.pdf,0.98,Verified
PROD-01425,Generator Model 2424,Generator,Rockwell Automation,ROC-120-1424,Industrial generator designed for manufacturing applications.,19634.58,142,4.9,400,83.71,923.43,Cast Iron,South Korea,36,catalog_25.pdf,0.84,Verified
PROD-01426,Hydraulic Valve Model 2425,Hydraulic Valve,Siemens,SIE-341-1425,Industrial hydraulic valve designed for manufacturing applications.,20130.31,235,4.3,400,55.13,1282.39,Aluminum,Switzerland,18,catalog_01.pdf,0.72,Verified
PROD-01427,Electric Motor Model 2426,Electric Motor,Honeywell,HON-554-1426,Industrial electric motor designed for manufacturing applications.,24667.44,92,3.8,415,124.39,761.99,Alloy Steel,Italy,6,catalog_02.pdf,0.97,Verified
PROD-01428,Industrial Fan Model 2427,Industrial Fan,Crompton,CRO-720-1427,Industrial industrial fan designed for manufacturing applications.,15046.54,21,4.5,230,69.61,1173.38,Aluminum,Switzerland,36,catalog_03.pdf,0.87,Verified
PROD-01429,Conveyor System Model 2428,Conveyor System,Bosch Rexroth,BOS-402-1428,Industrial conveyor system designed for manufacturing applications.,2278.65,56,4.3,440,133.96,467.75,Stainless Steel,India,18,catalog_04.pdf,0.9,Needs Review
PROD-01430,Air Compressor Model 2429,Air Compressor,WEG,WEG-695-1429,Industrial air compressor designed for manufacturing applications.,16259.22,138,4.1,415,87.45,127.42,Stainless Steel,Italy,12,catalog_05.pdf,0.85,Needs Review
PROD-01431,Industrial Fan Model 2430,Industrial Fan,WEG,WEG-694-1430,Industrial industrial fan designed for manufacturing applications.,15718.25,215,3.2,480,33.45,745.42,Stainless Steel,China,6,catalog_06.pdf,0.94,Verified
PROD-01432,Air Compressor Model 2431,Air Compressor,Rockwell Automation,ROC-902-1431,Industrial air compressor designed for manufacturing applications.,16049.18,329,4.6,380,66.84,832.28,Alloy Steel,Japan,36,catalog_07.pdf,0.71,Verified
PROD-01433,Industrial Fan Model 2432,Industrial Fan,WEG,WEG-168-1432,Industrial industrial fan designed for manufacturing applications.,7851.85,484,4.7,440,109.89,463.02,Carbon Steel,China,18,catalog_08.pdf,0.78,Needs Review
PROD-01434,Electric Motor Model 2433,Electric Motor,Bosch Rexroth,BOS-228-1433,Industrial electric motor designed for manufacturing applications.,21527.07,462,3.3,380,8.06,1310.42,Alloy Steel,Italy,6,catalog_09.pdf,0.84,Verified
PROD-01435,Welding Machine Model 2434,Welding Machine,Siemens,SIE-295-1434,Industrial welding machine designed for manufacturing applications.,23996.94,397,4.7,230,192.78,134.24,Aluminum,India,6,catalog_10.pdf,0.72,Needs Review
PROD-01436,Industrial Fan Model 2435,Industrial Fan,Honeywell,HON-239-1435,Industrial industrial fan designed for manufacturing applications.,5638.38,223,4.8,440,155.65,402.5,Carbon Steel,Germany,24,catalog_11.pdf,0.9,Needs Review
PROD-01437,Conveyor System Model 2436,Conveyor System,Bosch Rexroth,BOS-543-1436,Industrial conveyor system designed for manufacturing applications.,2431.77,209,4.1,415,150.54,1347.92,Carbon Steel,Italy,6,catalog_12.pdf,0.81,Needs Review
PROD-01438,Industrial Fan Model 2437,Industrial Fan,Honeywell,HON-382-1437,Industrial industrial fan designed for manufacturing applications.,5064.74,215,4.3,380,136.74,787.95,Aluminum,USA,18,catalog_13.pdf,0.78,Needs Review
PROD-01439,Hydraulic Valve Model 2438,Hydraulic Valve,Honeywell,HON-411-1438,Industrial hydraulic valve designed for manufacturing applications.,20558.67,281,3.8,415,147.78,1270.1,Carbon Steel,Switzerland,12,catalog_14.pdf,0.7,Needs Review
PROD-01440,Electric Motor Model 2439,Electric Motor,Crompton,CRO-845-1439,Industrial electric motor designed for manufacturing applications.,16996.95,28,3.6,230,233.7,1022.34,Cast Iron,Germany,24,catalog_15.pdf,0.91,Verified
PROD-01441,Conveyor System Model 2440,Conveyor System,Siemens,SIE-634-1440,Industrial conveyor system designed for manufacturing applications.,15992.17,490,4.4,440,2.64,1711.38,Aluminum,South Korea,18,catalog_16.pdf,0.94,Needs Review
PROD-01442,Gearbox Model 2441,Gearbox,Atlas Copco,ATL-764-1441,Industrial gearbox designed for manufacturing applications.,10194.38,8,4.7,440,12.43,1076.84,Aluminum,Italy,18,catalog_17.pdf,0.81,Needs Review
PROD-01443,Conveyor System Model 2442,Conveyor System,WEG,WEG-376-1442,Industrial conveyor system designed for manufacturing applications.,14551.24,156,4.3,110,48.28,28.73,Cast Iron,USA,18,catalog_18.pdf,0.86,Needs Review
PROD-01444,Hydraulic Valve Model 2443,Hydraulic Valve,Atlas Copco,ATL-160-1443,Industrial hydraulic valve designed for manufacturing applications.,7869.88,447,4.0,400,42.24,636.47,Alloy Steel,Switzerland,36,catalog_19.pdf,0.77,Verified
PROD-01445,Welding Machine Model 2444,Welding Machine,Crompton,CRO-418-1444,Industrial welding machine designed for manufacturing applications.,12060.7,487,3.3,400,45.71,259.22,Alloy Steel,South Korea,36,catalog_20.pdf,0.88,Verified
PROD-01446,Electric Motor Model 2445,Electric Motor,Honeywell,HON-989-1445,Industrial electric motor designed for manufacturing applications.,19878.31,263,3.1,415,168.15,1664.49,Alloy Steel,China,12,catalog_21.pdf,0.7,Needs Review
PROD-01447,Gearbox Model 2446,Gearbox,Rockwell Automation,ROC-151-1446,Industrial gearbox designed for manufacturing applications.,24535.73,328,3.9,440,115.14,189.01,Carbon Steel,Germany,18,catalog_22.pdf,0.84,Verified
PROD-01448,Hydraulic Valve Model 2447,Hydraulic Valve,WEG,WEG-955-1447,Industrial hydraulic valve designed for manufacturing applications.,23329.1,361,3.1,380,247.95,699.1,Cast Iron,Italy,36,catalog_23.pdf,0.89,Needs Review
PROD-01449,Hydraulic Valve Model 2448,Hydraulic Valve,WEG,WEG-252-1448,Industrial hydraulic valve designed for manufacturing applications.,23363.18,172,4.1,415,57.11,408.53,Aluminum,Japan,36,catalog_24.pdf,0.97,Needs Review
PROD-01450,Industrial Pump Model 2449,Industrial Pump,Siemens,SIE-848-1449,Industrial industrial pump designed for manufacturing applications.,10205.04,180,3.8,415,78.05,1524.41,Aluminum,China,36,catalog_25.pdf,0.81,Needs Review
PROD-01451,Electric Motor Model 2450,Electric Motor,Schneider Electric,SCH-410-1450,Industrial electric motor designed for manufacturing applications.,11852.55,314,4.5,220,246.07,556.8,Aluminum,USA,12,catalog_01.pdf,0.92,Needs Review
PROD-01452,Conveyor System Model 2451,Conveyor System,ABB,ABB-913-1451,Industrial conveyor system designed for manufacturing applications.,17714.48,295,3.6,480,208.02,1785.42,Carbon Steel,Japan,12,catalog_02.pdf,0.87,Needs Review
PROD-01453,Air Compressor Model 2452,Air Compressor,ABB,ABB-643-1452,Industrial air compressor designed for manufacturing applications.,23074.25,483,4.2,440,117.71,71.43,Carbon Steel,India,18,catalog_03.pdf,0.97,Verified
PROD-01454,Welding Machine Model 2453,Welding Machine,ABB,ABB-666-1453,Industrial welding machine designed for manufacturing applications.,3764.36,60,4.1,400,138.87,232.64,Alloy Steel,China,24,catalog_04.pdf,0.82,Needs Review
PROD-01455,Air Compressor Model 2454,Air Compressor,Schneider Electric,SCH-963-1454,Industrial air compressor designed for manufacturing applications.,7779.99,112,3.0,440,210.87,405.9,Carbon Steel,Switzerland,18,catalog_05.pdf,0.79,Verified
PROD-01456,Conveyor System Model 2455,Conveyor System,Siemens,SIE-488-1455,Industrial conveyor system designed for manufacturing applications.,3696.36,477,3.1,230,120.5,1460.37,Alloy Steel,China,36,catalog_06.pdf,0.96,Verified
PROD-01457,Conveyor System Model 2456,Conveyor System,Schneider Electric,SCH-647-1456,Industrial conveyor system designed for manufacturing applications.,15397.21,300,3.6,415,51.9,1581.57,Alloy Steel,Switzerland,36,catalog_07.pdf,0.71,Verified
PROD-01458,Electric Motor Model 2457,Electric Motor,ABB,ABB-721-1457,Industrial electric motor designed for manufacturing applications.,7830.95,465,4.8,220,207.2,130.47,Aluminum,Italy,6,catalog_08.pdf,0.74,Verified
PROD-01459,Conveyor System Model 2458,Conveyor System,Crompton,CRO-276-1458,Industrial conveyor system designed for manufacturing applications.,8321.17,328,3.3,220,134.67,60.36,Carbon Steel,Italy,18,catalog_09.pdf,0.72,Verified
PROD-01460,Industrial Pump Model 2459,Industrial Pump,Bosch Rexroth,BOS-461-1459,Industrial industrial pump designed for manufacturing applications.,2005.17,306,4.4,400,38.68,1340.71,Alloy Steel,USA,36,catalog_10.pdf,0.94,Verified
PROD-01461,Gearbox Model 2460,Gearbox,Honeywell,HON-413-1460,Industrial gearbox designed for manufacturing applications.,8907.45,338,4.9,400,126.64,241.77,Cast Iron,China,36,catalog_11.pdf,0.7,Verified
PROD-01462,Conveyor System Model 2461,Conveyor System,Schneider Electric,SCH-906-1461,Industrial conveyor system designed for manufacturing applications.,21596.79,145,4.6,400,103.59,241.13,Cast Iron,Italy,24,catalog_12.pdf,0.95,Needs Review
PROD-01463,Air Compressor Model 2462,Air Compressor,Siemens,SIE-947-1462,Industrial air compressor designed for manufacturing applications.,6018.55,159,3.5,230,219.27,42.22,Carbon Steel,India,6,catalog_13.pdf,0.83,Verified
PROD-01464,Conveyor System Model 2463,Conveyor System,Siemens,SIE-196-1463,Industrial conveyor system designed for manufacturing applications.,17455.89,266,4.8,220,31.95,91.55,Aluminum,Switzerland,18,catalog_14.pdf,0.7,Verified
PROD-01465,Industrial Pump Model 2464,Industrial Pump,Atlas Copco,ATL-980-1464,Industrial industrial pump designed for manufacturing applications.,15833.3,277,3.2,380,218.86,476.09,Aluminum,South Korea,12,catalog_15.pdf,0.82,Needs Review
PROD-01466,Industrial Fan Model 2465,Industrial Fan,Bosch Rexroth,BOS-312-1465,Industrial industrial fan designed for manufacturing applications.,21621.24,424,3.9,230,128.3,118.88,Alloy Steel,South Korea,18,catalog_16.pdf,0.75,Needs Review
PROD-01467,Industrial Fan Model 2466,Industrial Fan,Rockwell Automation,ROC-928-1466,Industrial industrial fan designed for manufacturing applications.,3524.13,236,4.8,110,101.39,665.24,Carbon Steel,South Korea,18,catalog_17.pdf,0.88,Needs Review
PROD-01468,Hydraulic Valve Model 2467,Hydraulic Valve,WEG,WEG-236-1467,Industrial hydraulic valve designed for manufacturing applications.,24445.35,245,4.3,480,40.91,1499.33,Cast Iron,Italy,24,catalog_18.pdf,0.9,Verified
PROD-01469,Welding Machine Model 2468,Welding Machine,ABB,ABB-105-1468,Industrial welding machine designed for manufacturing applications.,14670.06,359,3.8,480,175.35,588.72,Alloy Steel,China,18,catalog_19.pdf,0.84,Needs Review
PROD-01470,Generator Model 2469,Generator,Rockwell Automation,ROC-208-1469,Industrial generator designed for manufacturing applications.,24887.99,341,3.6,415,231.74,1310.65,Alloy Steel,South Korea,24,catalog_20.pdf,0.71,Verified
PROD-01471,Gearbox Model 2470,Gearbox,Atlas Copco,ATL-646-1470,Industrial gearbox designed for manufacturing applications.,22809.99,493,3.8,480,94.16,170.85,Stainless Steel,Germany,24,catalog_21.pdf,0.89,Verified
PROD-01472,Control Panel Model 2471,Control Panel,ABB,ABB-138-1471,Industrial control panel designed for manufacturing applications.,5732.55,262,4.0,400,60.78,1187.56,Carbon Steel,Japan,36,catalog_22.pdf,0.94,Verified
PROD-01473,Hydraulic Valve Model 2472,Hydraulic Valve,Bosch Rexroth,BOS-761-1472,Industrial hydraulic valve designed for manufacturing applications.,1640.01,253,3.6,220,138.94,571.51,Alloy Steel,China,12,catalog_23.pdf,0.91,Verified
PROD-01474,Welding Machine Model 2473,Welding Machine,Atlas Copco,ATL-524-1473,Industrial welding machine designed for manufacturing applications.,6577.07,81,4.9,480,199.15,1350.06,Cast Iron,Switzerland,24,catalog_24.pdf,0.94,Verified
PROD-01475,Industrial Fan Model 2474,Industrial Fan,ABB,ABB-729-1474,Industrial industrial fan designed for manufacturing applications.,13307.2,184,4.9,415,1.44,246.98,Stainless Steel,India,6,catalog_25.pdf,0.76,Verified
PROD-01476,Air Compressor Model 2475,Air Compressor,Bosch Rexroth,BOS-360-1475,Industrial air compressor designed for manufacturing applications.,4497.01,70,4.7,480,158.03,1616.39,Cast Iron,China,6,catalog_01.pdf,0.96,Verified
PROD-01477,Control Panel Model 2476,Control Panel,Kirloskar,KIR-525-1476,Industrial control panel designed for manufacturing applications.,4394.63,312,3.8,440,149.33,438.15,Aluminum,India,12,catalog_02.pdf,0.79,Needs Review
PROD-01478,Welding Machine Model 2477,Welding Machine,Rockwell Automation,ROC-186-1477,Industrial welding machine designed for manufacturing applications.,11699.19,352,4.4,230,79.88,636.94,Stainless Steel,China,24,catalog_03.pdf,0.7,Needs Review
PROD-01479,Welding Machine Model 2478,Welding Machine,Rockwell Automation,ROC-564-1478,Industrial welding machine designed for manufacturing applications.,1073.38,175,4.8,110,113.13,1710.42,Stainless Steel,South Korea,12,catalog_04.pdf,0.94,Verified
PROD-01480,Hydraulic Valve Model 2479,Hydraulic Valve,WEG,WEG-175-1479,Industrial hydraulic valve designed for manufacturing applications.,3266.73,478,4.7,440,62.12,1042.11,Alloy Steel,Japan,36,catalog_05.pdf,0.97,Verified
PROD-01481,Control Panel Model 2480,Control Panel,Bosch Rexroth,BOS-570-1480,Industrial control panel designed for manufacturing applications.,10542.57,26,3.8,230,197.58,659.66,Aluminum,Japan,6,catalog_06.pdf,0.89,Verified
PROD-01482,Electric Motor Model 2481,Electric Motor,Schneider Electric,SCH-513-1481,Industrial electric motor designed for manufacturing applications.,1812.47,371,3.2,230,158.82,1709.38,Alloy Steel,India,18,catalog_07.pdf,0.77,Needs Review
PROD-01483,Generator Model 2482,Generator,Kirloskar,KIR-924-1482,Industrial generator designed for manufacturing applications.,10069.69,111,3.2,380,133.41,593.68,Carbon Steel,China,6,catalog_08.pdf,0.77,Verified
PROD-01484,Electric Motor Model 2483,Electric Motor,Crompton,CRO-994-1483,Industrial electric motor designed for manufacturing applications.,11981.66,443,4.2,480,98.44,172.58,Cast Iron,Japan,24,catalog_09.pdf,0.84,Verified
PROD-01485,Control Panel Model 2484,Control Panel,ABB,ABB-825-1484,Industrial control panel designed for manufacturing applications.,11418.85,327,4.3,415,73.2,1794.33,Cast Iron,USA,12,catalog_10.pdf,0.96,Verified
PROD-01486,Electric Motor Model 2485,Electric Motor,Kirloskar,KIR-556-1485,Industrial electric motor designed for manufacturing applications.,21762.08,231,4.7,380,205.77,483.59,Alloy Steel,China,6,catalog_11.pdf,0.74,Verified
PROD-01487,Industrial Pump Model 2486,Industrial Pump,Bosch Rexroth,BOS-384-1486,Industrial industrial pump designed for manufacturing applications.,13369.05,448,3.6,230,113.13,1532.56,Cast Iron,Japan,18,catalog_12.pdf,0.94,Verified
PROD-01488,Industrial Fan Model 2487,Industrial Fan,Honeywell,HON-338-1487,Industrial industrial fan designed for manufacturing applications.,11832.52,446,3.3,480,125.61,299.64,Cast Iron,Germany,18,catalog_13.pdf,0.78,Verified
PROD-01489,Industrial Pump Model 2488,Industrial Pump,ABB,ABB-776-1488,Industrial industrial pump designed for manufacturing applications.,10415.05,400,3.8,110,130.45,1316.97,Carbon Steel,Germany,12,catalog_14.pdf,0.93,Needs Review
PROD-01490,Conveyor System Model 2489,Conveyor System,Siemens,SIE-698-1489,Industrial conveyor system designed for manufacturing applications.,20486.18,220,3.7,220,112.37,944.96,Aluminum,USA,12,catalog_15.pdf,0.97,Needs Review
PROD-01491,Electric Motor Model 2490,Electric Motor,Rockwell Automation,ROC-752-1490,Industrial electric motor designed for manufacturing applications.,22402.65,73,3.3,220,64.39,1765.67,Stainless Steel,Japan,6,catalog_16.pdf,0.82,Needs Review
PROD-01492,Conveyor System Model 2491,Conveyor System,Bosch Rexroth,BOS-771-1491,Industrial conveyor system designed for manufacturing applications.,21367.75,88,4.3,480,30.52,995.99,Alloy Steel,Germany,24,catalog_17.pdf,0.81,Verified
PROD-01493,Air Compressor Model 2492,Air Compressor,Siemens,SIE-657-1492,Industrial air compressor designed for manufacturing applications.,16920.28,107,4.0,440,25.09,46.98,Alloy Steel,South Korea,36,catalog_18.pdf,0.93,Verified
PROD-01494,Gearbox Model 2493,Gearbox,WEG,WEG-471-1493,Industrial gearbox designed for manufacturing applications.,3649.7,43,4.4,415,189.49,1087.77,Carbon Steel,China,18,catalog_19.pdf,0.85,Needs Review
PROD-01495,Air Compressor Model 2494,Air Compressor,Atlas Copco,ATL-594-1494,Industrial air compressor designed for manufacturing applications.,7102.53,17,3.7,400,56.27,263.28,Carbon Steel,Italy,12,catalog_20.pdf,0.9,Needs Review
PROD-01496,Control Panel Model 2495,Control Panel,Crompton,CRO-723-1495,Industrial control panel designed for manufacturing applications.,1390.06,301,3.7,400,14.39,1437.78,Stainless Steel,Japan,36,catalog_21.pdf,0.88,Verified
PROD-01497,Welding Machine Model 2496,Welding Machine,Crompton,CRO-144-1496,Industrial welding machine designed for manufacturing applications.,23287.9,317,3.9,220,199.48,1542.11,Aluminum,Switzerland,36,catalog_22.pdf,0.74,Verified
PROD-01498,Industrial Fan Model 2497,Industrial Fan,Siemens,SIE-500-1497,Industrial industrial fan designed for manufacturing applications.,16604.76,185,4.8,230,38.94,868.8,Alloy Steel,USA,36,catalog_23.pdf,0.94,Verified
PROD-01499,Electric Motor Model 2498,Electric Motor,Rockwell Automation,ROC-346-1498,Industrial electric motor designed for manufacturing applications.,18722.48,497,3.1,230,156.47,1410.23,Carbon Steel,Japan,24,catalog_24.pdf,0.76,Verified
PROD-01500,Hydraulic Valve Model 2499,Hydraulic Valve,WEG,WEG-715-1499,Industrial hydraulic valve designed for manufacturing applications.,7961.4,272,4.6,380,84.99,262.91,Alloy Steel,India,12,catalog_25.pdf,0.97,Needs Review
