product_id,product_name,category,brand,model_number,description,price_usd,stock_quantity,rating,voltage_v,power_kw,weight_kg,material,country_of_origin,warranty_months,source_document,ai_confidence_score,validation_status
PROD-00001,Pressure Sensor,Sensors,ABB,ABB-859-X,Electronic pressure sensor for industrial monitoring and automation.,4594.68,35,4.5,415.0,111.16,463.65,Polycarbonate,India,6.0,Manufacturer Website,0.75,Verified
PROD-00002,Industrial Robot Arm,Robotics,Bosch Rexroth,BOS-833-PRO,Programmable robotic arm for industrial assembly and handling.,4144.41,150,3.7,440.0,1.22,684.99,Polycarbonate,USA,18.0,Manufacturer Website,0.76,Verified
PROD-00003,Ball Bearing,Bearings,Honeywell,HON-199-X,Precision bearing for rotating industrial machinery.,15691.61,154,3.7,110.0,109.53,455.89,Polycarbonate,India,36.0,Product Catalog,0.8,Verified
PROD-00004,Industrial Gearbox,Power Transmission,ABB,ABB-777-B,Industrial gearbox for speed reduction and high torque transmission.,14321.05,20,4.7,440.0,15.37,236.42,Nylon,Germany,18.0,Manufacturer Website,0.82,Verified
PROD-00005,Flow Control Valve,Valves,Danfoss,DAN-275-B,Precision valve for regulating industrial fluid flow.,3094.06,97,3.7,415.0,103.3,186.83,Nylon,Sweden,6.0,Technical PDF,0.78,Verified
PROD-00006,Welding Machine,Fabrication,Grundfos,GRU-167-B,Industrial welding machine for metal fabrication.,16900.4,145,4.8,230.0,,424.45,Alloy Steel,Germany,18.0,Supplier Catalog,0.76,Verified
PROD-00007,Photoelectric Sensor,Sensors,Honeywell,HON-470-B,Optical sensor for industrial object detection.,18450.75,35,4.1,110.0,113.43,731.97,Aluminium,China,12.0,Manufacturer Website,0.93,Needs Review
PROD-00008,Industrial Transformer,Electrical,Honeywell,HON-710-PRO,Electrical transformer for industrial voltage conversion.,9828.64,248,4.2,110.0,102.12,97.55,Brass,Sweden,18.0,Product Catalog,0.75,Needs Review
PROD-00009,Level Sensor,Sensors,ABB,ABB-839-X,Industrial sensor for liquid-level measurement.,17982.32,195,3.5,110.0,130.61,253.82,Cast Iron,Germany,18.0,Technical PDF,0.93,Verified
PROD-00010,Industrial Heater,Heating,ABB,ABB-214-X,Electric industrial heater for process temperature control.,16266.66,212,4.7,220.0,8.92,746.33,Carbon Steel,India,24.0,Product Catalog,0.94,Verified
PROD-00011,Proximity Sensor,Sensors,Rockwell Automation,ROC-269-X,Non-contact sensor for detecting objects in automation systems.,9802.11,155,4.0,220.0,139.35,642.02,Cast Iron,China,18.0,Supplier Catalog,0.83,Verified
PROD-00012,Stainless Steel Tank,Storage,Emerson,EME-223-B,Corrosion-resistant storage tank for industrial liquids.,4222.8,86,3.2,400.0,34.71,187.34,Carbon Steel,China,6.0,Technical PDF,0.78,Verified
PROD-00013,Industrial Gearbox,Power Transmission,Rockwell Automation,ROC-343-X,Industrial gearbox for speed reduction and high torque transmission.,12404.23,54,4.2,415.0,140.34,485.47,Alloy Steel,Germany,24.0,Manufacturer Website,0.94,Verified
PROD-00014,Roller Bearing,Bearings,Danfoss,DAN-541-X,Heavy-load roller bearing for industrial rotating equipment.,7885.2,119,4.8,110.0,101.09,836.54,Carbon Steel,India,24.0,Product Catalog,0.92,Verified
PROD-00015,Solenoid Valve,Valves,Bosch Rexroth,BOS-649-PRO,Electrically operated valve for automated fluid control.,2666.46,46,3.7,220.0,131.2,64.26,Carbon Steel,India,36.0,Product Catalog,0.95,Verified
PROD-00016,Control Valve,Valves,Honeywell,HON-597-PRO,Modulating valve for automated process flow control.,4021.16,102,4.8,220.0,57.0,837.52,Brass,Sweden,24.0,Product Catalog,0.8,Needs Review
PROD-00017,Solenoid Valve,Valves,Grundfos,GRU-322-A,Electrically operated valve for automated fluid control.,10750.61,138,3.3,230.0,8.81,496.63,Aluminium,India,36.0,Manufacturer Website,0.74,Verified
PROD-00018,Flow Control Valve,Valves,Siemens,SIE-791-B,Precision valve for regulating industrial fluid flow.,7520.53,241,4.8,220.0,86.94,33.97,Carbon Steel,Japan,36.0,Technical PDF,0.87,Verified
PROD-00019,Hydraulic Pump,Pumps,Danfoss,DAN-833-X,High-pressure hydraulic pump for industrial power systems.,4480.4,101,3.4,415.0,45.17,268.89,Carbon Steel,India,24.0,Manufacturer Website,0.89,Verified
PROD-00020,Mixing Tank,Process Equipment,Bosch Rexroth,BOS-618-X,Industrial tank designed for controlled mixing of process materials.,2524.19,89,4.8,220.0,55.59,134.25,Brass,Italy,36.0,Manufacturer Website,0.72,Verified
PROD-00021,Temperature Sensor,Sensors,Grundfos,GRU-218-A,Industrial temperature sensor for process monitoring.,13756.6,39,3.7,400.0,31.79,291.58,Brass,Italy,24.0,Manufacturer Website,0.79,Verified
PROD-00022,Pneumatic Actuator,Pneumatics,Festo,FES-383-A,Pneumatic actuator for automated industrial valve operation.,150.29,197,3.4,230.0,24.45,375.67,,Italy,6.0,Manufacturer Website,0.75,Verified
PROD-00023,Circuit Breaker,Electrical,Eaton,EAT-665-B,Protective electrical breaker for industrial distribution systems.,7999.52,10,3.8,440.0,145.84,34.1,Nylon,Germany,12.0,Supplier Catalog,0.9,Verified
PROD-00024,Gear Pump,Pumps,Mitsubishi Electric,MIT-258-B,Positive-displacement gear pump for industrial fluid transfer.,16006.71,249,4.6,220.0,132.24,21.26,Nylon,Sweden,24.0,Technical PDF,0.94,Verified
PROD-00025,Control Valve,Valves,Parker,PAR-818-A,Modulating valve for automated process flow control.,7129.51,9,4.7,220.0,30.14,780.7,,USA,12.0,Supplier Catalog,0.78,Verified
PROD-00026,Variable Frequency Drive,Automation,Grundfos,GRU-985-A,Drive controller for variable-speed industrial motors.,17890.26,71,3.8,400.0,60.1,833.98,Nylon,India,6.0,Product Catalog,0.96,Verified
PROD-00027,Photoelectric Sensor,Sensors,Grundfos,GRU-139-A,Optical sensor for industrial object detection.,11070.86,88,4.5,230.0,65.6,836.6,Carbon Steel,Japan,36.0,Supplier Catalog,0.77,Verified
PROD-00028,Industrial Centrifugal Pump,Pumps,Rockwell Automation,ROC-925-B,High-efficiency pump for industrial water and process fluid transfer.,6792.14,17,4.9,230.0,93.57,563.95,Carbon Steel,China,18.0,Technical PDF,0.86,Needs Review
PROD-00029,Welding Machine,Fabrication,Mitsubishi Electric,MIT-402-B,Industrial welding machine for metal fabrication.,3617.74,170,4.9,415.0,112.28,148.09,Brass,Japan,36.0,Technical PDF,0.95,Verified
PROD-00030,Hydraulic Pump,Pumps,Honeywell,HON-904-X,High-pressure hydraulic pump for industrial power systems.,8647.76,113,4.4,400.0,71.11,766.02,Aluminium,China,6.0,Manufacturer Website,0.8,Verified
PROD-00031,Conveyor Belt,Material Handling,Danfoss,DAN-417-B,Heavy-duty conveyor belt for continuous material transportation.,14937.86,37,3.2,220.0,147.59,519.66,Carbon Steel,Japan,24.0,Supplier Catalog,0.96,Verified
PROD-00032,Industrial Heater,Heating,Honeywell,HON-349-B,Electric industrial heater for process temperature control.,12166.31,1,4.8,440.0,115.56,90.78,Polycarbonate,Germany,12.0,Manufacturer Website,0.94,Needs Review
PROD-00033,Industrial Robot Arm,Robotics,Bosch Rexroth,BOS-968-A,Programmable robotic arm for industrial assembly and handling.,8490.74,205,4.0,400.0,148.19,506.22,Alloy Steel,Italy,36.0,Product Catalog,0.84,Needs Review
PROD-00034,Proximity Sensor,Sensors,Emerson,EME-365-B,Non-contact sensor for detecting objects in automation systems.,15551.08,70,4.6,400.0,72.82,203.51,Alloy Steel,India,18.0,Technical PDF,0.78,Verified
PROD-00035,Mixing Tank,Process Equipment,Siemens,SIE-241-B,,4343.68,177,3.5,220.0,9.87,346.58,Alloy Steel,Japan,6.0,Supplier Catalog,0.78,Needs Review
PROD-00036,Photoelectric Sensor,Sensors,Mitsubishi Electric,MIT-120-PRO,Optical sensor for industrial object detection.,8868.58,241,3.8,440.0,58.65,757.92,Polycarbonate,Italy,36.0,Supplier Catalog,0.94,Verified
PROD-00037,Vacuum Pump,Pumps,Grundfos,GRU-546-PRO,Industrial vacuum pump for process and material handling applications.,619.49,86,4.4,440.0,60.8,140.46,Alloy Steel,Germany,36.0,Manufacturer Website,0.86,Needs Review
PROD-00038,Ball Bearing,Bearings,Danfoss,DAN-538-B,Precision bearing for rotating industrial machinery.,16048.07,46,3.3,380.0,49.27,386.6,Nylon,Sweden,24.0,Technical PDF,0.8,Needs Review
PROD-00039,Ball Bearing,Bearings,Emerson,EME-119-A,Precision bearing for rotating industrial machinery.,18498.3,89,3.6,110.0,117.24,554.06,Stainless Steel,Germany,12.0,Product Catalog,0.95,Verified
PROD-00040,Temperature Sensor,Sensors,Emerson,EME-785-A,Industrial temperature sensor for process monitoring.,10470.5,55,4.0,230.0,115.09,142.79,Carbon Steel,Sweden,12.0,Manufacturer Website,0.98,Verified
PROD-00041,PLC Controller,Automation,Eaton,EAT-793-PRO,Programmable logic controller for industrial automation.,7389.39,183,3.6,,103.67,533.23,Carbon Steel,China,18.0,Manufacturer Website,0.95,Verified
PROD-00042,Power Supply,Electrical,Rockwell Automation,ROC-538-X,Industrial regulated power supply for automation equipment.,1354.84,165,3.8,440.0,63.15,416.77,Polycarbonate,USA,24.0,Product Catalog,0.91,Needs Review
PROD-00043,Stainless Steel Tank,Storage,Danfoss,DAN-376-PRO,Corrosion-resistant storage tank for industrial liquids.,8645.65,211,4.5,230.0,48.52,208.82,Carbon Steel,USA,24.0,Supplier Catalog,0.79,Needs Review
PROD-00044,Variable Frequency Drive,Automation,ABB,ABB-606-X,Drive controller for variable-speed industrial motors.,3433.58,54,3.8,230.0,51.22,748.3,Brass,Italy,6.0,Manufacturer Website,0.86,Verified
PROD-00045,Conveyor Belt,Material Handling,Mitsubishi Electric,MIT-516-PRO,Heavy-duty conveyor belt for continuous material transportation.,10308.57,61,4.4,415.0,106.85,,Stainless Steel,India,18.0,Technical PDF,0.78,Verified
PROD-00046,Photoelectric Sensor,Sensors,SKF,SKF-584-X,Optical sensor for industrial object detection.,7920.65,190,4.2,230.0,105.5,230.42,Brass,Germany,6.0,Manufacturer Website,0.91,Verified
PROD-00047,Mixing Tank,Process Equipment,Parker,PAR-806-B,Industrial tank designed for controlled mixing of process materials.,3612.23,189,4.1,415.0,88.54,646.22,Brass,India,12.0,Product Catalog,0.8,Verified
PROD-00048,PLC Controller,Automation,ABB,ABB-825-B,Programmable logic controller for industrial automation.,5136.44,249,3.3,230.0,104.69,107.51,Alloy Steel,India,6.0,Supplier Catalog,0.87,Needs Review
PROD-00049,Pressure Gauge,Instrumentation,SKF,SKF-288-A,Mechanical pressure gauge for industrial process monitoring.,4734.39,220,4.1,440.0,10.04,418.09,Stainless Steel,Germany,12.0,Manufacturer Website,0.94,Verified
PROD-00050,Conveyor Belt,Material Handling,Siemens,SIE-671-PRO,Heavy-duty conveyor belt for continuous material transportation.,11250.34,202,4.3,,78.51,383.05,Alloy Steel,USA,36.0,Manufacturer Website,0.99,Verified
PROD-00051,Gear Pump,Pumps,Mitsubishi Electric,MIT-201-B,Positive-displacement gear pump for industrial fluid transfer.,11603.86,67,4.4,220.0,36.17,469.28,Aluminium,India,24.0,Technical PDF,0.84,Needs Review
PROD-00052,Hydraulic Cylinder,Hydraulics,Bosch Rexroth,BOS-395-X,Heavy-duty hydraulic cylinder for industrial lifting and motion control.,13030.52,116,3.3,220.0,138.61,669.7,Cast Iron,Japan,6.0,Technical PDF,0.87,Verified
PROD-00053,Flow Meter,Instrumentation,Siemens,SIE-161-B,Digital flow meter for accurate industrial fluid measurement.,14681.26,152,4.5,400.0,138.2,373.39,Alloy Steel,China,18.0,Supplier Catalog,0.91,Verified
PROD-00054,Pressure Gauge,Instrumentation,Siemens,SIE-712-A,Mechanical pressure gauge for industrial process monitoring.,16463.72,188,3.8,230.0,4.12,194.74,Stainless Steel,Sweden,18.0,Supplier Catalog,0.88,Verified
PROD-00055,Stainless Steel Tank,Storage,Danfoss,DAN-552-X,Corrosion-resistant storage tank for industrial liquids.,3427.12,149,4.0,440.0,73.89,77.74,Nylon,Japan,18.0,Product Catalog,0.81,Verified
PROD-00056,Variable Frequency Drive,Automation,Honeywell,HON-810-PRO,Drive controller for variable-speed industrial motors.,5392.53,241,3.9,440.0,82.63,386.71,Nylon,USA,18.0,Manufacturer Website,0.75,Needs Review
PROD-00057,Mixing Tank,Process Equipment,Emerson,EME-523-A,Industrial tank designed for controlled mixing of process materials.,3539.33,92,4.3,380.0,93.9,646.04,Cast Iron,USA,36.0,Supplier Catalog,0.76,Verified
PROD-00058,Industrial Heater,Heating,Siemens,SIE-129-B,Electric industrial heater for process temperature control.,13155.65,79,4.2,400.0,61.35,191.15,Carbon Steel,Japan,6.0,Supplier Catalog,0.89,Verified
PROD-00059,Water Filter,Filtration,Rockwell Automation,ROC-822-X,Industrial filtration unit for removing particles from process water.,7736.25,123,5.0,220.0,68.65,123.12,Cast Iron,Italy,36.0,Manufacturer Website,0.92,Verified
PROD-00060,Heat Exchanger,Heat Transfer,Parker,PAR-908-PRO,Industrial heat exchanger for efficient thermal energy transfer.,6343.8,201,4.1,440.0,0.63,617.2,Alloy Steel,Sweden,12.0,Technical PDF,0.84,Needs Review
PROD-00061,Variable Frequency Drive,Automation,Rockwell Automation,ROC-881-PRO,Drive controller for variable-speed industrial motors.,8470.17,82,4.8,415.0,36.01,325.65,Polycarbonate,India,18.0,Supplier Catalog,0.92,Needs Review
PROD-00062,Flow Meter,Instrumentation,Emerson,EME-137-B,Digital flow meter for accurate industrial fluid measurement.,9334.69,151,3.8,110.0,131.16,374.37,Alloy Steel,India,12.0,Manufacturer Website,0.83,Verified
PROD-00063,Proximity Sensor,Sensors,Parker,PAR-371-X,Non-contact sensor for detecting objects in automation systems.,11562.32,101,4.4,440.0,49.45,573.27,Polycarbonate,USA,24.0,Manufacturer Website,0.96,Verified
PROD-00064,Conveyor Belt,Material Handling,Danfoss,DAN-800-X,Heavy-duty conveyor belt for continuous material transportation.,18452.6,191,3.4,110.0,114.12,598.37,Carbon Steel,Japan,12.0,Manufacturer Website,0.91,Verified
PROD-00065,Servo Motor,Motors,Parker,PAR-157-X,Precision servo motor for automated motion-control applications.,6686.1,110,3.5,400.0,61.95,579.59,Aluminium,Germany,12.0,Product Catalog,0.74,Needs Review
PROD-00066,Industrial Heater,Heating,WEG,WEG-697-B,Electric industrial heater for process temperature control.,4360.75,163,3.7,230.0,100.11,764.09,Alloy Steel,USA,36.0,Technical PDF,0.76,Needs Review
PROD-00067,Photoelectric Sensor,Sensors,Grundfos,GRU-754-PRO,Optical sensor for industrial object detection.,12797.12,116,4.7,220.0,149.91,725.36,Carbon Steel,Germany,,Technical PDF,0.87,Verified
PROD-00068,Electric Motor,Motors,Festo,FES-774-PRO,Industrial electric motor designed for continuous-duty machinery.,5139.56,144,4.8,440.0,111.76,41.88,Alloy Steel,Sweden,18.0,Technical PDF,0.93,Verified
PROD-00069,Vacuum Pump,Pumps,Danfoss,DAN-294-X,Industrial vacuum pump for process and material handling applications.,12566.03,184,4.6,415.0,125.79,534.09,Stainless Steel,USA,,Product Catalog,0.73,Verified
PROD-00070,Ball Bearing,Bearings,WEG,WEG-402-X,Precision bearing for rotating industrial machinery.,13849.86,44,3.6,440.0,81.03,825.77,Brass,Sweden,12.0,Technical PDF,0.79,Needs Review
PROD-00071,Variable Frequency Drive,Automation,Parker,PAR-217-PRO,Drive controller for variable-speed industrial motors.,17816.68,36,4.6,220.0,129.06,615.64,Polycarbonate,Sweden,36.0,Manufacturer Website,0.82,Needs Review
PROD-00072,Industrial Fan,HVAC,Rockwell Automation,ROC-226-PRO,High-volume industrial fan for ventilation and cooling.,6872.5,191,4.4,400.0,57.31,542.84,Nylon,India,12.0,Product Catalog,0.85,Verified
PROD-00073,Industrial Gearbox,Power Transmission,Danfoss,DAN-943-PRO,Industrial gearbox for speed reduction and high torque transmission.,16831.37,77,4.4,110.0,21.18,804.33,Brass,Japan,6.0,Supplier Catalog,0.75,Verified
PROD-00074,Level Sensor,Sensors,SKF,SKF-786-PRO,Industrial sensor for liquid-level measurement.,10900.87,186,3.5,380.0,98.32,708.67,Polycarbonate,USA,6.0,Supplier Catalog,0.91,Verified
PROD-00075,Pressure Gauge,Instrumentation,Bosch Rexroth,BOS-975-X,Mechanical pressure gauge for industrial process monitoring.,1914.62,175,3.9,415.0,53.96,338.54,Cast Iron,India,24.0,Manufacturer Website,0.74,Verified
PROD-00076,Air Compressor,Compressors,Parker,PAR-441-B,Industrial compressor for reliable compressed-air generation.,18294.14,201,4.2,110.0,124.52,471.17,Cast Iron,Sweden,12.0,Manufacturer Website,0.81,Verified
PROD-00077,Heat Exchanger,Heat Transfer,Festo,FES-248-B,Industrial heat exchanger for efficient thermal energy transfer.,10033.07,204,3.5,415.0,130.0,112.21,Nylon,Sweden,12.0,Product Catalog,0.88,Verified
PROD-00078,Industrial Fan,HVAC,ABB,ABB-229-PRO,High-volume industrial fan for ventilation and cooling.,9772.86,190,3.3,380.0,116.76,436.35,Carbon Steel,Japan,36.0,Technical PDF,0.78,Verified
PROD-00079,Level Sensor,Sensors,Danfoss,DAN-131-A,Industrial sensor for liquid-level measurement.,18473.98,216,3.9,415.0,,605.6,Alloy Steel,India,6.0,Manufacturer Website,0.81,Verified
PROD-00080,Temperature Sensor,Sensors,Grundfos,GRU-739-X,Industrial temperature sensor for process monitoring.,7099.35,152,4.2,380.0,75.96,365.78,Carbon Steel,Sweden,36.0,Supplier Catalog,0.91,Verified
PROD-00081,Pressure Gauge,Instrumentation,WEG,WEG-333-PRO,Mechanical pressure gauge for industrial process monitoring.,6326.43,116,3.9,415.0,14.49,362.86,Brass,USA,12.0,Manufacturer Website,0.91,Needs Review
PROD-00082,Ball Bearing,Bearings,Festo,FES-187-A,Precision bearing for rotating industrial machinery.,8038.01,190,4.5,440.0,19.73,51.17,Nylon,China,6.0,Manufacturer Website,0.83,Needs Review
PROD-00083,Water Filter,Filtration,Eaton,EAT-419-X,Industrial filtration unit for removing particles from process water.,1992.8,129,3.6,415.0,72.46,720.21,Nylon,Sweden,36.0,Product Catalog,0.82,Verified
PROD-00084,Pneumatic Actuator,Pneumatics,Festo,FES-674-A,Pneumatic actuator for automated industrial valve operation.,11299.64,168,4.7,230.0,4.59,232.43,Brass,USA,18.0,Supplier Catalog,0.72,Verified
PROD-00085,Industrial Gearbox,Power Transmission,Schneider Electric,SCH-858-A,Industrial gearbox for speed reduction and high torque transmission.,1774.72,135,3.6,380.0,68.18,133.97,Brass,China,18.0,Manufacturer Website,0.93,Verified
PROD-00086,Flow Meter,Instrumentation,Schneider Electric,SCH-872-A,Digital flow meter for accurate industrial fluid measurement.,12496.13,69,4.0,380.0,72.98,375.85,Brass,Germany,36.0,Manufacturer Website,0.75,Needs Review
PROD-00087,Water Filter,Filtration,Danfoss,DAN-794-PRO,Industrial filtration unit for removing particles from process water.,9788.49,78,3.3,380.0,147.67,46.75,Cast Iron,USA,12.0,Technical PDF,0.93,Verified
PROD-00088,Servo Motor,Motors,Siemens,SIE-107-PRO,Precision servo motor for automated motion-control applications.,13841.27,44,3.4,400.0,105.62,425.32,Nylon,India,24.0,Supplier Catalog,0.95,Verified
PROD-00089,Electric Motor,Motors,Emerson,EME-179-X,Industrial electric motor designed for continuous-duty machinery.,10687.6,146,3.9,415.0,62.8,98.07,Stainless Steel,USA,12.0,Technical PDF,0.94,Needs Review
PROD-00090,Ball Bearing,Bearings,Honeywell,HON-964-A,Precision bearing for rotating industrial machinery.,4565.67,150,3.9,110.0,59.52,263.87,Nylon,Germany,,Manufacturer Website,0.93,Verified
PROD-00091,Stainless Steel Tank,Storage,Rockwell Automation,ROC-298-X,Corrosion-resistant storage tank for industrial liquids.,6550.5,245,4.7,440.0,22.37,87.56,Brass,Germany,12.0,Product Catalog,0.88,Verified
PROD-00092,Industrial Heater,Heating,Emerson,EME-872-PRO,Electric industrial heater for process temperature control.,12628.07,225,4.2,415.0,147.98,274.86,Nylon,Germany,24.0,Technical PDF,0.74,Needs Review
PROD-00093,Heat Exchanger,Heat Transfer,Eaton,EAT-157-X,Industrial heat exchanger for efficient thermal energy transfer.,9427.61,79,4.0,110.0,8.77,706.98,Carbon Steel,China,6.0,Supplier Catalog,0.89,Needs Review
PROD-00094,Photoelectric Sensor,Sensors,Rockwell Automation,ROC-910-A,Optical sensor for industrial object detection.,8366.85,207,4.2,220.0,48.4,404.39,Aluminium,India,24.0,Manufacturer Website,0.75,Verified
PROD-00095,Cooling Tower Fan,HVAC,Danfoss,DAN-276-A,High-capacity fan for industrial cooling tower systems.,4647.2,112,5.0,400.0,78.53,135.1,Nylon,USA,24.0,Manufacturer Website,0.83,Verified
PROD-00096,Variable Frequency Drive,Automation,Siemens,SIE-437-A,Drive controller for variable-speed industrial motors.,10359.89,98,3.7,415.0,127.77,819.76,Aluminium,USA,6.0,Technical PDF,0.88,Verified
PROD-00097,PLC Controller,Automation,Danfoss,DAN-815-PRO,Programmable logic controller for industrial automation.,2459.64,181,4.9,230.0,83.95,547.04,Nylon,Sweden,12.0,Supplier Catalog,0.9,Verified
PROD-00098,Cooling Tower Fan,HVAC,SKF,SKF-118-X,High-capacity fan for industrial cooling tower systems.,5772.77,243,3.6,440.0,73.07,192.72,Aluminium,Germany,6.0,Manufacturer Website,0.8,Verified
PROD-00099,Variable Frequency Drive,Automation,WEG,WEG-884-B,Drive controller for variable-speed industrial motors.,11083.29,39,3.5,440.0,104.0,531.1,Aluminium,China,24.0,Product Catalog,0.73,Verified
PROD-00100,Pressure Gauge,Instrumentation,Eaton,EAT-391-PRO,Mechanical pressure gauge for industrial process monitoring.,4394.16,61,3.8,440.0,117.71,768.4,Cast Iron,USA,36.0,Technical PDF,0.99,Needs Review
PROD-00101,Industrial Transformer,Electrical,Rockwell Automation,ROC-640-PRO,Electrical transformer for industrial voltage conversion.,17878.83,209,3.6,400.0,20.98,212.65,Alloy Steel,Sweden,18.0,Manufacturer Website,0.87,Verified
PROD-00102,Water Filter,Filtration,Siemens,SIE-881-B,Industrial filtration unit for removing particles from process water.,5108.45,231,4.1,440.0,65.76,804.46,Cast Iron,Sweden,24.0,Supplier Catalog,0.96,Verified
PROD-00103,Air Compressor,Compressors,Honeywell,HON-614-X,Industrial compressor for reliable compressed-air generation.,4426.85,20,3.9,110.0,47.97,84.4,Nylon,Sweden,12.0,Supplier Catalog,0.76,Verified
PROD-00104,Temperature Sensor,Sensors,Parker,PAR-822-PRO,Industrial temperature sensor for process monitoring.,8346.0,1,4.8,110.0,38.57,709.75,,India,18.0,Manufacturer Website,0.78,Verified
PROD-00105,Conveyor Belt,Material Handling,Honeywell,HON-754-PRO,Heavy-duty conveyor belt for continuous material transportation.,1241.59,214,4.8,400.0,80.52,537.24,Cast Iron,China,12.0,Technical PDF,0.8,Verified
PROD-00106,Conveyor Belt,Material Handling,Eaton,EAT-526-B,Heavy-duty conveyor belt for continuous material transportation.,12319.4,21,4.1,230.0,10.38,447.25,Stainless Steel,Japan,24.0,Technical PDF,0.73,Needs Review
PROD-00107,Industrial Fan,HVAC,Mitsubishi Electric,MIT-116-X,High-volume industrial fan for ventilation and cooling.,14605.6,88,3.6,415.0,94.33,655.82,Nylon,Germany,6.0,Product Catalog,0.82,Verified
PROD-00108,Level Sensor,Sensors,Mitsubishi Electric,MIT-590-B,Industrial sensor for liquid-level measurement.,15028.73,16,4.5,380.0,5.79,171.51,Cast Iron,India,18.0,Supplier Catalog,0.97,Needs Review
PROD-00109,Industrial Fan,HVAC,ABB,ABB-871-B,,5353.73,220,4.6,440.0,98.45,232.38,Nylon,Japan,24.0,Technical PDF,0.92,Needs Review
PROD-00110,Butterfly Valve,Valves,Emerson,EME-808-PRO,Compact industrial valve for isolating and controlling pipelines.,6849.69,204,4.1,440.0,12.62,360.94,Polycarbonate,Italy,12.0,Manufacturer Website,0.87,Verified
PROD-00111,Ball Bearing,Bearings,SKF,SKF-776-X,Precision bearing for rotating industrial machinery.,5729.12,154,4.5,220.0,103.54,298.94,Stainless Steel,China,18.0,Technical PDF,0.89,Needs Review
PROD-00112,Air Compressor,Compressors,Siemens,SIE-787-PRO,Industrial compressor for reliable compressed-air generation.,6775.37,205,4.5,220.0,142.93,121.53,Alloy Steel,India,12.0,Technical PDF,0.74,Verified
PROD-00113,Industrial Transformer,Electrical,Eaton,EAT-133-B,Electrical transformer for industrial voltage conversion.,12589.93,242,3.9,380.0,,487.92,Nylon,Japan,18.0,Manufacturer Website,0.9,Verified
PROD-00114,Electric Motor,Motors,Mitsubishi Electric,MIT-290-PRO,Industrial electric motor designed for continuous-duty machinery.,9619.28,233,4.2,230.0,116.3,598.49,Cast Iron,Italy,18.0,Product Catalog,0.91,Needs Review
PROD-00115,Pressure Sensor,Sensors,Schneider Electric,SCH-973-A,Electronic pressure sensor for industrial monitoring and automation.,8409.37,230,4.5,110.0,121.62,822.43,Nylon,China,18.0,Technical PDF,0.91,Verified
PROD-00116,Control Valve,Valves,Mitsubishi Electric,MIT-826-B,Modulating valve for automated process flow control.,14700.92,130,3.6,220.0,118.86,201.38,Alloy Steel,India,18.0,Supplier Catalog,0.87,Verified
PROD-00117,Industrial Robot Arm,Robotics,Schneider Electric,SCH-726-A,Programmable robotic arm for industrial assembly and handling.,1295.75,101,5.0,415.0,71.93,349.29,Polycarbonate,Sweden,36.0,Manufacturer Website,0.74,Verified
PROD-00118,Pressure Gauge,Instrumentation,Emerson,EME-796-X,Mechanical pressure gauge for industrial process monitoring.,2448.28,212,4.6,415.0,88.27,652.66,Aluminium,Japan,36.0,Manufacturer Website,0.97,Verified
PROD-00119,Stainless Steel Tank,Storage,Schneider Electric,SCH-411-B,Corrosion-resistant storage tank for industrial liquids.,3067.62,239,4.5,230.0,142.14,441.16,,Sweden,6.0,Product Catalog,0.79,Verified
PROD-00120,PLC Controller,Automation,Eaton,EAT-646-A,Programmable logic controller for industrial automation.,9339.88,43,4.3,400.0,23.34,559.99,Nylon,Sweden,36.0,Manufacturer Website,0.73,Verified
PROD-00121,Hydraulic Cylinder,Hydraulics,Danfoss,DAN-889-X,Heavy-duty hydraulic cylinder for industrial lifting and motion control.,12075.56,196,4.2,,95.94,423.43,Brass,China,18.0,Technical PDF,0.85,Needs Review
PROD-00122,Level Sensor,Sensors,Siemens,SIE-805-A,Industrial sensor for liquid-level measurement.,2996.05,106,4.1,220.0,51.19,122.29,Nylon,China,18.0,Technical PDF,0.98,Verified
PROD-00123,Cooling Tower Fan,HVAC,Rockwell Automation,ROC-208-X,High-capacity fan for industrial cooling tower systems.,4536.6,31,3.7,220.0,21.35,43.2,Polycarbonate,Sweden,36.0,Technical PDF,0.83,Verified
PROD-00124,Safety Relay,Safety,Mitsubishi Electric,MIT-420-B,Safety control relay for industrial machine protection.,14137.88,127,5.0,380.0,74.94,262.4,Stainless Steel,India,24.0,Product Catalog,0.86,Verified
PROD-00125,Photoelectric Sensor,Sensors,SKF,SKF-149-A,Optical sensor for industrial object detection.,5266.18,152,4.8,415.0,100.96,243.03,Stainless Steel,Sweden,6.0,Technical PDF,0.84,Verified
PROD-00126,Welding Machine,Fabrication,SKF,SKF-146-PRO,Industrial welding machine for metal fabrication.,1027.07,143,3.6,400.0,43.47,328.52,Alloy Steel,Sweden,36.0,Product Catalog,0.8,Verified
PROD-00127,Roller Bearing,Bearings,Honeywell,HON-482-X,Heavy-load roller bearing for industrial rotating equipment.,10357.47,93,4.6,220.0,90.47,341.3,Stainless Steel,India,6.0,Supplier Catalog,0.76,Verified
PROD-00128,Stainless Steel Tank,Storage,Emerson,EME-252-B,Corrosion-resistant storage tank for industrial liquids.,6124.49,156,3.8,380.0,148.59,628.47,Brass,Italy,18.0,Technical PDF,0.86,Needs Review
PROD-00129,Proximity Sensor,Sensors,Festo,FES-117-X,Non-contact sensor for detecting objects in automation systems.,6184.78,28,5.0,400.0,46.32,763.97,Stainless Steel,Italy,24.0,Manufacturer Website,0.79,Verified
PROD-00130,Photoelectric Sensor,Sensors,Emerson,EME-274-PRO,Optical sensor for industrial object detection.,2806.29,174,3.6,400.0,142.24,93.59,Stainless Steel,Japan,18.0,Product Catalog,0.83,Needs Review
PROD-00131,Air Dryer,Compressors,Rockwell Automation,ROC-893-PRO,Compressed-air dryer for moisture removal in pneumatic systems.,16157.94,188,4.5,415.0,20.93,176.4,Nylon,China,24.0,Product Catalog,0.86,Verified
PROD-00132,Level Sensor,Sensors,WEG,WEG-645-X,Industrial sensor for liquid-level measurement.,10144.62,173,4.6,415.0,102.19,683.14,Brass,Italy,24.0,Technical PDF,0.77,Verified
PROD-00133,Industrial Robot Arm,Robotics,Grundfos,GRU-330-X,Programmable robotic arm for industrial assembly and handling.,14286.17,180,3.6,415.0,73.48,407.94,Brass,USA,6.0,Supplier Catalog,0.87,Needs Review
PROD-00134,Power Supply,Electrical,Parker,PAR-923-B,Industrial regulated power supply for automation equipment.,5433.69,73,4.9,110.0,52.12,376.13,Brass,China,24.0,Technical PDF,0.78,Verified
PROD-00135,Temperature Sensor,Sensors,Siemens,SIE-730-B,Industrial temperature sensor for process monitoring.,4549.86,171,4.8,220.0,95.78,44.81,Polycarbonate,USA,24.0,Manufacturer Website,0.75,Verified
PROD-00136,Industrial Robot Arm,Robotics,WEG,WEG-261-PRO,Programmable robotic arm for industrial assembly and handling.,12108.02,225,4.8,380.0,97.67,642.57,,USA,18.0,Product Catalog,0.89,Verified
PROD-00137,Mixing Tank,Process Equipment,Mitsubishi Electric,MIT-840-A,Industrial tank designed for controlled mixing of process materials.,16902.13,44,4.0,440.0,26.57,781.71,Polycarbonate,Sweden,24.0,Manufacturer Website,0.77,Verified
PROD-00138,Industrial Centrifugal Pump,Pumps,Grundfos,GRU-681-A,High-efficiency pump for industrial water and process fluid transfer.,17182.5,85,3.7,415.0,81.61,419.93,Aluminium,Sweden,36.0,Manufacturer Website,0.85,Verified
PROD-00139,Variable Frequency Drive,Automation,Schneider Electric,SCH-848-PRO,Drive controller for variable-speed industrial motors.,12023.17,183,3.5,415.0,50.73,250.91,Cast Iron,Germany,36.0,Supplier Catalog,0.95,Needs Review
PROD-00140,Cooling Tower Fan,HVAC,SKF,SKF-188-PRO,High-capacity fan for industrial cooling tower systems.,12409.35,47,5.0,380.0,48.71,210.99,Brass,Japan,12.0,Technical PDF,0.84,Verified
PROD-00141,PLC Controller,Automation,Eaton,EAT-840-A,Programmable logic controller for industrial automation.,4901.5,92,4.4,110.0,100.25,395.69,Aluminium,Japan,36.0,Manufacturer Website,0.97,Verified
PROD-00142,Water Filter,Filtration,SKF,SKF-729-B,Industrial filtration unit for removing particles from process water.,4120.25,34,4.1,380.0,112.22,514.96,Polycarbonate,China,36.0,Product Catalog,0.97,Verified
PROD-00143,Flow Control Valve,Valves,Festo,FES-906-A,Precision valve for regulating industrial fluid flow.,9762.21,135,4.5,110.0,137.61,95.56,,Italy,36.0,Supplier Catalog,0.76,Verified
PROD-00144,Pressure Sensor,Sensors,Danfoss,DAN-310-PRO,Electronic pressure sensor for industrial monitoring and automation.,1759.69,130,4.0,110.0,68.15,436.36,Alloy Steel,Italy,6.0,Manufacturer Website,0.87,Verified
PROD-00145,Welding Machine,Fabrication,Grundfos,GRU-936-A,Industrial welding machine for metal fabrication.,13818.99,148,3.3,380.0,51.84,54.38,Stainless Steel,India,24.0,Product Catalog,0.73,Needs Review
PROD-00146,Temperature Sensor,Sensors,Parker,PAR-756-PRO,Industrial temperature sensor for process monitoring.,6980.7,228,3.9,440.0,137.59,321.0,Carbon Steel,China,36.0,Manufacturer Website,0.76,Verified
PROD-00147,Butterfly Valve,Valves,Rockwell Automation,ROC-502-B,Compact industrial valve for isolating and controlling pipelines.,13488.51,57,4.7,440.0,3.65,253.75,Polycarbonate,Italy,24.0,Supplier Catalog,0.94,Verified
PROD-00148,Power Supply,Electrical,Schneider Electric,SCH-382-B,Industrial regulated power supply for automation equipment.,17347.41,185,4.6,110.0,121.47,356.47,Stainless Steel,Germany,12.0,Supplier Catalog,0.74,Verified
PROD-00149,Flow Control Valve,Valves,Danfoss,DAN-820-A,Precision valve for regulating industrial fluid flow.,4591.78,11,3.9,220.0,81.08,641.28,Stainless Steel,Germany,36.0,Technical PDF,0.99,Verified
PROD-00150,Safety Relay,Safety,Eaton,EAT-891-X,Safety control relay for industrial machine protection.,4447.59,224,3.5,415.0,78.31,351.64,Brass,India,36.0,Supplier Catalog,0.98,Verified
PROD-00151,Industrial Robot Arm,Robotics,Emerson,EME-148-X,Programmable robotic arm for industrial assembly and handling.,17424.31,171,3.9,400.0,47.98,353.99,Aluminium,USA,24.0,Product Catalog,0.77,Needs Review
PROD-00152,Vacuum Pump,Pumps,Grundfos,GRU-978-B,Industrial vacuum pump for process and material handling applications.,14923.37,234,3.3,380.0,145.18,473.78,Aluminium,Japan,12.0,Manufacturer Website,0.79,Verified
PROD-00153,Pressure Gauge,Instrumentation,Festo,FES-479-A,Mechanical pressure gauge for industrial process monitoring.,9948.73,212,3.5,230.0,56.73,514.3,Stainless Steel,Sweden,6.0,Supplier Catalog,0.77,Verified
PROD-00154,Hydraulic Pump,Pumps,Festo,FES-440-X,High-pressure hydraulic pump for industrial power systems.,17708.52,3,3.6,220.0,144.32,99.9,Alloy Steel,Germany,36.0,Product Catalog,0.91,Needs Review
PROD-00155,Industrial Robot Arm,Robotics,SKF,SKF-894-X,Programmable robotic arm for industrial assembly and handling.,7094.89,136,4.4,230.0,39.42,435.99,Alloy Steel,Japan,6.0,Technical PDF,0.94,Needs Review
PROD-00156,Hydraulic Pump,Pumps,SKF,SKF-420-PRO,High-pressure hydraulic pump for industrial power systems.,926.85,221,3.6,220.0,2.68,470.4,Polycarbonate,USA,12.0,Supplier Catalog,0.77,Verified
PROD-00157,Safety Relay,Safety,Festo,FES-351-PRO,Safety control relay for industrial machine protection.,10225.08,241,4.4,230.0,114.56,415.43,Alloy Steel,Japan,12.0,Product Catalog,0.92,Verified
PROD-00158,Temperature Sensor,Sensors,Mitsubishi Electric,MIT-659-PRO,Industrial temperature sensor for process monitoring.,3474.24,227,4.2,415.0,143.6,445.45,Carbon Steel,Sweden,6.0,Product Catalog,0.93,Needs Review
PROD-00159,Vacuum Pump,Pumps,Siemens,SIE-824-B,Industrial vacuum pump for process and material handling applications.,253.34,129,4.0,110.0,,566.81,Alloy Steel,China,24.0,Manufacturer Website,0.72,Needs Review
PROD-00160,Electric Motor,Motors,Rockwell Automation,ROC-839-X,Industrial electric motor designed for continuous-duty machinery.,9950.62,73,3.2,440.0,104.75,366.1,Aluminium,India,6.0,Product Catalog,0.86,Verified
PROD-00161,Gear Pump,Pumps,Rockwell Automation,ROC-358-X,Positive-displacement gear pump for industrial fluid transfer.,5007.79,101,3.3,380.0,68.98,206.88,Cast Iron,USA,6.0,Manufacturer Website,0.9,Verified
PROD-00162,Welding Machine,Fabrication,Honeywell,HON-486-PRO,Industrial welding machine for metal fabrication.,1118.36,2,4.5,110.0,75.1,368.94,Nylon,Italy,6.0,Product Catalog,0.96,Verified
PROD-00163,Hydraulic Pump,Pumps,WEG,WEG-988-PRO,High-pressure hydraulic pump for industrial power systems.,5077.22,236,3.3,230.0,134.92,479.07,Stainless Steel,Germany,18.0,Product Catalog,0.72,Verified
PROD-00164,Welding Machine,Fabrication,WEG,WEG-178-X,Industrial welding machine for metal fabrication.,3076.52,61,4.2,440.0,58.53,762.07,Nylon,Japan,12.0,Technical PDF,0.93,Verified
PROD-00165,Air Compressor,Compressors,Siemens,SIE-547-B,Industrial compressor for reliable compressed-air generation.,15529.19,87,4.3,400.0,143.24,337.32,Nylon,India,18.0,Supplier Catalog,0.93,Needs Review
PROD-00166,Vacuum Pump,Pumps,SKF,SKF-666-PRO,Industrial vacuum pump for process and material handling applications.,8037.48,174,4.3,380.0,13.08,525.9,Cast Iron,China,6.0,Supplier Catalog,0.74,Verified
PROD-00167,Flow Meter,Instrumentation,Mitsubishi Electric,MIT-498-X,Digital flow meter for accurate industrial fluid measurement.,6727.29,23,3.2,,66.85,647.19,Carbon Steel,Germany,6.0,Supplier Catalog,0.77,Needs Review
PROD-00168,Roller Bearing,Bearings,ABB,ABB-191-X,Heavy-load roller bearing for industrial rotating equipment.,10290.96,152,4.3,230.0,129.59,10.69,Polycarbonate,Japan,6.0,Product Catalog,0.92,Verified
PROD-00169,Industrial Transformer,Electrical,Schneider Electric,SCH-242-X,Electrical transformer for industrial voltage conversion.,5630.33,126,3.5,220.0,65.34,358.05,,Sweden,6.0,Supplier Catalog,0.82,Verified
PROD-00170,Flow Control Valve,Valves,Eaton,EAT-300-PRO,Precision valve for regulating industrial fluid flow.,2054.9,77,3.2,380.0,50.0,527.24,Nylon,Japan,18.0,Technical PDF,0.84,Verified
PROD-00171,Servo Motor,Motors,Eaton,EAT-811-B,Precision servo motor for automated motion-control applications.,8905.96,45,4.9,230.0,43.89,590.78,Alloy Steel,Italy,12.0,Supplier Catalog,0.81,Verified
PROD-00172,Circuit Breaker,Electrical,Siemens,SIE-677-B,Protective electrical breaker for industrial distribution systems.,10990.86,139,3.5,440.0,82.63,810.06,Alloy Steel,China,12.0,Manufacturer Website,0.84,Verified
PROD-00173,Air Dryer,Compressors,Danfoss,DAN-611-B,Compressed-air dryer for moisture removal in pneumatic systems.,11747.88,61,3.7,220.0,107.36,670.76,Carbon Steel,Japan,36.0,Supplier Catalog,0.85,Needs Review
PROD-00174,Mixing Tank,Process Equipment,ABB,ABB-909-X,Industrial tank designed for controlled mixing of process materials.,13005.6,207,4.2,415.0,137.18,93.14,Cast Iron,China,18.0,Supplier Catalog,0.76,Verified
PROD-00175,Variable Frequency Drive,Automation,Parker,PAR-540-A,Drive controller for variable-speed industrial motors.,279.24,66,3.6,415.0,77.94,493.52,Cast Iron,Japan,18.0,Technical PDF,0.83,Verified
PROD-00176,Electric Motor,Motors,Emerson,EME-207-X,Industrial electric motor designed for continuous-duty machinery.,7745.19,246,3.4,440.0,141.12,120.6,Brass,USA,24.0,Technical PDF,0.93,Needs Review
PROD-00177,Proximity Sensor,Sensors,Siemens,SIE-548-PRO,Non-contact sensor for detecting objects in automation systems.,5957.72,76,3.3,415.0,17.48,721.83,Carbon Steel,China,12.0,Product Catalog,0.97,Verified
PROD-00178,Industrial Robot Arm,Robotics,Schneider Electric,SCH-438-PRO,Programmable robotic arm for industrial assembly and handling.,17735.09,59,4.6,415.0,27.87,544.48,Polycarbonate,Japan,6.0,Supplier Catalog,0.92,Verified
PROD-00179,Photoelectric Sensor,Sensors,Honeywell,HON-498-A,Optical sensor for industrial object detection.,13062.71,52,3.7,,121.36,53.37,Carbon Steel,Sweden,36.0,Product Catalog,0.77,Verified
PROD-00180,Level Sensor,Sensors,Siemens,SIE-368-PRO,Industrial sensor for liquid-level measurement.,9802.87,163,3.8,380.0,91.79,499.04,Nylon,USA,24.0,Manufacturer Website,0.89,Verified
PROD-00181,Temperature Sensor,Sensors,SKF,SKF-220-B,Industrial temperature sensor for process monitoring.,5708.57,46,3.9,220.0,,355.62,Aluminium,Italy,24.0,Product Catalog,0.83,Needs Review
PROD-00182,Industrial Robot Arm,Robotics,Schneider Electric,SCH-601-X,Programmable robotic arm for industrial assembly and handling.,2668.56,80,4.7,400.0,8.28,305.31,Stainless Steel,Japan,12.0,Supplier Catalog,0.77,Needs Review
PROD-00183,Air Dryer,Compressors,Danfoss,DAN-603-PRO,Compressed-air dryer for moisture removal in pneumatic systems.,13162.27,113,4.1,110.0,84.92,676.54,Cast Iron,USA,6.0,Product Catalog,0.79,Verified
PROD-00184,Level Sensor,Sensors,Eaton,EAT-860-PRO,Industrial sensor for liquid-level measurement.,10208.21,28,4.2,230.0,116.32,699.83,Nylon,Italy,6.0,Product Catalog,0.93,Needs Review
PROD-00185,Pneumatic Actuator,Pneumatics,Siemens,SIE-853-B,Pneumatic actuator for automated industrial valve operation.,5567.31,8,4.0,230.0,129.36,74.12,Carbon Steel,Sweden,12.0,Supplier Catalog,0.78,Verified
PROD-00186,Control Valve,Valves,Eaton,EAT-242-B,Modulating valve for automated process flow control.,15066.15,206,3.3,230.0,79.96,507.41,Aluminium,USA,18.0,Manufacturer Website,0.8,Verified
PROD-00187,Temperature Sensor,Sensors,Parker,PAR-904-PRO,Industrial temperature sensor for process monitoring.,17004.13,70,4.8,220.0,105.29,112.96,Aluminium,China,18.0,Supplier Catalog,0.94,Needs Review
PROD-00188,Flow Meter,Instrumentation,Eaton,EAT-747-X,Digital flow meter for accurate industrial fluid measurement.,11646.17,96,4.0,415.0,119.24,,Polycarbonate,Italy,18.0,Supplier Catalog,0.91,Verified
PROD-00189,Industrial Heater,Heating,SKF,SKF-695-A,Electric industrial heater for process temperature control.,16085.94,216,4.5,415.0,145.83,539.69,Nylon,Sweden,6.0,Product Catalog,0.93,Needs Review
PROD-00190,Pneumatic Actuator,Pneumatics,Festo,FES-316-PRO,Pneumatic actuator for automated industrial valve operation.,5030.11,212,3.7,400.0,86.8,481.31,Alloy Steel,Sweden,18.0,Manufacturer Website,0.96,Verified
PROD-00191,Roller Bearing,Bearings,Danfoss,DAN-902-PRO,Heavy-load roller bearing for industrial rotating equipment.,384.82,237,4.7,380.0,68.61,843.06,Polycarbonate,Germany,12.0,Product Catalog,0.96,Verified
PROD-00192,Heat Exchanger,Heat Transfer,Siemens,SIE-770-X,Industrial heat exchanger for efficient thermal energy transfer.,4695.92,95,4.4,415.0,25.04,337.01,Brass,China,12.0,Manufacturer Website,0.84,Verified
PROD-00193,Industrial Centrifugal Pump,Pumps,Bosch Rexroth,BOS-588-A,High-efficiency pump for industrial water and process fluid transfer.,2528.67,57,4.1,380.0,1.64,591.32,Carbon Steel,Sweden,24.0,Manufacturer Website,0.91,Needs Review
PROD-00194,Vacuum Pump,Pumps,Honeywell,HON-191-A,Industrial vacuum pump for process and material handling applications.,1985.46,94,4.8,220.0,57.56,691.4,Aluminium,China,12.0,Product Catalog,0.74,Verified
PROD-00195,Pressure Gauge,Instrumentation,SKF,SKF-839-B,Mechanical pressure gauge for industrial process monitoring.,11651.09,38,4.9,400.0,103.06,731.0,Carbon Steel,India,12.0,Technical PDF,0.92,Needs Review
PROD-00196,Pneumatic Actuator,Pneumatics,SKF,SKF-910-B,Pneumatic actuator for automated industrial valve operation.,4647.99,165,3.4,400.0,90.25,613.06,Brass,Sweden,6.0,Product Catalog,0.95,Verified
PROD-00197,Stainless Steel Tank,Storage,Eaton,EAT-621-B,Corrosion-resistant storage tank for industrial liquids.,13856.54,75,4.4,440.0,134.71,811.48,Alloy Steel,Japan,6.0,Manufacturer Website,0.79,Verified
PROD-00198,Circuit Breaker,Electrical,WEG,WEG-424-B,Protective electrical breaker for industrial distribution systems.,7208.63,214,4.2,230.0,82.07,147.02,Alloy Steel,Sweden,6.0,Manufacturer Website,0.72,Verified
PROD-00199,Industrial Fan,HVAC,Bosch Rexroth,BOS-140-A,High-volume industrial fan for ventilation and cooling.,17554.94,101,4.1,415.0,106.97,652.09,Polycarbonate,China,24.0,Technical PDF,0.74,Verified
PROD-00200,Ball Bearing,Bearings,Grundfos,GRU-180-B,Precision bearing for rotating industrial machinery.,18026.98,39,4.2,380.0,88.07,648.79,Carbon Steel,USA,24.0,Manufacturer Website,0.92,Verified
PROD-00201,Conveyor Belt,Material Handling,Siemens,SIE-544-A,Heavy-duty conveyor belt for continuous material transportation.,8433.84,155,3.3,415.0,111.32,629.61,Carbon Steel,India,12.0,Supplier Catalog,0.91,Verified
PROD-00202,Power Supply,Electrical,Rockwell Automation,ROC-629-X,Industrial regulated power supply for automation equipment.,3159.62,32,4.5,440.0,40.5,753.48,Stainless Steel,USA,24.0,Technical PDF,0.79,Verified
PROD-00203,Safety Relay,Safety,Danfoss,DAN-178-PRO,Safety control relay for industrial machine protection.,8467.47,92,3.3,440.0,85.14,312.66,Brass,Sweden,6.0,Product Catalog,0.96,Verified
PROD-00204,Cooling Tower Fan,HVAC,ABB,ABB-145-A,High-capacity fan for industrial cooling tower systems.,4588.41,120,3.9,220.0,,816.3,Stainless Steel,Italy,24.0,Supplier Catalog,0.78,Verified
PROD-00205,Servo Motor,Motors,Grundfos,GRU-945-A,Precision servo motor for automated motion-control applications.,10609.83,30,4.1,110.0,27.11,683.73,Stainless Steel,Japan,6.0,Technical PDF,0.96,Verified
PROD-00206,Servo Motor,Motors,Siemens,SIE-666-PRO,Precision servo motor for automated motion-control applications.,231.75,51,3.7,440.0,45.76,529.39,Alloy Steel,USA,36.0,Product Catalog,0.98,Verified
PROD-00207,Flow Meter,Instrumentation,ABB,ABB-519-A,Digital flow meter for accurate industrial fluid measurement.,4375.65,88,4.3,415.0,131.61,808.35,Stainless Steel,Sweden,24.0,Manufacturer Website,0.95,Verified
PROD-00208,Hydraulic Pump,Pumps,Rockwell Automation,ROC-343-PRO,High-pressure hydraulic pump for industrial power systems.,9145.71,15,5.0,220.0,106.82,79.25,Cast Iron,Sweden,36.0,Supplier Catalog,0.83,Verified
PROD-00209,Ball Bearing,Bearings,Eaton,EAT-197-B,Precision bearing for rotating industrial machinery.,11819.33,100,3.3,400.0,9.58,563.14,Aluminium,Germany,18.0,Supplier Catalog,0.79,Verified
PROD-00210,Servo Motor,Motors,SKF,SKF-563-X,Precision servo motor for automated motion-control applications.,4386.95,241,3.6,440.0,115.58,92.81,Carbon Steel,Germany,24.0,Manufacturer Website,0.85,Needs Review
PROD-00211,Mixing Tank,Process Equipment,SKF,SKF-888-B,Industrial tank designed for controlled mixing of process materials.,8407.05,118,3.7,110.0,13.79,686.5,Brass,Sweden,36.0,Product Catalog,0.73,Verified
PROD-00212,Ball Bearing,Bearings,Mitsubishi Electric,MIT-354-X,Precision bearing for rotating industrial machinery.,7381.84,12,4.4,230.0,123.06,147.95,Polycarbonate,Sweden,24.0,Manufacturer Website,0.87,Verified
PROD-00213,Level Sensor,Sensors,Siemens,SIE-923-B,Industrial sensor for liquid-level measurement.,2321.56,15,4.7,220.0,19.82,700.16,Nylon,China,6.0,Manufacturer Website,0.88,Verified
PROD-00214,Electric Motor,Motors,Siemens,SIE-302-PRO,Industrial electric motor designed for continuous-duty machinery.,14988.23,23,4.8,440.0,121.38,104.32,Alloy Steel,India,12.0,Supplier Catalog,0.97,Needs Review
PROD-00215,Industrial Heater,Heating,ABB,ABB-491-PRO,Electric industrial heater for process temperature control.,3267.24,54,4.8,230.0,42.16,750.93,Stainless Steel,Italy,36.0,Supplier Catalog,0.89,Verified
PROD-00216,Air Dryer,Compressors,WEG,WEG-663-PRO,Compressed-air dryer for moisture removal in pneumatic systems.,1207.93,71,3.9,380.0,30.12,751.98,Cast Iron,China,36.0,Technical PDF,0.93,Needs Review
PROD-00217,Proximity Sensor,Sensors,Rockwell Automation,ROC-900-PRO,Non-contact sensor for detecting objects in automation systems.,6420.39,144,4.1,380.0,40.75,22.35,Cast Iron,India,18.0,Technical PDF,0.74,Needs Review
PROD-00218,Photoelectric Sensor,Sensors,Bosch Rexroth,BOS-263-A,Optical sensor for industrial object detection.,4649.29,61,3.7,440.0,118.74,626.55,Cast Iron,Italy,24.0,Product Catalog,0.82,Verified
PROD-00219,Conveyor Belt,Material Handling,Eaton,EAT-425-X,Heavy-duty conveyor belt for continuous material transportation.,16915.94,7,4.5,230.0,142.15,479.15,Cast Iron,Sweden,24.0,Supplier Catalog,0.87,Verified
PROD-00220,Hydraulic Cylinder,Hydraulics,Siemens,SIE-157-B,Heavy-duty hydraulic cylinder for industrial lifting and motion control.,11164.62,5,4.1,110.0,49.93,522.09,Aluminium,USA,12.0,Manufacturer Website,0.97,Verified
PROD-00221,Electric Motor,Motors,Schneider Electric,SCH-700-B,Industrial electric motor designed for continuous-duty machinery.,14344.96,216,4.1,230.0,144.09,317.68,Polycarbonate,Italy,6.0,Product Catalog,0.81,Verified
PROD-00222,Control Valve,Valves,Mitsubishi Electric,MIT-547-PRO,Modulating valve for automated process flow control.,12039.65,44,4.5,400.0,104.11,789.53,Nylon,Germany,36.0,Technical PDF,0.94,Needs Review
PROD-00223,Water Filter,Filtration,Schneider Electric,SCH-281-A,Industrial filtration unit for removing particles from process water.,17556.93,242,4.2,440.0,149.14,820.41,Stainless Steel,Germany,36.0,Manufacturer Website,0.81,Verified
PROD-00224,Industrial Heater,Heating,Schneider Electric,SCH-439-A,Electric industrial heater for process temperature control.,4467.69,81,3.5,110.0,123.29,569.59,Nylon,Japan,6.0,Manufacturer Website,0.79,Verified
PROD-00225,Power Supply,Electrical,Grundfos,GRU-905-A,Industrial regulated power supply for automation equipment.,13351.42,12,3.9,415.0,63.09,141.55,Polycarbonate,Japan,24.0,Manufacturer Website,0.81,Needs Review
PROD-00226,Proximity Sensor,Sensors,Parker,PAR-984-B,Non-contact sensor for detecting objects in automation systems.,3080.32,18,4.6,110.0,44.41,271.05,Carbon Steel,India,18.0,Product Catalog,0.77,Needs Review
PROD-00227,Industrial Gearbox,Power Transmission,Rockwell Automation,ROC-195-X,Industrial gearbox for speed reduction and high torque transmission.,11024.07,157,4.8,415.0,4.89,801.09,Aluminium,Italy,24.0,Technical PDF,0.76,Verified
PROD-00228,Hydraulic Pump,Pumps,Bosch Rexroth,BOS-519-X,High-pressure hydraulic pump for industrial power systems.,12249.91,76,3.6,110.0,59.09,467.3,Alloy Steel,Germany,6.0,Manufacturer Website,0.82,Needs Review
PROD-00229,Water Filter,Filtration,Festo,FES-777-PRO,Industrial filtration unit for removing particles from process water.,3762.01,6,3.6,415.0,43.95,,Carbon Steel,USA,24.0,Manufacturer Website,0.85,Verified
PROD-00230,Mixing Tank,Process Equipment,Honeywell,HON-289-X,Industrial tank designed for controlled mixing of process materials.,16391.35,94,3.5,110.0,39.68,395.41,Cast Iron,Sweden,18.0,Manufacturer Website,0.87,Verified
PROD-00231,Ball Bearing,Bearings,Danfoss,DAN-452-PRO,Precision bearing for rotating industrial machinery.,17960.54,150,3.6,110.0,126.16,695.68,Polycarbonate,Italy,24.0,Supplier Catalog,0.87,Verified
PROD-00232,PLC Controller,Automation,Siemens,SIE-504-A,Programmable logic controller for industrial automation.,9331.2,230,4.1,400.0,101.71,527.31,Carbon Steel,Sweden,24.0,Product Catalog,0.77,Verified
PROD-00233,Solenoid Valve,Valves,Schneider Electric,SCH-143-PRO,Electrically operated valve for automated fluid control.,1528.16,174,4.0,440.0,94.18,709.03,Brass,USA,6.0,Technical PDF,0.74,Needs Review
PROD-00234,Heat Exchanger,Heat Transfer,Rockwell Automation,ROC-569-A,Industrial heat exchanger for efficient thermal energy transfer.,14569.33,159,4.3,440.0,63.08,352.39,Aluminium,Italy,36.0,Manufacturer Website,0.88,Verified
PROD-00235,Safety Relay,Safety,Parker,PAR-203-X,Safety control relay for industrial machine protection.,16059.56,225,3.8,380.0,39.8,,Alloy Steel,India,12.0,Supplier Catalog,0.79,Verified
PROD-00236,Hydraulic Cylinder,Hydraulics,Honeywell,HON-439-B,Heavy-duty hydraulic cylinder for industrial lifting and motion control.,992.69,121,4.9,230.0,3.28,694.81,Brass,USA,18.0,Product Catalog,0.95,Verified
PROD-00237,Temperature Sensor,Sensors,Grundfos,GRU-861-PRO,Industrial temperature sensor for process monitoring.,14338.78,82,3.7,380.0,90.85,76.08,Alloy Steel,Germany,24.0,Manufacturer Website,0.92,Verified
PROD-00238,Cooling Tower Fan,HVAC,Parker,PAR-262-A,High-capacity fan for industrial cooling tower systems.,5814.33,129,3.9,440.0,127.73,747.46,Stainless Steel,Germany,12.0,Manufacturer Website,0.96,Verified
PROD-00239,Conveyor Belt,Material Handling,ABB,ABB-567-A,Heavy-duty conveyor belt for continuous material transportation.,16990.54,180,3.6,230.0,123.57,429.46,Carbon Steel,China,6.0,Supplier Catalog,0.79,Needs Review
PROD-00240,Butterfly Valve,Valves,Festo,FES-585-X,Compact industrial valve for isolating and controlling pipelines.,6424.35,214,4.8,415.0,124.67,77.02,Stainless Steel,Japan,6.0,Product Catalog,0.76,Verified
PROD-00241,Vacuum Pump,Pumps,Danfoss,DAN-311-X,Industrial vacuum pump for process and material handling applications.,12083.98,131,3.2,440.0,145.08,579.93,Alloy Steel,Germany,12.0,Product Catalog,0.88,Verified
PROD-00242,Industrial Fan,HVAC,Eaton,EAT-924-X,High-volume industrial fan for ventilation and cooling.,13210.12,181,4.4,380.0,134.35,723.88,Alloy Steel,USA,12.0,Manufacturer Website,0.85,Needs Review
PROD-00243,Industrial Centrifugal Pump,Pumps,Rockwell Automation,ROC-778-X,High-efficiency pump for industrial water and process fluid transfer.,10424.23,152,4.3,230.0,102.74,409.58,Nylon,USA,18.0,Technical PDF,0.95,Verified
PROD-00244,Solenoid Valve,Valves,Schneider Electric,SCH-629-B,Electrically operated valve for automated fluid control.,16652.74,206,4.7,440.0,90.1,561.52,Aluminium,China,6.0,Technical PDF,0.9,Verified
PROD-00245,Air Dryer,Compressors,Honeywell,HON-497-A,Compressed-air dryer for moisture removal in pneumatic systems.,10821.38,146,4.7,230.0,109.05,189.16,Alloy Steel,China,18.0,Product Catalog,0.86,Verified
PROD-00246,Water Filter,Filtration,Siemens,SIE-582-B,Industrial filtration unit for removing particles from process water.,13729.02,185,4.7,440.0,136.92,804.9,Nylon,China,6.0,Technical PDF,0.78,Verified
PROD-00247,Air Dryer,Compressors,Parker,PAR-439-X,Compressed-air dryer for moisture removal in pneumatic systems.,4883.2,75,4.0,110.0,70.71,736.46,Carbon Steel,Japan,12.0,Technical PDF,0.86,Needs Review
PROD-00248,Air Dryer,Compressors,ABB,ABB-991-B,Compressed-air dryer for moisture removal in pneumatic systems.,2614.58,51,3.8,400.0,133.95,838.65,Aluminium,USA,12.0,Technical PDF,0.93,Needs Review
PROD-00249,Butterfly Valve,Valves,SKF,SKF-749-A,Compact industrial valve for isolating and controlling pipelines.,171.8,70,3.6,440.0,25.5,649.86,Alloy Steel,Sweden,6.0,Supplier Catalog,0.75,Needs Review
PROD-00250,Welding Machine,Fabrication,Honeywell,HON-588-PRO,Industrial welding machine for metal fabrication.,170.98,136,3.6,230.0,142.52,758.23,Cast Iron,India,,Product Catalog,0.89,Verified
PROD-00251,Power Supply,Electrical,Grundfos,GRU-232-A,Industrial regulated power supply for automation equipment.,7148.08,150,3.8,110.0,123.62,253.61,Brass,Japan,36.0,Supplier Catalog,0.88,Verified
PROD-00252,Temperature Sensor,Sensors,SKF,SKF-601-X,Industrial temperature sensor for process monitoring.,13898.38,42,4.9,440.0,60.66,194.31,Aluminium,Germany,6.0,Manufacturer Website,0.88,Verified
PROD-00253,Circuit Breaker,Electrical,Mitsubishi Electric,MIT-766-A,Protective electrical breaker for industrial distribution systems.,6994.17,163,3.7,400.0,93.56,504.92,Stainless Steel,China,6.0,Manufacturer Website,0.9,Verified
PROD-00254,Pressure Sensor,Sensors,Honeywell,HON-554-PRO,Electronic pressure sensor for industrial monitoring and automation.,2361.0,64,4.1,220.0,31.02,582.94,Stainless Steel,USA,24.0,Product Catalog,0.9,Verified
PROD-00255,Air Dryer,Compressors,Festo,FES-207-A,Compressed-air dryer for moisture removal in pneumatic systems.,5291.05,200,3.4,220.0,91.45,661.31,Cast Iron,USA,24.0,Supplier Catalog,0.8,Verified
PROD-00256,Hydraulic Pump,Pumps,Mitsubishi Electric,MIT-592-X,High-pressure hydraulic pump for industrial power systems.,4403.41,3,4.4,110.0,,568.73,Aluminium,India,36.0,Technical PDF,0.74,Verified
PROD-00257,Vacuum Pump,Pumps,Emerson,EME-403-X,Industrial vacuum pump for process and material handling applications.,8634.67,25,4.7,440.0,6.16,247.12,Nylon,Japan,6.0,Manufacturer Website,0.75,Verified
PROD-00258,Temperature Sensor,Sensors,Danfoss,DAN-762-B,Industrial temperature sensor for process monitoring.,6137.29,228,4.0,400.0,40.43,623.16,Nylon,Sweden,18.0,Supplier Catalog,0.77,Needs Review
PROD-00259,Level Sensor,Sensors,Grundfos,GRU-955-PRO,Industrial sensor for liquid-level measurement.,12789.55,122,4.6,415.0,132.95,141.93,Aluminium,China,6.0,Manufacturer Website,0.99,Verified
PROD-00260,Air Dryer,Compressors,WEG,WEG-704-PRO,Compressed-air dryer for moisture removal in pneumatic systems.,14858.71,173,4.0,,57.12,304.94,Stainless Steel,Sweden,12.0,Manufacturer Website,0.85,Needs Review
PROD-00261,Air Dryer,Compressors,Emerson,EME-147-A,Compressed-air dryer for moisture removal in pneumatic systems.,4902.6,80,3.2,440.0,101.77,652.45,Cast Iron,China,18.0,Supplier Catalog,0.86,Verified
PROD-00262,Conveyor Belt,Material Handling,Emerson,EME-454-PRO,Heavy-duty conveyor belt for continuous material transportation.,2822.47,211,4.2,400.0,8.42,546.96,Aluminium,Italy,24.0,Manufacturer Website,0.95,Verified
PROD-00263,Industrial Heater,Heating,SKF,SKF-346-X,Electric industrial heater for process temperature control.,17950.22,12,4.1,400.0,96.59,342.9,Cast Iron,India,24.0,Manufacturer Website,0.84,Needs Review
PROD-00264,Industrial Heater,Heating,Emerson,EME-423-A,Electric industrial heater for process temperature control.,18144.05,190,4.4,110.0,60.67,30.65,Stainless Steel,Sweden,6.0,Product Catalog,0.93,Verified
PROD-00265,Level Sensor,Sensors,SKF,SKF-472-A,Industrial sensor for liquid-level measurement.,15122.48,216,4.0,400.0,115.17,510.04,Nylon,China,24.0,Manufacturer Website,0.75,Verified
PROD-00266,Variable Frequency Drive,Automation,SKF,SKF-949-X,Drive controller for variable-speed industrial motors.,10170.72,95,4.5,110.0,134.56,418.66,Polycarbonate,India,18.0,Manufacturer Website,0.88,Verified
PROD-00267,Welding Machine,Fabrication,Bosch Rexroth,BOS-568-B,Industrial welding machine for metal fabrication.,13284.65,27,4.6,110.0,139.01,711.88,Carbon Steel,Sweden,24.0,Supplier Catalog,0.84,Verified
PROD-00268,Industrial Centrifugal Pump,Pumps,Rockwell Automation,ROC-853-A,High-efficiency pump for industrial water and process fluid transfer.,10272.66,110,4.7,380.0,138.67,663.96,Aluminium,China,36.0,Manufacturer Website,0.77,Verified
PROD-00269,Industrial Transformer,Electrical,Danfoss,DAN-714-X,Electrical transformer for industrial voltage conversion.,9368.19,98,4.0,400.0,137.41,648.07,Brass,Japan,18.0,Product Catalog,0.98,Needs Review
PROD-00270,Temperature Sensor,Sensors,Honeywell,HON-716-X,Industrial temperature sensor for process monitoring.,15610.22,140,4.7,415.0,110.59,470.63,Cast Iron,Germany,,Technical PDF,0.89,Verified
PROD-00271,Temperature Sensor,Sensors,Mitsubishi Electric,MIT-765-B,Industrial temperature sensor for process monitoring.,9364.2,177,4.3,415.0,17.53,299.53,Alloy Steel,Italy,36.0,Technical PDF,0.97,Needs Review
PROD-00272,Pneumatic Actuator,Pneumatics,Parker,PAR-113-A,Pneumatic actuator for automated industrial valve operation.,550.39,37,3.3,110.0,30.19,637.71,Aluminium,USA,18.0,Technical PDF,0.76,Verified
PROD-00273,Hydraulic Pump,Pumps,Parker,PAR-654-A,High-pressure hydraulic pump for industrial power systems.,6690.14,115,3.4,440.0,101.41,477.69,Cast Iron,China,36.0,Manufacturer Website,0.82,Verified
PROD-00274,Industrial Transformer,Electrical,Honeywell,HON-526-X,Electrical transformer for industrial voltage conversion.,17870.82,13,3.2,230.0,30.66,738.55,Alloy Steel,Sweden,12.0,Product Catalog,0.97,Verified
PROD-00275,Solenoid Valve,Valves,Grundfos,GRU-559-B,Electrically operated valve for automated fluid control.,18195.29,19,3.5,220.0,110.33,101.63,Stainless Steel,Japan,18.0,Product Catalog,0.87,Verified
PROD-00276,Photoelectric Sensor,Sensors,Festo,FES-361-A,Optical sensor for industrial object detection.,6172.31,181,4.9,110.0,23.27,274.37,Stainless Steel,Sweden,36.0,Supplier Catalog,0.95,Verified
PROD-00277,Safety Relay,Safety,Rockwell Automation,ROC-466-A,Safety control relay for industrial machine protection.,14522.94,81,4.1,220.0,78.21,668.36,Aluminium,Japan,36.0,Technical PDF,0.86,Verified
PROD-00278,Vacuum Pump,Pumps,WEG,WEG-318-X,Industrial vacuum pump for process and material handling applications.,6181.59,75,3.6,440.0,92.84,403.73,Stainless Steel,India,18.0,Manufacturer Website,0.84,Verified
PROD-00279,Servo Motor,Motors,Honeywell,HON-915-A,Precision servo motor for automated motion-control applications.,7190.91,138,4.5,110.0,136.72,698.83,Nylon,Italy,36.0,Technical PDF,0.84,Verified
PROD-00280,Solenoid Valve,Valves,SKF,SKF-626-A,Electrically operated valve for automated fluid control.,17546.32,42,4.9,440.0,80.81,6.43,Carbon Steel,Germany,12.0,Manufacturer Website,0.95,Needs Review
PROD-00281,Hydraulic Pump,Pumps,Rockwell Automation,ROC-948-PRO,High-pressure hydraulic pump for industrial power systems.,11991.42,240,3.3,415.0,23.27,390.45,Nylon,India,6.0,Technical PDF,0.74,Verified
PROD-00282,Industrial Robot Arm,Robotics,Siemens,SIE-688-B,Programmable robotic arm for industrial assembly and handling.,16860.82,104,3.9,,60.82,269.08,Polycarbonate,China,6.0,Manufacturer Website,0.86,Verified
PROD-00283,Industrial Gearbox,Power Transmission,SKF,SKF-614-A,Industrial gearbox for speed reduction and high torque transmission.,5422.34,175,3.7,110.0,42.41,787.7,Polycarbonate,Japan,6.0,Product Catalog,0.85,Verified
PROD-00284,Welding Machine,Fabrication,Parker,PAR-916-X,Industrial welding machine for metal fabrication.,17765.87,36,3.7,440.0,130.1,550.82,Stainless Steel,Italy,36.0,Manufacturer Website,0.76,Verified
PROD-00285,Safety Relay,Safety,Eaton,EAT-503-A,Safety control relay for industrial machine protection.,5695.89,191,4.5,415.0,51.74,350.87,Aluminium,Germany,12.0,Product Catalog,0.78,Verified
PROD-00286,Pressure Sensor,Sensors,Schneider Electric,SCH-787-A,,15763.3,238,5.0,400.0,69.32,467.3,Brass,China,6.0,Supplier Catalog,0.79,Verified
PROD-00287,Variable Frequency Drive,Automation,SKF,SKF-231-B,Drive controller for variable-speed industrial motors.,1927.33,158,3.3,220.0,47.84,383.16,Brass,China,36.0,Technical PDF,0.76,Verified
PROD-00288,Pneumatic Actuator,Pneumatics,Schneider Electric,SCH-104-X,Pneumatic actuator for automated industrial valve operation.,4618.32,56,4.5,415.0,65.56,714.13,Aluminium,China,18.0,Supplier Catalog,0.96,Needs Review
PROD-00289,Power Supply,Electrical,Parker,PAR-412-PRO,Industrial regulated power supply for automation equipment.,10244.04,44,4.4,110.0,126.31,729.93,Aluminium,Italy,12.0,Manufacturer Website,0.79,Verified
PROD-00290,Electric Motor,Motors,Festo,FES-619-A,Industrial electric motor designed for continuous-duty machinery.,15049.81,148,3.9,400.0,32.11,31.35,Brass,Italy,36.0,Technical PDF,0.85,Verified
PROD-00291,Welding Machine,Fabrication,Bosch Rexroth,BOS-890-X,Industrial welding machine for metal fabrication.,2550.42,128,4.1,380.0,54.74,9.2,Cast Iron,Sweden,36.0,Supplier Catalog,0.9,Verified
PROD-00292,Control Valve,Valves,Schneider Electric,SCH-679-B,Modulating valve for automated process flow control.,13636.96,123,4.9,110.0,33.02,414.6,Carbon Steel,USA,18.0,Technical PDF,0.78,Verified
PROD-00293,Industrial Transformer,Electrical,Emerson,EME-565-A,Electrical transformer for industrial voltage conversion.,819.85,166,3.8,415.0,145.27,538.61,Brass,Sweden,18.0,Supplier Catalog,0.88,Verified
PROD-00294,Industrial Transformer,Electrical,SKF,SKF-701-A,Electrical transformer for industrial voltage conversion.,9599.35,96,5.0,220.0,77.58,300.09,Nylon,Japan,24.0,Product Catalog,0.96,Verified
PROD-00295,Pressure Gauge,Instrumentation,Schneider Electric,SCH-335-A,Mechanical pressure gauge for industrial process monitoring.,9560.28,71,3.6,220.0,23.81,511.8,Carbon Steel,China,12.0,Manufacturer Website,0.83,Verified
PROD-00296,Proximity Sensor,Sensors,Danfoss,DAN-590-PRO,Non-contact sensor for detecting objects in automation systems.,3965.11,41,4.4,380.0,3.61,36.86,Aluminium,Germany,36.0,Manufacturer Website,0.73,Verified
PROD-00297,Control Valve,Valves,Grundfos,GRU-284-PRO,Modulating valve for automated process flow control.,11122.17,144,4.3,415.0,109.26,698.14,Carbon Steel,Germany,24.0,Supplier Catalog,0.88,Needs Review
PROD-00298,Control Valve,Valves,Bosch Rexroth,BOS-950-PRO,Modulating valve for automated process flow control.,11149.44,203,4.2,,27.49,560.77,Brass,Germany,18.0,Product Catalog,0.97,Verified
PROD-00299,Industrial Transformer,Electrical,Honeywell,HON-235-A,Electrical transformer for industrial voltage conversion.,390.0,133,4.7,400.0,102.73,702.57,Carbon Steel,Germany,24.0,Manufacturer Website,0.96,Verified
PROD-00300,Ball Bearing,Bearings,Emerson,EME-775-B,Precision bearing for rotating industrial machinery.,16695.05,138,4.7,440.0,101.86,366.89,Polycarbonate,USA,6.0,Product Catalog,0.91,Needs Review
PROD-00301,Proximity Sensor,Sensors,Parker,PAR-887-PRO,Non-contact sensor for detecting objects in automation systems.,6539.79,205,4.5,,125.62,489.79,Polycarbonate,Germany,18.0,Manufacturer Website,0.85,Verified
PROD-00302,Water Filter,Filtration,Eaton,EAT-997-PRO,Industrial filtration unit for removing particles from process water.,4832.48,1,4.5,440.0,1.32,444.26,Stainless Steel,Japan,12.0,Supplier Catalog,0.91,Verified
PROD-00303,Circuit Breaker,Electrical,Siemens,SIE-258-PRO,Protective electrical breaker for industrial distribution systems.,12083.77,64,3.7,400.0,63.68,310.92,Brass,China,24.0,Supplier Catalog,0.92,Needs Review
PROD-00304,Butterfly Valve,Valves,SKF,SKF-672-PRO,Compact industrial valve for isolating and controlling pipelines.,4758.32,78,4.2,440.0,105.9,625.47,Carbon Steel,China,12.0,Manufacturer Website,0.84,Verified
PROD-00305,Hydraulic Pump,Pumps,Rockwell Automation,ROC-510-X,High-pressure hydraulic pump for industrial power systems.,14832.72,157,4.5,415.0,8.04,330.86,Stainless Steel,Sweden,6.0,Supplier Catalog,0.94,Needs Review
PROD-00306,Ball Bearing,Bearings,Siemens,SIE-369-B,Precision bearing for rotating industrial machinery.,6913.93,155,3.3,380.0,139.62,340.67,Brass,China,36.0,Supplier Catalog,0.74,Verified
PROD-00307,Pressure Gauge,Instrumentation,ABB,ABB-306-X,Mechanical pressure gauge for industrial process monitoring.,3671.26,200,4.3,400.0,104.84,522.99,Stainless Steel,USA,12.0,Manufacturer Website,0.9,Verified
PROD-00308,Heat Exchanger,Heat Transfer,Parker,PAR-509-X,Industrial heat exchanger for efficient thermal energy transfer.,12416.83,103,4.3,400.0,2.55,598.14,Carbon Steel,Italy,18.0,Technical PDF,0.92,Verified
PROD-00309,Heat Exchanger,Heat Transfer,Bosch Rexroth,BOS-720-B,Industrial heat exchanger for efficient thermal energy transfer.,8459.39,103,4.2,230.0,26.46,430.4,Carbon Steel,Italy,18.0,Technical PDF,0.81,Verified
PROD-00310,Mixing Tank,Process Equipment,Festo,FES-912-X,Industrial tank designed for controlled mixing of process materials.,12868.54,247,3.9,380.0,115.55,,Alloy Steel,China,24.0,Supplier Catalog,0.96,Verified
PROD-00311,Pressure Sensor,Sensors,Grundfos,GRU-169-PRO,Electronic pressure sensor for industrial monitoring and automation.,11753.88,56,4.4,220.0,120.07,350.68,Nylon,Italy,36.0,Product Catalog,0.72,Verified
PROD-00312,Water Filter,Filtration,Siemens,SIE-508-X,Industrial filtration unit for removing particles from process water.,1485.07,238,3.5,230.0,53.19,760.19,Brass,Germany,12.0,Product Catalog,0.85,Verified
PROD-00313,Conveyor Belt,Material Handling,Festo,FES-371-B,Heavy-duty conveyor belt for continuous material transportation.,4305.86,213,3.6,400.0,53.57,662.14,Carbon Steel,India,24.0,Supplier Catalog,0.89,Verified
PROD-00314,Circuit Breaker,Electrical,Eaton,EAT-422-PRO,Protective electrical breaker for industrial distribution systems.,16623.9,225,4.8,440.0,41.39,155.6,Brass,Japan,12.0,Manufacturer Website,0.92,Verified
PROD-00315,Stainless Steel Tank,Storage,Parker,PAR-533-PRO,Corrosion-resistant storage tank for industrial liquids.,17388.74,8,4.1,380.0,129.09,659.56,Alloy Steel,India,36.0,Manufacturer Website,0.84,Verified
PROD-00316,Hydraulic Pump,Pumps,Honeywell,HON-694-A,High-pressure hydraulic pump for industrial power systems.,6077.91,156,4.8,220.0,82.4,201.72,Alloy Steel,Italy,18.0,Supplier Catalog,0.82,Needs Review
PROD-00317,Hydraulic Pump,Pumps,Honeywell,HON-817-X,High-pressure hydraulic pump for industrial power systems.,6807.91,102,3.7,220.0,85.82,832.39,Cast Iron,Sweden,6.0,Supplier Catalog,0.91,Verified
PROD-00318,Industrial Transformer,Electrical,Bosch Rexroth,BOS-249-B,Electrical transformer for industrial voltage conversion.,8795.06,2,3.5,380.0,20.39,759.3,Nylon,Sweden,24.0,Supplier Catalog,0.8,Verified
PROD-00319,Roller Bearing,Bearings,Mitsubishi Electric,MIT-267-A,Heavy-load roller bearing for industrial rotating equipment.,4052.83,65,4.1,415.0,14.67,632.96,Brass,USA,18.0,Technical PDF,0.87,Verified
PROD-00320,Electric Motor,Motors,Honeywell,HON-224-X,Industrial electric motor designed for continuous-duty machinery.,16057.59,246,4.3,400.0,86.49,551.83,Aluminium,Sweden,18.0,Supplier Catalog,0.82,Needs Review
PROD-00321,Ball Bearing,Bearings,Honeywell,HON-728-X,Precision bearing for rotating industrial machinery.,8624.99,244,3.5,220.0,96.18,789.3,Polycarbonate,China,36.0,Manufacturer Website,0.87,Verified
PROD-00322,Control Valve,Valves,SKF,SKF-333-X,Modulating valve for automated process flow control.,5920.31,74,4.5,400.0,96.79,230.71,Alloy Steel,Sweden,18.0,Supplier Catalog,0.92,Needs Review
PROD-00323,Control Valve,Valves,Schneider Electric,SCH-974-A,Modulating valve for automated process flow control.,2387.61,60,4.4,415.0,105.18,68.24,Aluminium,Japan,6.0,Manufacturer Website,0.75,Needs Review
PROD-00324,Electric Motor,Motors,Parker,PAR-506-A,Industrial electric motor designed for continuous-duty machinery.,1998.84,158,3.5,415.0,139.76,331.49,Cast Iron,Germany,18.0,Product Catalog,0.84,Verified
PROD-00325,Stainless Steel Tank,Storage,Festo,FES-274-A,Corrosion-resistant storage tank for industrial liquids.,732.38,91,4.7,230.0,129.67,397.22,Brass,Italy,24.0,Supplier Catalog,0.76,Verified
PROD-00326,Safety Relay,Safety,Honeywell,HON-636-X,Safety control relay for industrial machine protection.,16822.82,123,4.2,440.0,13.66,261.83,Polycarbonate,USA,12.0,Product Catalog,0.8,Verified
PROD-00327,Power Supply,Electrical,Grundfos,GRU-580-A,Industrial regulated power supply for automation equipment.,12750.28,125,4.9,380.0,45.12,651.04,Brass,Italy,12.0,Product Catalog,0.94,Verified
PROD-00328,Air Dryer,Compressors,WEG,WEG-674-PRO,Compressed-air dryer for moisture removal in pneumatic systems.,7354.36,41,4.5,415.0,58.61,321.73,Brass,India,24.0,Technical PDF,0.89,Verified
PROD-00329,Mixing Tank,Process Equipment,Parker,PAR-375-PRO,Industrial tank designed for controlled mixing of process materials.,3547.03,17,3.5,230.0,16.78,387.15,Alloy Steel,USA,36.0,Manufacturer Website,0.85,Verified
PROD-00330,Flow Meter,Instrumentation,ABB,ABB-647-A,Digital flow meter for accurate industrial fluid measurement.,3509.04,26,3.7,220.0,107.35,618.1,Cast Iron,India,12.0,Technical PDF,0.72,Verified
PROD-00331,Air Dryer,Compressors,Grundfos,GRU-904-PRO,Compressed-air dryer for moisture removal in pneumatic systems.,18462.5,118,4.5,110.0,49.7,717.05,Aluminium,India,18.0,Supplier Catalog,0.93,Verified
PROD-00332,Butterfly Valve,Valves,Bosch Rexroth,BOS-961-X,Compact industrial valve for isolating and controlling pipelines.,15134.67,212,3.2,440.0,107.27,327.2,Alloy Steel,Germany,6.0,Product Catalog,0.77,Verified
PROD-00333,Proximity Sensor,Sensors,Honeywell,HON-797-X,Non-contact sensor for detecting objects in automation systems.,17325.4,40,4.3,110.0,111.77,467.23,Carbon Steel,USA,24.0,Technical PDF,0.89,Verified
PROD-00334,Air Compressor,Compressors,Festo,FES-782-B,Industrial compressor for reliable compressed-air generation.,18007.84,60,4.3,230.0,2.51,675.27,Carbon Steel,Japan,12.0,Supplier Catalog,0.72,Verified
PROD-00335,Flow Control Valve,Valves,Schneider Electric,SCH-480-A,Precision valve for regulating industrial fluid flow.,4665.22,127,3.4,400.0,50.93,824.21,Stainless Steel,India,18.0,Product Catalog,0.89,Verified
PROD-00336,Industrial Heater,Heating,Bosch Rexroth,BOS-424-X,Electric industrial heater for process temperature control.,14918.75,112,4.5,110.0,103.47,304.57,Aluminium,USA,6.0,Technical PDF,0.85,Needs Review
PROD-00337,Mixing Tank,Process Equipment,Mitsubishi Electric,MIT-601-B,Industrial tank designed for controlled mixing of process materials.,10520.81,139,3.8,415.0,70.39,737.54,Aluminium,India,36.0,Technical PDF,0.76,Verified
PROD-00338,Mixing Tank,Process Equipment,SKF,SKF-564-A,Industrial tank designed for controlled mixing of process materials.,14373.53,129,3.9,220.0,132.47,526.85,Nylon,Sweden,36.0,Supplier Catalog,0.78,Verified
PROD-00339,Solenoid Valve,Valves,Rockwell Automation,ROC-799-PRO,Electrically operated valve for automated fluid control.,14185.99,39,4.3,230.0,61.62,273.86,Carbon Steel,Italy,6.0,Product Catalog,0.73,Verified
PROD-00340,Hydraulic Cylinder,Hydraulics,Bosch Rexroth,BOS-209-PRO,Heavy-duty hydraulic cylinder for industrial lifting and motion control.,3613.62,8,4.2,440.0,,416.53,Brass,India,18.0,Manufacturer Website,0.78,Verified
PROD-00341,Hydraulic Pump,Pumps,Danfoss,DAN-603-A,High-pressure hydraulic pump for industrial power systems.,8704.31,163,3.3,400.0,111.59,756.89,Nylon,Sweden,6.0,Manufacturer Website,0.94,Verified
PROD-00342,Industrial Gearbox,Power Transmission,Festo,FES-411-A,Industrial gearbox for speed reduction and high torque transmission.,17479.87,245,4.1,110.0,108.84,452.01,Cast Iron,Germany,36.0,Supplier Catalog,0.9,Verified
PROD-00343,Roller Bearing,Bearings,Parker,PAR-753-X,Heavy-load roller bearing for industrial rotating equipment.,12505.78,179,4.4,110.0,25.23,153.5,Polycarbonate,Italy,18.0,Technical PDF,0.9,Needs Review
PROD-00344,Servo Motor,Motors,Rockwell Automation,ROC-432-X,Precision servo motor for automated motion-control applications.,7678.3,162,4.0,415.0,48.69,204.77,Cast Iron,Japan,36.0,Technical PDF,0.97,Verified
PROD-00345,Pressure Gauge,Instrumentation,Emerson,EME-506-A,Mechanical pressure gauge for industrial process monitoring.,13460.06,72,4.3,400.0,20.48,756.8,Stainless Steel,USA,12.0,Manufacturer Website,0.78,Verified
PROD-00346,Heat Exchanger,Heat Transfer,WEG,WEG-666-B,Industrial heat exchanger for efficient thermal energy transfer.,1821.3,117,3.8,220.0,39.93,756.2,Cast Iron,Germany,18.0,Supplier Catalog,0.94,Verified
PROD-00347,Safety Relay,Safety,WEG,WEG-322-A,Safety control relay for industrial machine protection.,13409.74,202,4.1,380.0,123.9,586.22,Carbon Steel,Italy,18.0,Manufacturer Website,0.73,Needs Review
PROD-00348,Air Compressor,Compressors,WEG,WEG-889-X,Industrial compressor for reliable compressed-air generation.,6492.13,209,4.0,440.0,18.3,654.88,Stainless Steel,China,24.0,Technical PDF,0.73,Verified
PROD-00349,Mixing Tank,Process Equipment,Eaton,EAT-253-X,Industrial tank designed for controlled mixing of process materials.,9336.73,56,3.5,415.0,109.8,,Alloy Steel,Sweden,36.0,Product Catalog,0.88,Verified
PROD-00350,Pneumatic Actuator,Pneumatics,Grundfos,GRU-905-PRO,Pneumatic actuator for automated industrial valve operation.,2810.65,86,3.3,400.0,111.86,466.02,Brass,India,24.0,Product Catalog,0.86,Verified
PROD-00351,Proximity Sensor,Sensors,Rockwell Automation,ROC-302-PRO,Non-contact sensor for detecting objects in automation systems.,7364.8,146,3.6,400.0,149.56,445.71,Cast Iron,India,18.0,Manufacturer Website,0.93,Verified
PROD-00352,Pressure Sensor,Sensors,Danfoss,DAN-523-PRO,Electronic pressure sensor for industrial monitoring and automation.,6811.4,48,3.8,400.0,98.4,654.28,Aluminium,USA,36.0,Product Catalog,0.94,Needs Review
PROD-00353,Pressure Gauge,Instrumentation,ABB,ABB-937-B,Mechanical pressure gauge for industrial process monitoring.,3762.2,95,3.5,415.0,127.95,95.69,Stainless Steel,Germany,36.0,Manufacturer Website,0.97,Verified
PROD-00354,Variable Frequency Drive,Automation,Mitsubishi Electric,MIT-923-A,Drive controller for variable-speed industrial motors.,5703.75,120,3.2,220.0,111.07,180.25,Brass,Italy,24.0,Manufacturer Website,0.89,Verified
PROD-00355,Industrial Transformer,Electrical,Eaton,EAT-779-A,Electrical transformer for industrial voltage conversion.,4789.23,15,3.7,440.0,104.55,230.73,Alloy Steel,China,6.0,Technical PDF,0.74,Verified
PROD-00356,Roller Bearing,Bearings,ABB,ABB-399-PRO,Heavy-load roller bearing for industrial rotating equipment.,4341.97,97,4.1,415.0,15.17,268.27,Carbon Steel,Germany,12.0,Manufacturer Website,0.86,Needs Review
PROD-00357,Hydraulic Cylinder,Hydraulics,Bosch Rexroth,BOS-642-X,Heavy-duty hydraulic cylinder for industrial lifting and motion control.,6227.68,100,4.5,110.0,52.18,299.26,Brass,Germany,36.0,Technical PDF,0.79,Verified
PROD-00358,Industrial Transformer,Electrical,WEG,WEG-934-A,Electrical transformer for industrial voltage conversion.,17471.28,242,3.7,220.0,51.43,334.04,Aluminium,India,24.0,Supplier Catalog,0.86,Verified
PROD-00359,Conveyor Belt,Material Handling,Eaton,EAT-256-PRO,Heavy-duty conveyor belt for continuous material transportation.,17957.44,232,4.3,380.0,81.45,175.9,Aluminium,Italy,36.0,Product Catalog,0.9,Verified
PROD-00360,PLC Controller,Automation,Mitsubishi Electric,MIT-822-B,Programmable logic controller for industrial automation.,8004.63,232,5.0,220.0,98.52,480.2,Aluminium,USA,6.0,Product Catalog,0.87,Verified
PROD-00361,Servo Motor,Motors,Festo,FES-249-A,Precision servo motor for automated motion-control applications.,14180.49,225,5.0,380.0,45.68,633.82,Brass,Germany,12.0,Manufacturer Website,0.75,Verified
PROD-00362,Gear Pump,Pumps,Eaton,EAT-373-B,Positive-displacement gear pump for industrial fluid transfer.,11066.98,59,4.4,230.0,12.15,662.9,Aluminium,Italy,36.0,Product Catalog,0.85,Verified
PROD-00363,Industrial Transformer,Electrical,Emerson,EME-585-B,Electrical transformer for industrial voltage conversion.,3101.13,57,3.3,440.0,145.33,786.63,Polycarbonate,Germany,12.0,Product Catalog,0.92,Verified
PROD-00364,Pressure Gauge,Instrumentation,Festo,FES-731-PRO,Mechanical pressure gauge for industrial process monitoring.,12751.99,221,4.0,220.0,64.28,659.83,Polycarbonate,China,18.0,Manufacturer Website,0.83,Verified
PROD-00365,Pressure Gauge,Instrumentation,Emerson,EME-946-A,Mechanical pressure gauge for industrial process monitoring.,16249.32,62,4.1,380.0,147.58,33.56,Polycarbonate,Italy,6.0,Supplier Catalog,0.77,Needs Review
PROD-00366,PLC Controller,Automation,Parker,PAR-947-X,Programmable logic controller for industrial automation.,8580.71,108,3.7,110.0,103.57,768.14,Alloy Steel,Sweden,24.0,Product Catalog,0.74,Verified
PROD-00367,Photoelectric Sensor,Sensors,WEG,WEG-812-B,Optical sensor for industrial object detection.,7323.32,82,4.0,220.0,68.19,762.15,Cast Iron,Japan,,Manufacturer Website,0.79,Verified
PROD-00368,Ball Bearing,Bearings,Siemens,SIE-823-PRO,Precision bearing for rotating industrial machinery.,11761.44,21,4.1,380.0,109.1,828.92,Aluminium,Japan,36.0,Technical PDF,0.82,Verified
PROD-00369,Safety Relay,Safety,Festo,FES-775-B,Safety control relay for industrial machine protection.,3070.52,37,3.5,415.0,7.93,261.99,Alloy Steel,USA,12.0,Product Catalog,0.75,Verified
PROD-00370,Industrial Centrifugal Pump,Pumps,Eaton,EAT-883-X,High-efficiency pump for industrial water and process fluid transfer.,309.81,127,4.7,400.0,121.17,516.86,Alloy Steel,Germany,12.0,Supplier Catalog,0.88,Needs Review
PROD-00371,Air Dryer,Compressors,Emerson,EME-181-A,Compressed-air dryer for moisture removal in pneumatic systems.,4591.39,140,3.7,415.0,83.74,701.5,Stainless Steel,Germany,12.0,Manufacturer Website,0.73,Verified
PROD-00372,Flow Meter,Instrumentation,Festo,FES-133-X,Digital flow meter for accurate industrial fluid measurement.,6182.41,22,3.3,380.0,149.06,137.3,Brass,Italy,36.0,Supplier Catalog,0.87,Verified
PROD-00373,Photoelectric Sensor,Sensors,SKF,SKF-136-A,Optical sensor for industrial object detection.,14237.15,82,3.9,380.0,123.08,644.72,Carbon Steel,USA,24.0,Technical PDF,0.76,Verified
PROD-00374,Stainless Steel Tank,Storage,Honeywell,HON-637-B,Corrosion-resistant storage tank for industrial liquids.,12898.7,156,3.3,400.0,109.53,534.71,Carbon Steel,Japan,36.0,Supplier Catalog,0.97,Verified
PROD-00375,Flow Control Valve,Valves,Festo,FES-424-X,Precision valve for regulating industrial fluid flow.,9760.08,159,3.8,220.0,92.24,422.04,Alloy Steel,Japan,12.0,Technical PDF,0.96,Verified
PROD-00376,Solenoid Valve,Valves,ABB,ABB-221-A,Electrically operated valve for automated fluid control.,8645.87,203,3.4,440.0,31.3,523.09,,Japan,6.0,Manufacturer Website,0.81,Verified
PROD-00377,Solenoid Valve,Valves,Mitsubishi Electric,MIT-388-X,Electrically operated valve for automated fluid control.,14636.45,78,3.7,400.0,48.76,5.41,Nylon,USA,24.0,Product Catalog,0.92,Verified
PROD-00378,Solenoid Valve,Valves,SKF,SKF-953-X,,17068.78,122,4.8,440.0,5.57,115.56,Aluminium,China,24.0,Supplier Catalog,0.96,Verified
PROD-00379,Air Dryer,Compressors,WEG,WEG-860-A,Compressed-air dryer for moisture removal in pneumatic systems.,15463.47,76,4.2,415.0,47.5,455.6,Cast Iron,Italy,18.0,Manufacturer Website,0.94,Verified
PROD-00380,Flow Meter,Instrumentation,Grundfos,GRU-960-A,Digital flow meter for accurate industrial fluid measurement.,6330.49,96,4.3,440.0,25.1,514.91,Aluminium,Italy,6.0,Technical PDF,0.95,Verified
PROD-00381,Hydraulic Cylinder,Hydraulics,Grundfos,GRU-523-A,Heavy-duty hydraulic cylinder for industrial lifting and motion control.,9238.26,60,3.9,440.0,142.62,183.88,Brass,Germany,6.0,Product Catalog,0.82,Verified
PROD-00382,Ball Bearing,Bearings,Emerson,EME-618-A,Precision bearing for rotating industrial machinery.,14799.05,231,4.1,220.0,51.18,411.05,Brass,Sweden,18.0,Product Catalog,0.76,Verified
PROD-00383,Hydraulic Pump,Pumps,Mitsubishi Electric,MIT-137-PRO,High-pressure hydraulic pump for industrial power systems.,7222.44,221,4.1,110.0,46.82,37.62,Carbon Steel,USA,24.0,Technical PDF,0.96,Verified
PROD-00384,Electric Motor,Motors,Eaton,EAT-876-X,Industrial electric motor designed for continuous-duty machinery.,11849.44,53,3.8,220.0,43.16,452.53,Alloy Steel,China,6.0,Technical PDF,0.79,Verified
PROD-00385,Pressure Sensor,Sensors,ABB,ABB-737-A,Electronic pressure sensor for industrial monitoring and automation.,3889.12,89,4.2,230.0,21.45,598.76,Brass,Italy,12.0,Technical PDF,0.77,Verified
PROD-00386,Mixing Tank,Process Equipment,Emerson,EME-151-B,Industrial tank designed for controlled mixing of process materials.,618.9,231,4.4,110.0,57.69,,Polycarbonate,Germany,36.0,Technical PDF,0.96,Needs Review
PROD-00387,PLC Controller,Automation,SKF,SKF-937-B,Programmable logic controller for industrial automation.,13213.03,171,4.7,110.0,146.06,642.43,Alloy Steel,Italy,12.0,Manufacturer Website,0.75,Needs Review
PROD-00388,Level Sensor,Sensors,Grundfos,GRU-800-PRO,Industrial sensor for liquid-level measurement.,8750.1,242,3.6,440.0,134.38,219.49,Nylon,Japan,12.0,Technical PDF,0.91,Verified
PROD-00389,Level Sensor,Sensors,Emerson,EME-130-A,Industrial sensor for liquid-level measurement.,8838.28,89,4.1,440.0,25.83,652.8,Aluminium,Italy,6.0,Technical PDF,0.83,Verified
PROD-00390,Industrial Robot Arm,Robotics,Danfoss,DAN-172-X,Programmable robotic arm for industrial assembly and handling.,9895.51,102,4.3,220.0,93.23,465.85,Alloy Steel,Japan,6.0,Supplier Catalog,0.81,Needs Review
PROD-00391,Safety Relay,Safety,Parker,PAR-450-B,Safety control relay for industrial machine protection.,3272.37,171,3.3,415.0,86.23,413.74,Alloy Steel,USA,36.0,Product Catalog,0.75,Needs Review
PROD-00392,PLC Controller,Automation,Honeywell,HON-171-A,Programmable logic controller for industrial automation.,12708.64,152,4.6,380.0,49.28,548.31,Stainless Steel,India,12.0,Product Catalog,0.94,Verified
PROD-00393,Flow Meter,Instrumentation,Emerson,EME-644-X,Digital flow meter for accurate industrial fluid measurement.,7266.53,147,4.0,220.0,102.31,269.24,Brass,Japan,18.0,Supplier Catalog,0.99,Verified
PROD-00394,Temperature Sensor,Sensors,Festo,FES-401-A,Industrial temperature sensor for process monitoring.,6884.24,140,4.9,110.0,105.58,697.68,Nylon,India,18.0,Supplier Catalog,0.95,Verified
PROD-00395,Photoelectric Sensor,Sensors,Honeywell,HON-740-X,Optical sensor for industrial object detection.,13192.31,103,3.9,400.0,31.88,147.56,Aluminium,Germany,36.0,Supplier Catalog,0.82,Verified
PROD-00396,Flow Meter,Instrumentation,Grundfos,GRU-993-B,Digital flow meter for accurate industrial fluid measurement.,2557.72,18,4.4,220.0,108.27,413.8,Polycarbonate,Germany,6.0,Supplier Catalog,0.76,Needs Review
PROD-00397,Flow Control Valve,Valves,WEG,WEG-535-B,Precision valve for regulating industrial fluid flow.,8452.67,108,4.2,380.0,,192.03,Polycarbonate,Italy,6.0,Technical PDF,0.88,Verified
PROD-00398,Air Dryer,Compressors,WEG,WEG-659-X,Compressed-air dryer for moisture removal in pneumatic systems.,701.2,9,4.2,,55.44,493.31,Carbon Steel,Germany,36.0,Supplier Catalog,0.99,Verified
PROD-00399,Stainless Steel Tank,Storage,Siemens,SIE-635-A,Corrosion-resistant storage tank for industrial liquids.,4600.93,161,4.5,415.0,11.94,538.71,Brass,Italy,6.0,Supplier Catalog,0.96,Verified
PROD-00400,Level Sensor,Sensors,Rockwell Automation,ROC-580-X,Industrial sensor for liquid-level measurement.,7838.01,245,5.0,230.0,43.56,30.22,Brass,China,36.0,Product Catalog,0.79,Needs Review
PROD-00401,Safety Relay,Safety,ABB,ABB-772-X,Safety control relay for industrial machine protection.,14980.82,159,3.2,380.0,12.61,429.86,Brass,USA,12.0,Technical PDF,0.89,Verified
PROD-00402,Industrial Centrifugal Pump,Pumps,Mitsubishi Electric,MIT-214-B,High-efficiency pump for industrial water and process fluid transfer.,16845.07,189,3.5,380.0,55.62,149.25,Cast Iron,Japan,12.0,Technical PDF,0.94,Verified
PROD-00403,Ball Bearing,Bearings,Schneider Electric,SCH-709-B,Precision bearing for rotating industrial machinery.,15509.67,192,5.0,440.0,57.63,561.64,Aluminium,Germany,36.0,Manufacturer Website,0.92,Verified
PROD-00404,Industrial Fan,HVAC,Parker,PAR-939-A,High-volume industrial fan for ventilation and cooling.,1052.21,118,3.9,230.0,71.57,806.02,Cast Iron,Japan,24.0,Supplier Catalog,0.85,Verified
PROD-00405,Industrial Centrifugal Pump,Pumps,Grundfos,GRU-916-PRO,High-efficiency pump for industrial water and process fluid transfer.,7119.61,80,4.9,415.0,143.39,82.94,Nylon,Sweden,24.0,Technical PDF,0.88,Verified
PROD-00406,Heat Exchanger,Heat Transfer,Grundfos,GRU-921-A,Industrial heat exchanger for efficient thermal energy transfer.,4787.16,149,3.9,440.0,101.37,205.68,Cast Iron,Italy,18.0,Technical PDF,0.9,Verified
PROD-00407,Industrial Robot Arm,Robotics,ABB,ABB-788-A,Programmable robotic arm for industrial assembly and handling.,15400.56,3,3.9,400.0,15.81,379.16,Cast Iron,China,18.0,Manufacturer Website,0.79,Verified
PROD-00408,Gear Pump,Pumps,Siemens,SIE-158-B,Positive-displacement gear pump for industrial fluid transfer.,17588.25,163,3.4,110.0,13.19,514.06,Polycarbonate,China,36.0,Manufacturer Website,0.94,Verified
PROD-00409,Butterfly Valve,Valves,Grundfos,GRU-401-PRO,Compact industrial valve for isolating and controlling pipelines.,12247.7,19,4.3,230.0,115.46,588.45,Nylon,USA,12.0,Manufacturer Website,0.93,Verified
PROD-00410,Industrial Transformer,Electrical,Honeywell,HON-440-A,Electrical transformer for industrial voltage conversion.,4840.46,208,3.7,380.0,10.64,832.51,Cast Iron,Italy,24.0,Manufacturer Website,0.77,Needs Review
PROD-00411,Flow Meter,Instrumentation,Rockwell Automation,ROC-887-PRO,Digital flow meter for accurate industrial fluid measurement.,4106.59,164,3.4,380.0,107.38,87.97,Carbon Steel,India,,Manufacturer Website,0.92,Needs Review
PROD-00412,Industrial Heater,Heating,Schneider Electric,SCH-768-A,Electric industrial heater for process temperature control.,17264.24,170,3.9,220.0,105.08,768.94,Stainless Steel,Italy,24.0,Manufacturer Website,0.85,Needs Review
PROD-00413,Mixing Tank,Process Equipment,Bosch Rexroth,BOS-103-PRO,Industrial tank designed for controlled mixing of process materials.,17655.77,209,4.6,110.0,85.19,794.8,Nylon,USA,18.0,Technical PDF,0.83,Verified
PROD-00414,Mixing Tank,Process Equipment,Festo,FES-448-A,Industrial tank designed for controlled mixing of process materials.,15575.36,194,4.6,415.0,30.67,471.39,Polycarbonate,China,12.0,Manufacturer Website,0.8,Needs Review
PROD-00415,Power Supply,Electrical,Emerson,EME-186-PRO,Industrial regulated power supply for automation equipment.,13625.99,35,3.3,110.0,108.03,504.09,Alloy Steel,Japan,6.0,Supplier Catalog,0.93,Verified
PROD-00416,Mixing Tank,Process Equipment,Festo,FES-931-PRO,Industrial tank designed for controlled mixing of process materials.,17884.46,4,3.3,110.0,50.82,612.92,Polycarbonate,India,12.0,Product Catalog,0.94,Needs Review
PROD-00417,Photoelectric Sensor,Sensors,Bosch Rexroth,BOS-173-A,Optical sensor for industrial object detection.,13628.49,125,4.4,380.0,136.1,525.69,Cast Iron,China,12.0,Technical PDF,0.72,Verified
PROD-00418,Roller Bearing,Bearings,Emerson,EME-725-B,Heavy-load roller bearing for industrial rotating equipment.,15468.01,16,4.7,110.0,17.35,505.81,Cast Iron,India,12.0,Technical PDF,0.84,Needs Review
PROD-00419,Pressure Sensor,Sensors,Danfoss,DAN-689-B,Electronic pressure sensor for industrial monitoring and automation.,6007.08,246,4.6,440.0,7.08,147.6,Carbon Steel,India,18.0,Product Catalog,0.76,Needs Review
PROD-00420,Circuit Breaker,Electrical,Rockwell Automation,ROC-268-PRO,Protective electrical breaker for industrial distribution systems.,4571.72,148,3.3,110.0,118.71,537.44,Polycarbonate,Sweden,12.0,Manufacturer Website,0.72,Needs Review
PROD-00421,Industrial Centrifugal Pump,Pumps,ABB,ABB-283-A,High-efficiency pump for industrial water and process fluid transfer.,13099.64,151,4.8,380.0,104.1,673.45,Alloy Steel,China,12.0,Supplier Catalog,0.78,Verified
PROD-00422,Air Dryer,Compressors,Bosch Rexroth,BOS-278-A,Compressed-air dryer for moisture removal in pneumatic systems.,11065.35,183,4.1,110.0,94.17,665.24,Nylon,Japan,6.0,Manufacturer Website,0.87,Verified
PROD-00423,Stainless Steel Tank,Storage,Siemens,SIE-733-X,Corrosion-resistant storage tank for industrial liquids.,15972.19,138,4.1,380.0,115.61,560.5,Brass,India,12.0,Supplier Catalog,0.75,Verified
PROD-00424,Industrial Heater,Heating,Schneider Electric,SCH-263-A,Electric industrial heater for process temperature control.,1079.92,93,3.7,380.0,37.89,524.37,Alloy Steel,India,6.0,Product Catalog,0.92,Verified
PROD-00425,Electric Motor,Motors,Emerson,EME-627-A,Industrial electric motor designed for continuous-duty machinery.,1389.88,60,4.5,400.0,87.07,356.32,Nylon,Germany,6.0,Product Catalog,0.81,Verified
PROD-00426,Air Dryer,Compressors,Festo,FES-304-PRO,Compressed-air dryer for moisture removal in pneumatic systems.,16499.49,18,4.0,380.0,8.39,370.6,Cast Iron,Italy,24.0,Product Catalog,0.77,Verified
PROD-00427,Level Sensor,Sensors,Mitsubishi Electric,MIT-298-X,Industrial sensor for liquid-level measurement.,18049.86,51,3.8,110.0,103.91,50.89,Aluminium,India,24.0,Technical PDF,0.84,Verified
PROD-00428,Vacuum Pump,Pumps,WEG,WEG-402-B,Industrial vacuum pump for process and material handling applications.,14624.51,163,4.9,220.0,86.82,469.93,Cast Iron,India,24.0,Product Catalog,0.95,Needs Review
PROD-00429,Photoelectric Sensor,Sensors,Emerson,EME-957-PRO,,5225.93,186,4.0,440.0,37.19,278.34,Cast Iron,Italy,12.0,Supplier Catalog,0.97,Verified
PROD-00430,Hydraulic Cylinder,Hydraulics,ABB,ABB-581-A,Heavy-duty hydraulic cylinder for industrial lifting and motion control.,7924.22,100,4.1,440.0,104.57,83.48,Alloy Steel,Germany,6.0,Supplier Catalog,0.87,Verified
PROD-00431,Hydraulic Pump,Pumps,Schneider Electric,SCH-467-X,High-pressure hydraulic pump for industrial power systems.,4487.33,23,3.2,415.0,45.9,597.87,Stainless Steel,Japan,24.0,Product Catalog,0.93,Needs Review
PROD-00432,Circuit Breaker,Electrical,Danfoss,DAN-575-A,Protective electrical breaker for industrial distribution systems.,15928.95,18,3.9,415.0,50.1,28.0,Polycarbonate,Sweden,18.0,Manufacturer Website,0.91,Verified
PROD-00433,Gear Pump,Pumps,WEG,WEG-443-A,,9563.87,232,4.4,110.0,16.87,310.88,Stainless Steel,USA,18.0,Product Catalog,0.77,Verified
PROD-00434,Temperature Sensor,Sensors,SKF,SKF-344-A,Industrial temperature sensor for process monitoring.,12037.04,188,4.9,400.0,130.7,597.48,Cast Iron,USA,18.0,Technical PDF,0.96,Needs Review
PROD-00435,Air Compressor,Compressors,Siemens,SIE-481-X,Industrial compressor for reliable compressed-air generation.,8416.14,128,4.1,110.0,70.66,452.21,Brass,Japan,36.0,Product Catalog,0.82,Verified
PROD-00436,Level Sensor,Sensors,Siemens,SIE-182-PRO,Industrial sensor for liquid-level measurement.,16620.67,73,4.9,110.0,16.63,234.7,Aluminium,Japan,12.0,Technical PDF,0.96,Verified
PROD-00437,Air Dryer,Compressors,Danfoss,DAN-654-B,Compressed-air dryer for moisture removal in pneumatic systems.,8811.96,107,4.0,415.0,,160.86,Stainless Steel,Sweden,12.0,Supplier Catalog,0.95,Verified
PROD-00438,Photoelectric Sensor,Sensors,SKF,SKF-771-X,Optical sensor for industrial object detection.,9037.42,170,4.5,440.0,82.38,389.41,Aluminium,Sweden,18.0,Product Catalog,0.77,Verified
PROD-00439,Proximity Sensor,Sensors,SKF,SKF-395-A,Non-contact sensor for detecting objects in automation systems.,2816.65,72,4.0,220.0,92.89,136.84,Brass,Germany,12.0,Product Catalog,0.95,Verified
PROD-00440,Conveyor Belt,Material Handling,Siemens,SIE-142-X,Heavy-duty conveyor belt for continuous material transportation.,10664.88,112,3.7,220.0,30.97,601.12,Nylon,USA,12.0,Technical PDF,0.82,Verified
PROD-00441,Pressure Sensor,Sensors,WEG,WEG-125-PRO,Electronic pressure sensor for industrial monitoring and automation.,17230.63,196,3.5,380.0,139.19,132.81,,China,18.0,Product Catalog,0.85,Verified
PROD-00442,Safety Relay,Safety,Mitsubishi Electric,MIT-552-X,Safety control relay for industrial machine protection.,12775.64,187,4.1,110.0,21.13,468.41,Brass,India,24.0,Supplier Catalog,0.89,Verified
PROD-00443,Power Supply,Electrical,Siemens,SIE-434-A,Industrial regulated power supply for automation equipment.,11284.1,49,4.3,220.0,117.25,652.08,Cast Iron,India,6.0,Manufacturer Website,0.87,Needs Review
PROD-00444,Cooling Tower Fan,HVAC,Honeywell,HON-299-PRO,High-capacity fan for industrial cooling tower systems.,5936.51,154,4.1,110.0,136.29,307.03,Aluminium,China,24.0,Manufacturer Website,0.82,Verified
PROD-00445,Water Filter,Filtration,SKF,SKF-459-X,Industrial filtration unit for removing particles from process water.,18086.1,223,4.2,220.0,109.25,377.7,Polycarbonate,Sweden,24.0,Supplier Catalog,0.8,Needs Review
PROD-00446,Temperature Sensor,Sensors,Festo,FES-701-A,Industrial temperature sensor for process monitoring.,2730.12,77,4.1,440.0,78.91,285.24,Polycarbonate,India,6.0,Supplier Catalog,0.83,Verified
PROD-00447,Butterfly Valve,Valves,Rockwell Automation,ROC-573-B,,3754.33,213,3.9,400.0,73.72,699.41,Brass,Sweden,36.0,Product Catalog,0.8,Needs Review
PROD-00448,Electric Motor,Motors,Parker,PAR-102-B,Industrial electric motor designed for continuous-duty machinery.,4922.2,244,4.4,415.0,71.01,555.81,Brass,Japan,12.0,Manufacturer Website,0.85,Verified
PROD-00449,Pressure Sensor,Sensors,Parker,PAR-383-PRO,Electronic pressure sensor for industrial monitoring and automation.,18395.64,17,4.3,230.0,87.26,480.83,,China,24.0,Technical PDF,0.98,Verified
PROD-00450,Cooling Tower Fan,HVAC,Mitsubishi Electric,MIT-689-A,High-capacity fan for industrial cooling tower systems.,15650.83,41,4.2,220.0,48.12,746.59,Aluminium,USA,12.0,Supplier Catalog,0.73,Verified
PROD-00451,Power Supply,Electrical,ABB,ABB-396-X,Industrial regulated power supply for automation equipment.,9837.81,239,3.3,220.0,115.02,155.92,Carbon Steel,Italy,12.0,Technical PDF,0.87,Verified
PROD-00452,Heat Exchanger,Heat Transfer,Danfoss,DAN-814-X,Industrial heat exchanger for efficient thermal energy transfer.,1849.77,148,3.8,220.0,2.18,440.54,Nylon,Sweden,24.0,Manufacturer Website,0.83,Verified
PROD-00453,Hydraulic Pump,Pumps,Schneider Electric,SCH-615-B,High-pressure hydraulic pump for industrial power systems.,15398.43,203,4.8,400.0,103.53,809.63,Carbon Steel,Japan,24.0,Product Catalog,0.97,Verified
PROD-00454,Electric Motor,Motors,Emerson,EME-456-X,Industrial electric motor designed for continuous-duty machinery.,12810.7,35,4.7,400.0,78.59,824.6,Aluminium,China,18.0,Product Catalog,0.73,Verified
PROD-00455,Temperature Sensor,Sensors,Festo,FES-810-B,Industrial temperature sensor for process monitoring.,12755.39,78,3.4,220.0,147.17,361.2,Carbon Steel,India,6.0,Manufacturer Website,0.93,Needs Review
PROD-00456,Solenoid Valve,Valves,Siemens,SIE-133-A,Electrically operated valve for automated fluid control.,8723.15,232,3.7,110.0,45.42,,Carbon Steel,Sweden,6.0,Product Catalog,0.97,Verified
PROD-00457,Butterfly Valve,Valves,Danfoss,DAN-459-A,Compact industrial valve for isolating and controlling pipelines.,1756.7,216,4.5,230.0,142.33,295.79,Aluminium,Sweden,36.0,Manufacturer Website,0.93,Verified
PROD-00458,Roller Bearing,Bearings,Festo,FES-692-A,Heavy-load roller bearing for industrial rotating equipment.,9823.57,183,3.5,230.0,25.97,640.96,Stainless Steel,China,6.0,Technical PDF,0.97,Needs Review
PROD-00459,Photoelectric Sensor,Sensors,Schneider Electric,SCH-550-A,Optical sensor for industrial object detection.,3415.33,90,5.0,380.0,32.34,193.58,Carbon Steel,Sweden,18.0,Product Catalog,0.75,Verified
PROD-00460,Industrial Heater,Heating,Parker,PAR-469-X,Electric industrial heater for process temperature control.,10344.59,10,3.3,380.0,17.58,241.21,Brass,China,24.0,Technical PDF,0.78,Needs Review
PROD-00461,Pneumatic Actuator,Pneumatics,Bosch Rexroth,BOS-977-A,Pneumatic actuator for automated industrial valve operation.,16561.91,205,4.1,415.0,55.27,11.07,Alloy Steel,China,6.0,Manufacturer Website,0.83,Verified
PROD-00462,Flow Meter,Instrumentation,Honeywell,HON-510-A,Digital flow meter for accurate industrial fluid measurement.,13738.47,228,5.0,110.0,54.72,169.38,Cast Iron,Italy,24.0,Supplier Catalog,0.75,Needs Review
PROD-00463,Heat Exchanger,Heat Transfer,Parker,PAR-830-X,Industrial heat exchanger for efficient thermal energy transfer.,14012.32,205,4.4,,53.58,566.74,Polycarbonate,Japan,36.0,Manufacturer Website,0.8,Needs Review
PROD-00464,Pressure Sensor,Sensors,Grundfos,GRU-601-PRO,Electronic pressure sensor for industrial monitoring and automation.,4335.58,241,3.4,110.0,110.74,705.8,Alloy Steel,China,6.0,Technical PDF,0.98,Needs Review
PROD-00465,Flow Meter,Instrumentation,Grundfos,GRU-736-A,Digital flow meter for accurate industrial fluid measurement.,14083.56,169,4.6,440.0,73.96,396.23,Brass,China,24.0,Technical PDF,0.85,Verified
PROD-00466,Mixing Tank,Process Equipment,Rockwell Automation,ROC-118-A,Industrial tank designed for controlled mixing of process materials.,18328.95,225,4.8,380.0,67.65,724.97,Alloy Steel,Japan,6.0,Product Catalog,0.73,Verified
PROD-00467,Industrial Heater,Heating,Honeywell,HON-237-X,Electric industrial heater for process temperature control.,13265.04,124,4.6,400.0,101.33,561.13,Alloy Steel,Japan,36.0,Supplier Catalog,0.95,Verified
PROD-00468,Industrial Fan,HVAC,Emerson,EME-705-PRO,High-volume industrial fan for ventilation and cooling.,11445.94,90,4.6,230.0,48.24,24.12,Stainless Steel,Germany,18.0,Technical PDF,0.81,Verified
PROD-00469,Industrial Transformer,Electrical,Siemens,SIE-538-X,Electrical transformer for industrial voltage conversion.,18351.68,105,3.8,415.0,36.82,199.58,Brass,Italy,6.0,Technical PDF,0.97,Verified
PROD-00470,Pressure Sensor,Sensors,SKF,SKF-273-A,Electronic pressure sensor for industrial monitoring and automation.,9999.95,9,4.0,440.0,63.52,437.64,Polycarbonate,USA,6.0,Technical PDF,0.91,Verified
PROD-00471,Industrial Transformer,Electrical,Eaton,EAT-499-X,Electrical transformer for industrial voltage conversion.,10628.3,206,4.1,415.0,101.35,285.71,Nylon,Germany,36.0,Product Catalog,0.8,Needs Review
PROD-00472,Industrial Heater,Heating,Danfoss,DAN-967-A,Electric industrial heater for process temperature control.,15560.61,137,3.6,230.0,7.37,846.79,Polycarbonate,Sweden,12.0,Manufacturer Website,0.89,Verified
PROD-00473,Photoelectric Sensor,Sensors,SKF,SKF-379-A,Optical sensor for industrial object detection.,10515.78,135,4.1,220.0,52.26,65.35,Brass,Italy,18.0,Product Catalog,0.84,Verified
PROD-00474,Air Dryer,Compressors,Honeywell,HON-357-PRO,Compressed-air dryer for moisture removal in pneumatic systems.,12451.78,140,3.5,110.0,94.27,438.89,Aluminium,Italy,24.0,Technical PDF,0.78,Needs Review
PROD-00475,Mixing Tank,Process Equipment,Parker,PAR-729-PRO,Industrial tank designed for controlled mixing of process materials.,17296.32,186,4.3,400.0,30.3,393.22,Cast Iron,Germany,18.0,Technical PDF,0.95,Needs Review
PROD-00476,Industrial Gearbox,Power Transmission,Danfoss,DAN-308-PRO,Industrial gearbox for speed reduction and high torque transmission.,5000.6,73,4.4,230.0,103.11,200.86,Cast Iron,India,12.0,Technical PDF,0.77,Verified
PROD-00477,Level Sensor,Sensors,Emerson,EME-673-PRO,Industrial sensor for liquid-level measurement.,7856.48,231,3.3,220.0,41.09,24.96,Brass,China,36.0,Supplier Catalog,0.77,Verified
PROD-00478,Electric Motor,Motors,ABB,ABB-980-A,Industrial electric motor designed for continuous-duty machinery.,5865.56,76,4.8,380.0,134.54,570.99,Carbon Steel,Japan,12.0,Technical PDF,0.78,Verified
PROD-00479,Industrial Heater,Heating,WEG,WEG-192-B,Electric industrial heater for process temperature control.,11130.71,197,4.7,230.0,124.89,626.7,Cast Iron,Japan,12.0,Product Catalog,0.76,Verified
PROD-00480,Heat Exchanger,Heat Transfer,Emerson,EME-518-X,Industrial heat exchanger for efficient thermal energy transfer.,15975.3,14,4.1,230.0,105.02,96.19,Polycarbonate,Japan,12.0,Technical PDF,0.98,Verified
PROD-00481,Proximity Sensor,Sensors,Mitsubishi Electric,MIT-476-X,Non-contact sensor for detecting objects in automation systems.,473.08,247,4.8,110.0,126.26,562.96,Stainless Steel,China,12.0,Technical PDF,0.79,Needs Review
PROD-00482,Circuit Breaker,Electrical,WEG,WEG-931-A,Protective electrical breaker for industrial distribution systems.,9935.38,60,4.7,380.0,1.43,816.64,Brass,USA,6.0,Technical PDF,0.97,Verified
PROD-00483,Hydraulic Pump,Pumps,Festo,FES-264-PRO,High-pressure hydraulic pump for industrial power systems.,11711.36,225,4.7,415.0,61.09,28.99,Carbon Steel,Sweden,24.0,Technical PDF,0.85,Needs Review
PROD-00484,Pneumatic Actuator,Pneumatics,WEG,WEG-939-A,Pneumatic actuator for automated industrial valve operation.,15266.34,178,3.7,110.0,52.94,511.88,Nylon,Japan,6.0,Supplier Catalog,0.93,Verified
PROD-00485,Temperature Sensor,Sensors,ABB,ABB-510-B,Industrial temperature sensor for process monitoring.,11655.08,80,4.2,110.0,23.88,439.01,Aluminium,Sweden,36.0,Supplier Catalog,0.91,Verified
PROD-00486,Proximity Sensor,Sensors,Festo,FES-852-B,,4885.42,175,4.3,230.0,119.98,169.02,Polycarbonate,USA,12.0,Product Catalog,0.83,Needs Review
PROD-00487,Electric Motor,Motors,ABB,ABB-671-B,Industrial electric motor designed for continuous-duty machinery.,16784.55,249,4.0,230.0,105.26,143.61,Polycarbonate,Italy,,Manufacturer Website,0.88,Verified
PROD-00488,Circuit Breaker,Electrical,Schneider Electric,SCH-680-A,Protective electrical breaker for industrial distribution systems.,344.93,134,4.0,380.0,124.13,420.13,Cast Iron,China,12.0,Technical PDF,0.77,Verified
PROD-00489,Industrial Heater,Heating,Honeywell,HON-233-PRO,Electric industrial heater for process temperature control.,15854.46,153,3.6,440.0,42.62,575.67,Polycarbonate,Germany,24.0,Technical PDF,0.93,Verified
PROD-00490,Industrial Fan,HVAC,Bosch Rexroth,BOS-732-PRO,High-volume industrial fan for ventilation and cooling.,16793.45,94,4.2,415.0,68.86,8.97,Aluminium,Sweden,18.0,Product Catalog,0.98,Needs Review
PROD-00491,Industrial Transformer,Electrical,Mitsubishi Electric,MIT-533-X,Electrical transformer for industrial voltage conversion.,1430.32,142,3.3,230.0,139.68,400.4,Nylon,Italy,36.0,Manufacturer Website,0.91,Verified
PROD-00492,Industrial Fan,HVAC,Rockwell Automation,ROC-734-PRO,High-volume industrial fan for ventilation and cooling.,5655.67,101,4.4,220.0,145.22,475.71,Aluminium,USA,12.0,Supplier Catalog,0.86,Verified
PROD-00493,Temperature Sensor,Sensors,Siemens,SIE-424-PRO,Industrial temperature sensor for process monitoring.,2696.17,29,3.8,220.0,75.01,827.37,Brass,China,18.0,Technical PDF,0.97,Verified
PROD-00494,Gear Pump,Pumps,Festo,FES-879-X,Positive-displacement gear pump for industrial fluid transfer.,9605.05,111,4.8,230.0,,417.69,Aluminium,Italy,24.0,Manufacturer Website,0.73,Verified
PROD-00495,Vacuum Pump,Pumps,Schneider Electric,SCH-136-PRO,Industrial vacuum pump for process and material handling applications.,4877.02,180,4.0,110.0,149.28,788.14,Stainless Steel,Japan,18.0,Supplier Catalog,0.99,Needs Review
PROD-00496,Industrial Heater,Heating,Siemens,SIE-966-B,Electric industrial heater for process temperature control.,2362.09,23,3.6,230.0,27.3,143.22,Brass,Italy,36.0,Product Catalog,0.78,Verified
PROD-00497,Air Dryer,Compressors,WEG,WEG-178-B,Compressed-air dryer for moisture removal in pneumatic systems.,14232.39,173,3.4,230.0,4.14,579.18,Carbon Steel,Japan,18.0,Technical PDF,0.88,Verified
PROD-00498,Flow Meter,Instrumentation,ABB,ABB-183-PRO,Digital flow meter for accurate industrial fluid measurement.,15382.33,168,4.1,415.0,,505.15,Stainless Steel,USA,6.0,Technical PDF,0.9,Needs Review
PROD-00499,Safety Relay,Safety,Schneider Electric,SCH-316-A,Safety control relay for industrial machine protection.,14845.69,72,3.8,110.0,111.63,465.17,Polycarbonate,India,24.0,Supplier Catalog,0.79,Verified
PROD-00500,Ball Bearing,Bearings,ABB,ABB-972-B,Precision bearing for rotating industrial machinery.,3085.55,199,3.9,415.0,112.95,556.02,Carbon Steel,USA,24.0,Product Catalog,0.94,Verified
PROD-00501,Power Supply,Electrical,Danfoss,DAN-198-X,Industrial regulated power supply for automation equipment.,9525.51,125,4.0,380.0,71.6,478.69,Polycarbonate,India,24.0,Supplier Catalog,0.94,Verified
PROD-00502,Pneumatic Actuator,Pneumatics,Siemens,SIE-141-X,Pneumatic actuator for automated industrial valve operation.,18007.8,173,3.6,415.0,107.12,791.08,Carbon Steel,USA,24.0,Technical PDF,0.84,Needs Review
PROD-00503,Flow Meter,Instrumentation,Schneider Electric,SCH-800-X,Digital flow meter for accurate industrial fluid measurement.,15581.92,133,4.0,,7.4,65.24,Stainless Steel,Italy,6.0,Manufacturer Website,0.86,Needs Review
PROD-00504,Level Sensor,Sensors,Danfoss,DAN-837-X,Industrial sensor for liquid-level measurement.,6630.75,149,3.3,400.0,2.69,629.49,Alloy Steel,Germany,12.0,Manufacturer Website,0.95,Verified
PROD-00505,Air Dryer,Compressors,WEG,WEG-821-X,Compressed-air dryer for moisture removal in pneumatic systems.,5866.32,185,4.0,415.0,67.63,686.7,Nylon,Sweden,12.0,Technical PDF,0.78,Verified
PROD-00506,Roller Bearing,Bearings,Honeywell,HON-647-A,Heavy-load roller bearing for industrial rotating equipment.,192.67,29,3.2,415.0,71.7,,Alloy Steel,USA,36.0,Supplier Catalog,0.94,Verified
PROD-00507,PLC Controller,Automation,Siemens,SIE-228-B,Programmable logic controller for industrial automation.,340.53,28,4.7,415.0,145.59,730.19,Cast Iron,Japan,12.0,Product Catalog,0.9,Needs Review
PROD-00508,Ball Bearing,Bearings,Grundfos,GRU-888-PRO,Precision bearing for rotating industrial machinery.,2813.47,108,3.2,220.0,135.39,628.02,Alloy Steel,Japan,24.0,Product Catalog,0.73,Needs Review
PROD-00509,Solenoid Valve,Valves,Grundfos,GRU-683-PRO,Electrically operated valve for automated fluid control.,1022.73,2,3.4,440.0,107.04,832.57,,China,36.0,Manufacturer Website,0.88,Verified
PROD-00510,Industrial Heater,Heating,Honeywell,HON-597-PRO,Electric industrial heater for process temperature control.,4355.55,15,4.2,380.0,86.57,470.36,Brass,China,24.0,Supplier Catalog,0.96,Verified
PROD-00511,Gear Pump,Pumps,Danfoss,DAN-455-PRO,Positive-displacement gear pump for industrial fluid transfer.,12929.73,5,3.5,415.0,29.03,292.4,Cast Iron,Italy,12.0,Supplier Catalog,0.88,Verified
PROD-00512,Temperature Sensor,Sensors,WEG,WEG-400-PRO,Industrial temperature sensor for process monitoring.,17759.78,213,4.9,415.0,110.25,676.62,Aluminium,Italy,12.0,Supplier Catalog,0.8,Verified
PROD-00513,Temperature Sensor,Sensors,Schneider Electric,SCH-304-B,Industrial temperature sensor for process monitoring.,11239.87,25,4.6,380.0,45.72,178.18,Stainless Steel,India,18.0,Product Catalog,0.96,Verified
PROD-00514,Butterfly Valve,Valves,Festo,FES-980-A,Compact industrial valve for isolating and controlling pipelines.,14942.51,86,4.0,400.0,34.2,477.77,Alloy Steel,USA,18.0,Technical PDF,0.93,Verified
PROD-00515,Flow Meter,Instrumentation,Festo,FES-806-A,Digital flow meter for accurate industrial fluid measurement.,13093.45,237,4.9,440.0,68.71,715.39,Carbon Steel,India,36.0,Manufacturer Website,0.88,Verified
PROD-00516,Cooling Tower Fan,HVAC,Siemens,SIE-271-A,High-capacity fan for industrial cooling tower systems.,16122.06,233,3.9,415.0,44.0,375.4,Alloy Steel,China,6.0,Technical PDF,0.76,Verified
PROD-00517,Temperature Sensor,Sensors,Siemens,SIE-968-B,Industrial temperature sensor for process monitoring.,8171.18,106,4.6,110.0,36.99,687.81,Nylon,USA,36.0,Technical PDF,0.77,Verified
PROD-00518,Air Dryer,Compressors,SKF,SKF-744-B,Compressed-air dryer for moisture removal in pneumatic systems.,2876.92,192,4.2,440.0,34.42,681.54,Polycarbonate,Japan,24.0,Manufacturer Website,0.98,Verified
PROD-00519,Pressure Gauge,Instrumentation,Schneider Electric,SCH-888-A,Mechanical pressure gauge for industrial process monitoring.,13300.08,132,4.9,110.0,50.91,341.52,Aluminium,Japan,6.0,Product Catalog,0.83,Verified
PROD-00520,Safety Relay,Safety,ABB,ABB-746-X,Safety control relay for industrial machine protection.,7806.51,226,4.4,400.0,131.06,613.37,Nylon,USA,,Supplier Catalog,0.94,Verified
PROD-00521,Pressure Gauge,Instrumentation,Danfoss,DAN-310-PRO,Mechanical pressure gauge for industrial process monitoring.,12928.93,227,4.7,415.0,60.82,167.86,Brass,India,6.0,Product Catalog,0.87,Needs Review
PROD-00522,Stainless Steel Tank,Storage,Rockwell Automation,ROC-390-B,Corrosion-resistant storage tank for industrial liquids.,1794.27,141,3.8,230.0,113.62,136.19,Stainless Steel,Sweden,36.0,Technical PDF,0.88,Verified
PROD-00523,Pneumatic Actuator,Pneumatics,Rockwell Automation,ROC-213-A,Pneumatic actuator for automated industrial valve operation.,15582.76,66,4.3,230.0,18.79,643.12,Carbon Steel,Japan,18.0,Supplier Catalog,0.87,Verified
PROD-00524,Variable Frequency Drive,Automation,Bosch Rexroth,BOS-924-B,Drive controller for variable-speed industrial motors.,6536.46,72,4.4,440.0,107.3,571.63,Polycarbonate,Italy,12.0,Technical PDF,0.75,Verified
PROD-00525,Level Sensor,Sensors,Siemens,SIE-250-PRO,Industrial sensor for liquid-level measurement.,15340.68,20,3.4,380.0,133.3,404.92,Alloy Steel,India,18.0,Supplier Catalog,0.9,Needs Review
PROD-00526,Industrial Fan,HVAC,Eaton,EAT-610-PRO,High-volume industrial fan for ventilation and cooling.,18435.76,176,4.9,380.0,109.82,354.5,Aluminium,Germany,36.0,Product Catalog,0.75,Needs Review
PROD-00527,Cooling Tower Fan,HVAC,Festo,FES-641-A,High-capacity fan for industrial cooling tower systems.,12873.68,116,4.1,415.0,23.74,475.26,Carbon Steel,Italy,24.0,Technical PDF,0.75,Verified
PROD-00528,Hydraulic Cylinder,Hydraulics,Rockwell Automation,ROC-256-A,Heavy-duty hydraulic cylinder for industrial lifting and motion control.,6925.57,95,3.7,380.0,4.44,121.61,Polycarbonate,India,18.0,Product Catalog,0.96,Verified
PROD-00529,Industrial Heater,Heating,ABB,ABB-225-X,Electric industrial heater for process temperature control.,1329.2,11,4.0,400.0,46.63,384.63,Nylon,Sweden,24.0,Product Catalog,0.85,Verified
PROD-00530,Cooling Tower Fan,HVAC,Danfoss,DAN-571-PRO,High-capacity fan for industrial cooling tower systems.,12371.87,38,4.8,,13.62,531.13,Polycarbonate,Japan,12.0,Manufacturer Website,0.96,Verified
PROD-00531,Pressure Gauge,Instrumentation,Mitsubishi Electric,MIT-384-A,Mechanical pressure gauge for industrial process monitoring.,16031.54,181,3.2,415.0,119.47,601.35,Carbon Steel,China,36.0,Product Catalog,0.74,Verified
PROD-00532,Proximity Sensor,Sensors,Rockwell Automation,ROC-119-A,Non-contact sensor for detecting objects in automation systems.,12206.76,136,3.5,110.0,41.43,175.09,Alloy Steel,India,36.0,Manufacturer Website,0.88,Needs Review
PROD-00533,Industrial Heater,Heating,Festo,FES-123-X,Electric industrial heater for process temperature control.,8132.68,106,3.2,400.0,47.78,218.75,Carbon Steel,India,36.0,Product Catalog,0.77,Verified
PROD-00534,Industrial Fan,HVAC,Parker,PAR-191-B,High-volume industrial fan for ventilation and cooling.,5734.62,104,4.4,110.0,92.27,276.63,Stainless Steel,China,6.0,Technical PDF,0.8,Verified
PROD-00535,Flow Meter,Instrumentation,Honeywell,HON-431-X,Digital flow meter for accurate industrial fluid measurement.,7000.07,211,4.8,110.0,30.58,639.36,Cast Iron,Japan,36.0,Manufacturer Website,0.92,Needs Review
PROD-00536,Heat Exchanger,Heat Transfer,ABB,ABB-425-PRO,Industrial heat exchanger for efficient thermal energy transfer.,10270.72,16,4.1,380.0,95.12,776.69,Stainless Steel,USA,36.0,Product Catalog,0.98,Verified
PROD-00537,Industrial Robot Arm,Robotics,Danfoss,DAN-904-B,Programmable robotic arm for industrial assembly and handling.,5694.45,104,4.0,440.0,95.46,173.1,Aluminium,USA,36.0,Supplier Catalog,0.99,Verified
PROD-00538,Industrial Robot Arm,Robotics,Emerson,EME-142-A,Programmable robotic arm for industrial assembly and handling.,15049.83,246,4.7,230.0,98.05,142.44,,Japan,18.0,Technical PDF,0.88,Needs Review
PROD-00539,Hydraulic Pump,Pumps,Eaton,EAT-960-X,High-pressure hydraulic pump for industrial power systems.,922.6,189,4.2,110.0,45.27,336.13,Carbon Steel,Sweden,12.0,Supplier Catalog,0.92,Verified
PROD-00540,Hydraulic Pump,Pumps,Eaton,EAT-616-X,High-pressure hydraulic pump for industrial power systems.,16362.6,242,3.8,230.0,146.95,601.65,Brass,Germany,18.0,Technical PDF,0.81,Needs Review
PROD-00541,Electric Motor,Motors,WEG,WEG-808-B,Industrial electric motor designed for continuous-duty machinery.,11989.25,0,4.3,110.0,135.24,571.87,Polycarbonate,Italy,24.0,Manufacturer Website,0.93,Verified
PROD-00542,Mixing Tank,Process Equipment,ABB,ABB-952-PRO,Industrial tank designed for controlled mixing of process materials.,12464.41,90,4.9,380.0,124.16,304.4,Aluminium,Sweden,6.0,Product Catalog,0.75,Verified
PROD-00543,Pressure Gauge,Instrumentation,ABB,ABB-326-A,Mechanical pressure gauge for industrial process monitoring.,14051.32,174,4.9,230.0,28.93,693.88,Brass,Sweden,12.0,Technical PDF,0.78,Needs Review
PROD-00544,Hydraulic Cylinder,Hydraulics,Grundfos,GRU-604-B,Heavy-duty hydraulic cylinder for industrial lifting and motion control.,216.4,210,4.3,110.0,130.52,483.82,Alloy Steel,Germany,36.0,Manufacturer Website,0.77,Verified
PROD-00545,Photoelectric Sensor,Sensors,Schneider Electric,SCH-863-A,Optical sensor for industrial object detection.,2431.64,238,4.2,220.0,132.18,619.62,Brass,Germany,6.0,Supplier Catalog,0.99,Verified
PROD-00546,Industrial Centrifugal Pump,Pumps,Honeywell,HON-756-A,High-efficiency pump for industrial water and process fluid transfer.,15808.83,82,4.0,380.0,41.29,578.21,Alloy Steel,Japan,18.0,Product Catalog,0.86,Verified
PROD-00547,Air Compressor,Compressors,Grundfos,GRU-530-PRO,Industrial compressor for reliable compressed-air generation.,5908.6,100,3.6,110.0,132.04,686.56,Cast Iron,China,24.0,Product Catalog,0.98,Verified
PROD-00548,Control Valve,Valves,SKF,SKF-418-A,Modulating valve for automated process flow control.,11612.69,24,3.3,380.0,121.26,503.73,Nylon,Sweden,18.0,Product Catalog,0.79,Needs Review
PROD-00549,Variable Frequency Drive,Automation,Festo,FES-155-X,Drive controller for variable-speed industrial motors.,9654.82,60,4.9,,90.09,372.86,Carbon Steel,China,24.0,Manufacturer Website,0.88,Verified
PROD-00550,Hydraulic Cylinder,Hydraulics,Honeywell,HON-420-A,Heavy-duty hydraulic cylinder for industrial lifting and motion control.,14497.43,15,4.9,380.0,8.45,519.21,Polycarbonate,India,6.0,Technical PDF,0.9,Verified
PROD-00551,Industrial Transformer,Electrical,Honeywell,HON-198-PRO,Electrical transformer for industrial voltage conversion.,4377.76,153,4.6,400.0,1.84,326.46,Polycarbonate,Italy,36.0,Supplier Catalog,0.75,Verified
PROD-00552,Stainless Steel Tank,Storage,SKF,SKF-701-B,Corrosion-resistant storage tank for industrial liquids.,2073.94,3,4.3,110.0,89.03,714.69,Aluminium,China,36.0,Supplier Catalog,0.79,Needs Review
PROD-00553,Gear Pump,Pumps,Emerson,EME-290-B,Positive-displacement gear pump for industrial fluid transfer.,2620.24,11,3.3,230.0,87.78,436.25,Nylon,USA,36.0,Product Catalog,0.96,Verified
PROD-00554,Proximity Sensor,Sensors,Grundfos,GRU-717-X,Non-contact sensor for detecting objects in automation systems.,5444.94,248,3.2,400.0,98.74,123.08,Cast Iron,Italy,36.0,Technical PDF,0.95,Needs Review
PROD-00555,Solenoid Valve,Valves,Bosch Rexroth,BOS-755-B,Electrically operated valve for automated fluid control.,14545.63,87,3.5,380.0,104.29,834.64,Nylon,Sweden,36.0,Technical PDF,0.87,Verified
PROD-00556,Air Dryer,Compressors,SKF,SKF-266-A,Compressed-air dryer for moisture removal in pneumatic systems.,8450.97,202,4.8,380.0,33.11,3.34,Cast Iron,China,12.0,Product Catalog,0.85,Verified
PROD-00557,Proximity Sensor,Sensors,Mitsubishi Electric,MIT-886-X,,14950.9,96,3.6,220.0,123.96,5.92,Stainless Steel,India,18.0,Product Catalog,0.73,Verified
PROD-00558,Water Filter,Filtration,Emerson,EME-299-X,Industrial filtration unit for removing particles from process water.,893.51,7,3.6,230.0,26.33,752.6,Aluminium,USA,36.0,Manufacturer Website,0.79,Verified
PROD-00559,Butterfly Valve,Valves,Festo,FES-368-A,Compact industrial valve for isolating and controlling pipelines.,471.6,173,3.4,415.0,118.17,94.5,Cast Iron,USA,24.0,Product Catalog,0.78,Verified
PROD-00560,Stainless Steel Tank,Storage,Parker,PAR-738-PRO,Corrosion-resistant storage tank for industrial liquids.,16260.51,16,3.4,220.0,119.29,163.09,Polycarbonate,China,18.0,Product Catalog,0.81,Needs Review
PROD-00561,Hydraulic Cylinder,Hydraulics,Parker,PAR-730-B,Heavy-duty hydraulic cylinder for industrial lifting and motion control.,15819.43,75,4.6,230.0,37.26,535.11,Brass,Sweden,12.0,Product Catalog,0.95,Needs Review
PROD-00562,Ball Bearing,Bearings,Parker,PAR-581-A,Precision bearing for rotating industrial machinery.,3168.29,99,4.6,415.0,112.73,318.25,Alloy Steel,Germany,18.0,Supplier Catalog,0.91,Needs Review
PROD-00563,Proximity Sensor,Sensors,Grundfos,GRU-695-PRO,Non-contact sensor for detecting objects in automation systems.,11835.71,202,4.3,110.0,31.28,760.67,Alloy Steel,Sweden,12.0,Supplier Catalog,0.83,Verified
PROD-00564,Industrial Transformer,Electrical,Eaton,EAT-260-X,Electrical transformer for industrial voltage conversion.,4772.16,21,3.4,110.0,44.43,441.09,Cast Iron,Italy,6.0,Supplier Catalog,0.85,Verified
PROD-00565,Pressure Gauge,Instrumentation,Emerson,EME-542-PRO,Mechanical pressure gauge for industrial process monitoring.,6852.73,127,3.8,380.0,3.95,375.55,Brass,China,6.0,Technical PDF,0.82,Verified
PROD-00566,Cooling Tower Fan,HVAC,Rockwell Automation,ROC-659-A,High-capacity fan for industrial cooling tower systems.,14556.86,237,3.6,110.0,10.93,32.73,Cast Iron,USA,12.0,Technical PDF,0.9,Verified
PROD-00567,Heat Exchanger,Heat Transfer,Bosch Rexroth,BOS-822-B,Industrial heat exchanger for efficient thermal energy transfer.,18470.63,192,4.5,400.0,136.88,7.45,Brass,USA,18.0,Supplier Catalog,0.93,Needs Review
PROD-00568,Photoelectric Sensor,Sensors,Parker,PAR-771-A,Optical sensor for industrial object detection.,8776.95,131,5.0,220.0,129.85,193.6,Cast Iron,Japan,12.0,Supplier Catalog,0.86,Needs Review
PROD-00569,Variable Frequency Drive,Automation,Parker,PAR-187-X,Drive controller for variable-speed industrial motors.,15660.44,109,4.6,415.0,62.8,372.99,Stainless Steel,USA,12.0,Technical PDF,0.88,Verified
PROD-00570,Industrial Centrifugal Pump,Pumps,Emerson,EME-929-X,High-efficiency pump for industrial water and process fluid transfer.,6342.83,107,4.0,440.0,60.65,661.89,Brass,USA,36.0,Product Catalog,0.73,Verified
PROD-00571,Flow Meter,Instrumentation,SKF,SKF-681-PRO,,18134.87,52,4.9,110.0,80.29,160.25,Carbon Steel,USA,36.0,Manufacturer Website,0.98,Verified
PROD-00572,Control Valve,Valves,Siemens,SIE-791-B,Modulating valve for automated process flow control.,675.37,176,4.3,110.0,28.21,59.25,Polycarbonate,USA,12.0,Supplier Catalog,0.78,Verified
PROD-00573,Air Compressor,Compressors,SKF,SKF-630-A,Industrial compressor for reliable compressed-air generation.,3249.17,220,4.8,380.0,23.77,94.31,Polycarbonate,Japan,6.0,Product Catalog,0.83,Verified
PROD-00574,Hydraulic Pump,Pumps,Grundfos,GRU-542-PRO,High-pressure hydraulic pump for industrial power systems.,3008.96,147,4.9,400.0,30.65,609.31,Alloy Steel,USA,12.0,Supplier Catalog,0.72,Verified
PROD-00575,Industrial Gearbox,Power Transmission,Festo,FES-508-B,Industrial gearbox for speed reduction and high torque transmission.,9768.65,233,4.2,380.0,69.17,489.8,Carbon Steel,USA,24.0,Supplier Catalog,0.81,Verified
PROD-00576,Gear Pump,Pumps,Festo,FES-929-B,Positive-displacement gear pump for industrial fluid transfer.,7728.2,45,4.8,415.0,64.95,327.09,Aluminium,China,36.0,Product Catalog,0.75,Verified
PROD-00577,Control Valve,Valves,Grundfos,GRU-743-X,Modulating valve for automated process flow control.,12361.49,17,4.5,415.0,135.36,772.44,,Sweden,36.0,Manufacturer Website,0.75,Verified
PROD-00578,Roller Bearing,Bearings,Rockwell Automation,ROC-884-X,Heavy-load roller bearing for industrial rotating equipment.,7636.92,42,3.7,400.0,6.93,22.9,Alloy Steel,Japan,18.0,Supplier Catalog,0.92,Verified
PROD-00579,Hydraulic Cylinder,Hydraulics,ABB,ABB-356-A,Heavy-duty hydraulic cylinder for industrial lifting and motion control.,13143.07,34,3.8,,69.77,392.26,Carbon Steel,Italy,12.0,Product Catalog,0.91,Needs Review
PROD-00580,Proximity Sensor,Sensors,Festo,FES-385-B,Non-contact sensor for detecting objects in automation systems.,3226.4,4,4.3,220.0,44.3,454.55,Polycarbonate,Germany,6.0,Technical PDF,0.9,Verified
PROD-00581,Flow Meter,Instrumentation,Emerson,EME-466-B,Digital flow meter for accurate industrial fluid measurement.,4075.02,8,4.8,400.0,32.62,592.29,Carbon Steel,Japan,18.0,Manufacturer Website,0.84,Verified
PROD-00582,Industrial Transformer,Electrical,Parker,PAR-306-B,Electrical transformer for industrial voltage conversion.,6984.08,61,3.6,110.0,63.4,840.9,Nylon,Sweden,12.0,Product Catalog,0.9,Verified
PROD-00583,Roller Bearing,Bearings,Parker,PAR-955-B,Heavy-load roller bearing for industrial rotating equipment.,13417.67,11,3.9,110.0,122.39,274.41,Cast Iron,Italy,12.0,Supplier Catalog,0.97,Needs Review
PROD-00584,Pressure Sensor,Sensors,Bosch Rexroth,BOS-318-A,Electronic pressure sensor for industrial monitoring and automation.,6651.35,44,3.2,415.0,47.61,330.93,Alloy Steel,Germany,6.0,Technical PDF,0.9,Verified
PROD-00585,Hydraulic Cylinder,Hydraulics,Siemens,SIE-323-PRO,Heavy-duty hydraulic cylinder for industrial lifting and motion control.,5637.75,153,4.1,110.0,106.95,672.61,Aluminium,USA,6.0,Product Catalog,0.88,Needs Review
PROD-00586,Variable Frequency Drive,Automation,Schneider Electric,SCH-750-X,Drive controller for variable-speed industrial motors.,18095.27,170,4.1,230.0,2.89,775.31,Alloy Steel,Japan,36.0,Manufacturer Website,0.89,Verified
PROD-00587,Vacuum Pump,Pumps,ABB,ABB-731-A,Industrial vacuum pump for process and material handling applications.,5772.45,188,4.0,220.0,93.06,51.12,Nylon,Japan,18.0,Product Catalog,0.77,Needs Review
PROD-00588,Hydraulic Cylinder,Hydraulics,Bosch Rexroth,BOS-842-PRO,Heavy-duty hydraulic cylinder for industrial lifting and motion control.,13698.39,84,3.4,230.0,96.63,646.47,Polycarbonate,China,18.0,Technical PDF,0.92,Verified
PROD-00589,Variable Frequency Drive,Automation,Bosch Rexroth,BOS-310-A,Drive controller for variable-speed industrial motors.,16780.63,170,5.0,440.0,103.18,611.63,Polycarbonate,Italy,18.0,Manufacturer Website,0.77,Verified
PROD-00590,Industrial Heater,Heating,Siemens,SIE-297-A,Electric industrial heater for process temperature control.,11766.87,36,4.9,220.0,13.99,503.82,Cast Iron,Germany,36.0,Technical PDF,0.74,Needs Review
PROD-00591,Control Valve,Valves,Mitsubishi Electric,MIT-302-B,Modulating valve for automated process flow control.,7893.27,155,3.6,230.0,86.57,822.57,Cast Iron,USA,24.0,Supplier Catalog,0.74,Verified
PROD-00592,Industrial Transformer,Electrical,Schneider Electric,SCH-582-PRO,Electrical transformer for industrial voltage conversion.,7868.97,156,4.5,440.0,23.59,810.7,Alloy Steel,India,24.0,Technical PDF,0.84,Verified
PROD-00593,Flow Control Valve,Valves,Rockwell Automation,ROC-256-B,Precision valve for regulating industrial fluid flow.,4823.03,118,3.8,230.0,56.43,515.2,Carbon Steel,USA,12.0,Product Catalog,0.91,Verified
PROD-00594,Solenoid Valve,Valves,ABB,ABB-113-X,Electrically operated valve for automated fluid control.,9135.12,236,3.9,380.0,145.58,317.3,Alloy Steel,USA,36.0,Manufacturer Website,0.74,Verified
PROD-00595,Industrial Transformer,Electrical,WEG,WEG-679-B,Electrical transformer for industrial voltage conversion.,3661.71,111,4.9,440.0,136.98,613.96,Alloy Steel,China,18.0,Supplier Catalog,0.91,Needs Review
PROD-00596,Conveyor Belt,Material Handling,Bosch Rexroth,BOS-589-A,Heavy-duty conveyor belt for continuous material transportation.,17053.84,92,4.3,415.0,4.48,565.89,Aluminium,USA,36.0,Technical PDF,0.84,Verified
PROD-00597,Conveyor Belt,Material Handling,Eaton,EAT-692-B,Heavy-duty conveyor belt for continuous material transportation.,312.19,197,3.4,415.0,137.55,338.14,Carbon Steel,Italy,12.0,Supplier Catalog,0.96,Verified
PROD-00598,Industrial Fan,HVAC,Mitsubishi Electric,MIT-409-PRO,High-volume industrial fan for ventilation and cooling.,10877.66,187,3.9,415.0,130.45,,Nylon,Sweden,12.0,Supplier Catalog,0.79,Verified
PROD-00599,PLC Controller,Automation,ABB,ABB-272-PRO,Programmable logic controller for industrial automation.,114.07,17,4.6,380.0,78.86,556.41,Polycarbonate,Germany,12.0,Product Catalog,0.82,Verified
PROD-00600,Industrial Heater,Heating,Schneider Electric,SCH-614-A,Electric industrial heater for process temperature control.,8383.92,208,3.6,,9.08,155.48,Cast Iron,USA,24.0,Product Catalog,0.84,Verified
PROD-00601,Ball Bearing,Bearings,Grundfos,GRU-187-PRO,Precision bearing for rotating industrial machinery.,2381.01,16,3.8,400.0,35.41,412.52,Carbon Steel,India,6.0,Manufacturer Website,0.79,Verified
PROD-00602,Roller Bearing,Bearings,Bosch Rexroth,BOS-634-A,Heavy-load roller bearing for industrial rotating equipment.,7002.89,133,5.0,440.0,40.06,413.14,Nylon,Italy,24.0,Technical PDF,0.81,Verified
PROD-00603,Conveyor Belt,Material Handling,SKF,SKF-781-PRO,Heavy-duty conveyor belt for continuous material transportation.,7053.89,14,5.0,440.0,49.71,85.33,Alloy Steel,Sweden,24.0,Manufacturer Website,0.92,Verified
PROD-00604,Flow Control Valve,Valves,Siemens,SIE-989-X,Precision valve for regulating industrial fluid flow.,17598.81,192,4.7,230.0,67.92,583.32,Alloy Steel,Italy,24.0,Technical PDF,0.9,Verified
PROD-00605,Electric Motor,Motors,Danfoss,DAN-468-A,Industrial electric motor designed for continuous-duty machinery.,17940.14,188,3.8,380.0,35.23,411.96,Carbon Steel,USA,24.0,Manufacturer Website,0.97,Needs Review
PROD-00606,Industrial Transformer,Electrical,Grundfos,GRU-721-B,Electrical transformer for industrial voltage conversion.,13195.41,222,4.1,400.0,117.78,609.22,Stainless Steel,Germany,24.0,Supplier Catalog,0.94,Verified
PROD-00607,Control Valve,Valves,WEG,WEG-556-A,Modulating valve for automated process flow control.,8964.13,138,3.6,220.0,25.77,802.59,Carbon Steel,India,24.0,Product Catalog,0.99,Verified
PROD-00608,Servo Motor,Motors,WEG,WEG-492-X,Precision servo motor for automated motion-control applications.,4143.22,65,4.4,415.0,18.68,115.57,Alloy Steel,India,18.0,Technical PDF,0.96,Verified
PROD-00609,Industrial Transformer,Electrical,WEG,WEG-834-PRO,Electrical transformer for industrial voltage conversion.,12126.93,200,4.2,440.0,65.69,198.52,Brass,India,18.0,Technical PDF,0.74,Verified
PROD-00610,Photoelectric Sensor,Sensors,WEG,WEG-292-A,Optical sensor for industrial object detection.,10633.83,32,4.7,380.0,86.64,1.63,Stainless Steel,Italy,36.0,Supplier Catalog,0.77,Needs Review
PROD-00611,Servo Motor,Motors,Parker,PAR-473-B,Precision servo motor for automated motion-control applications.,9656.22,154,4.3,110.0,59.45,457.64,Alloy Steel,USA,12.0,Product Catalog,0.94,Verified
PROD-00612,Industrial Heater,Heating,Danfoss,DAN-566-B,Electric industrial heater for process temperature control.,11160.99,37,4.5,440.0,120.24,597.58,Nylon,USA,36.0,Technical PDF,0.99,Verified
PROD-00613,Safety Relay,Safety,Emerson,EME-746-B,Safety control relay for industrial machine protection.,9200.9,180,4.9,110.0,147.18,283.31,Cast Iron,Sweden,12.0,Product Catalog,0.91,Verified
PROD-00614,Industrial Heater,Heating,Mitsubishi Electric,MIT-501-X,Electric industrial heater for process temperature control.,18212.53,168,4.8,220.0,148.66,465.84,Nylon,Japan,24.0,Supplier Catalog,0.99,Needs Review
PROD-00615,Industrial Gearbox,Power Transmission,Rockwell Automation,ROC-844-X,Industrial gearbox for speed reduction and high torque transmission.,5284.73,236,3.6,440.0,82.31,82.9,Nylon,Sweden,36.0,Technical PDF,0.95,Verified
PROD-00616,Level Sensor,Sensors,Danfoss,DAN-267-B,Industrial sensor for liquid-level measurement.,8222.29,123,3.7,,31.66,683.74,Cast Iron,China,6.0,Product Catalog,0.82,Verified
PROD-00617,Industrial Transformer,Electrical,Honeywell,HON-795-B,Electrical transformer for industrial voltage conversion.,17137.02,24,3.8,380.0,27.15,44.79,Nylon,Italy,24.0,Product Catalog,0.98,Needs Review
PROD-00618,Hydraulic Cylinder,Hydraulics,Siemens,SIE-346-PRO,Heavy-duty hydraulic cylinder for industrial lifting and motion control.,9083.05,176,4.3,220.0,98.01,319.19,Carbon Steel,Sweden,24.0,Technical PDF,0.95,Needs Review
PROD-00619,Pressure Gauge,Instrumentation,SKF,SKF-111-A,Mechanical pressure gauge for industrial process monitoring.,2232.7,31,4.1,415.0,136.29,191.35,Alloy Steel,USA,6.0,Supplier Catalog,0.93,Verified
PROD-00620,Proximity Sensor,Sensors,Danfoss,DAN-819-PRO,Non-contact sensor for detecting objects in automation systems.,5579.36,32,3.4,110.0,107.14,732.91,,Japan,6.0,Manufacturer Website,0.83,Needs Review
PROD-00621,Stainless Steel Tank,Storage,Festo,FES-698-A,Corrosion-resistant storage tank for industrial liquids.,13960.85,53,4.9,110.0,27.3,509.32,Aluminium,India,36.0,Manufacturer Website,0.84,Verified
PROD-00622,Hydraulic Cylinder,Hydraulics,Schneider Electric,SCH-688-B,Heavy-duty hydraulic cylinder for industrial lifting and motion control.,12103.37,22,4.2,440.0,113.02,72.1,Carbon Steel,Italy,18.0,Supplier Catalog,0.82,Verified
PROD-00623,Industrial Centrifugal Pump,Pumps,Bosch Rexroth,BOS-407-A,High-efficiency pump for industrial water and process fluid transfer.,17509.54,132,4.8,230.0,98.96,378.29,Alloy Steel,China,18.0,Product Catalog,0.86,Verified
PROD-00624,Roller Bearing,Bearings,Danfoss,DAN-939-A,Heavy-load roller bearing for industrial rotating equipment.,4451.2,48,3.5,440.0,124.94,813.82,Cast Iron,Italy,18.0,Manufacturer Website,0.79,Needs Review
PROD-00625,Industrial Robot Arm,Robotics,Grundfos,GRU-366-PRO,Programmable robotic arm for industrial assembly and handling.,12050.5,41,3.9,110.0,141.72,575.11,Aluminium,Italy,12.0,Product Catalog,0.74,Verified
PROD-00626,Circuit Breaker,Electrical,Eaton,EAT-773-B,Protective electrical breaker for industrial distribution systems.,7813.53,39,3.8,440.0,65.19,22.22,Cast Iron,India,18.0,Supplier Catalog,0.75,Verified
PROD-00627,Industrial Gearbox,Power Transmission,SKF,SKF-755-A,Industrial gearbox for speed reduction and high torque transmission.,6766.32,85,4.6,220.0,130.36,192.06,Stainless Steel,India,24.0,Supplier Catalog,0.98,Verified
PROD-00628,Roller Bearing,Bearings,Parker,PAR-226-B,Heavy-load roller bearing for industrial rotating equipment.,9780.05,224,3.8,440.0,121.07,81.39,Nylon,China,36.0,Manufacturer Website,0.95,Verified
PROD-00629,Air Compressor,Compressors,Schneider Electric,SCH-425-PRO,Industrial compressor for reliable compressed-air generation.,3412.08,206,4.5,440.0,79.87,505.51,Polycarbonate,Japan,36.0,Product Catalog,0.75,Verified
PROD-00630,Temperature Sensor,Sensors,Schneider Electric,SCH-487-X,Industrial temperature sensor for process monitoring.,1058.5,185,4.4,230.0,106.2,211.9,Polycarbonate,China,24.0,Supplier Catalog,0.77,Verified
PROD-00631,Cooling Tower Fan,HVAC,Grundfos,GRU-382-PRO,High-capacity fan for industrial cooling tower systems.,9671.75,183,4.8,440.0,34.51,540.36,Carbon Steel,USA,24.0,Manufacturer Website,0.93,Verified
PROD-00632,Industrial Gearbox,Power Transmission,Mitsubishi Electric,MIT-345-A,Industrial gearbox for speed reduction and high torque transmission.,3125.56,14,3.4,230.0,83.24,419.02,Stainless Steel,Japan,36.0,Supplier Catalog,0.97,Verified
PROD-00633,Industrial Heater,Heating,Rockwell Automation,ROC-801-A,Electric industrial heater for process temperature control.,7551.76,157,3.5,440.0,111.95,607.09,Nylon,Germany,36.0,Supplier Catalog,0.9,Verified
PROD-00634,Control Valve,Valves,Danfoss,DAN-882-B,Modulating valve for automated process flow control.,3304.2,93,4.7,400.0,53.16,43.46,Alloy Steel,Japan,12.0,Technical PDF,0.82,Verified
PROD-00635,Conveyor Belt,Material Handling,Festo,FES-652-A,Heavy-duty conveyor belt for continuous material transportation.,5426.54,123,3.7,220.0,0.58,536.57,Polycarbonate,Germany,18.0,Supplier Catalog,0.97,Verified
PROD-00636,Gear Pump,Pumps,Festo,FES-599-A,Positive-displacement gear pump for industrial fluid transfer.,6636.03,157,4.0,230.0,53.25,4.58,Aluminium,Japan,18.0,Supplier Catalog,0.72,Needs Review
PROD-00637,Solenoid Valve,Valves,Siemens,SIE-641-B,Electrically operated valve for automated fluid control.,7648.39,233,4.1,220.0,115.47,212.76,Alloy Steel,Japan,18.0,Product Catalog,0.8,Needs Review
PROD-00638,Mixing Tank,Process Equipment,Parker,PAR-375-A,Industrial tank designed for controlled mixing of process materials.,18304.23,168,4.7,220.0,21.2,635.08,Stainless Steel,USA,12.0,Manufacturer Website,0.75,Verified
PROD-00639,Temperature Sensor,Sensors,Honeywell,HON-531-X,Industrial temperature sensor for process monitoring.,16676.87,41,4.4,380.0,143.96,835.49,Carbon Steel,Japan,24.0,Technical PDF,0.87,Verified
PROD-00640,Welding Machine,Fabrication,Rockwell Automation,ROC-843-PRO,Industrial welding machine for metal fabrication.,2505.06,245,3.4,110.0,19.14,292.63,Stainless Steel,Sweden,12.0,Supplier Catalog,0.73,Verified
PROD-00641,Flow Control Valve,Valves,Mitsubishi Electric,MIT-108-PRO,Precision valve for regulating industrial fluid flow.,8927.75,72,4.1,440.0,64.49,525.05,Aluminium,Germany,18.0,Product Catalog,0.93,Verified
PROD-00642,Pneumatic Actuator,Pneumatics,Bosch Rexroth,BOS-585-A,Pneumatic actuator for automated industrial valve operation.,12996.58,128,4.3,220.0,148.88,502.6,Aluminium,Germany,6.0,Technical PDF,0.76,Verified
PROD-00643,Solenoid Valve,Valves,WEG,WEG-249-PRO,Electrically operated valve for automated fluid control.,410.23,51,3.4,110.0,57.21,446.32,Cast Iron,Germany,18.0,Supplier Catalog,0.84,Verified
PROD-00644,Air Compressor,Compressors,Grundfos,GRU-212-X,Industrial compressor for reliable compressed-air generation.,6780.25,241,3.8,380.0,37.23,760.86,Aluminium,India,6.0,Product Catalog,0.73,Verified
PROD-00645,Water Filter,Filtration,Emerson,EME-386-A,Industrial filtration unit for removing particles from process water.,8020.16,64,4.9,230.0,50.31,94.98,Stainless Steel,China,36.0,Technical PDF,0.93,Verified
PROD-00646,Circuit Breaker,Electrical,Mitsubishi Electric,MIT-929-X,Protective electrical breaker for industrial distribution systems.,13766.09,150,4.2,230.0,35.93,234.7,Polycarbonate,India,6.0,Manufacturer Website,0.76,Verified
PROD-00647,Photoelectric Sensor,Sensors,WEG,WEG-770-B,Optical sensor for industrial object detection.,3637.76,114,4.9,110.0,141.29,526.24,Brass,China,24.0,Product Catalog,0.99,Verified
PROD-00648,Hydraulic Cylinder,Hydraulics,Schneider Electric,SCH-296-PRO,Heavy-duty hydraulic cylinder for industrial lifting and motion control.,10222.38,64,4.8,440.0,128.05,770.81,Nylon,USA,24.0,Supplier Catalog,0.89,Verified
PROD-00649,Industrial Gearbox,Power Transmission,Emerson,EME-529-A,Industrial gearbox for speed reduction and high torque transmission.,3159.11,70,4.5,220.0,43.63,812.44,Stainless Steel,Sweden,12.0,Supplier Catalog,0.92,Needs Review
PROD-00650,Mixing Tank,Process Equipment,Festo,FES-625-A,Industrial tank designed for controlled mixing of process materials.,3133.02,192,4.1,400.0,116.96,340.84,Brass,Germany,12.0,Manufacturer Website,0.72,Verified
PROD-00651,Cooling Tower Fan,HVAC,Emerson,EME-615-X,,5672.3,56,3.7,230.0,82.93,145.61,Stainless Steel,Italy,12.0,Technical PDF,0.8,Verified
PROD-00652,Temperature Sensor,Sensors,Grundfos,GRU-994-A,Industrial temperature sensor for process monitoring.,11915.04,63,5.0,220.0,80.31,1.39,Nylon,China,36.0,Manufacturer Website,0.98,Verified
PROD-00653,Industrial Robot Arm,Robotics,Grundfos,GRU-839-B,Programmable robotic arm for industrial assembly and handling.,7604.63,156,3.7,110.0,93.99,9.04,Nylon,Germany,18.0,Manufacturer Website,0.77,Verified
PROD-00654,Industrial Transformer,Electrical,Danfoss,DAN-363-B,Electrical transformer for industrial voltage conversion.,15127.24,56,3.8,220.0,87.35,686.61,Polycarbonate,Germany,24.0,Technical PDF,0.78,Needs Review
PROD-00655,Flow Meter,Instrumentation,WEG,WEG-590-A,Digital flow meter for accurate industrial fluid measurement.,9218.13,117,3.5,440.0,26.62,484.3,Aluminium,China,18.0,Product Catalog,0.73,Verified
PROD-00656,Welding Machine,Fabrication,Danfoss,DAN-722-B,Industrial welding machine for metal fabrication.,1364.0,18,4.0,380.0,136.39,824.83,Carbon Steel,China,36.0,Manufacturer Website,0.76,Verified
PROD-00657,Industrial Transformer,Electrical,Honeywell,HON-121-A,Electrical transformer for industrial voltage conversion.,15306.14,195,4.7,110.0,20.04,654.65,Brass,Germany,36.0,Manufacturer Website,0.72,Verified
PROD-00658,Mixing Tank,Process Equipment,Mitsubishi Electric,MIT-937-X,Industrial tank designed for controlled mixing of process materials.,15787.84,21,3.6,380.0,114.01,758.55,Aluminium,USA,18.0,Manufacturer Website,0.85,Verified
PROD-00659,Mixing Tank,Process Equipment,Mitsubishi Electric,MIT-373-A,Industrial tank designed for controlled mixing of process materials.,475.54,11,3.4,230.0,15.61,753.51,Polycarbonate,Germany,6.0,Product Catalog,0.97,Verified
PROD-00660,Pneumatic Actuator,Pneumatics,Honeywell,HON-250-X,Pneumatic actuator for automated industrial valve operation.,12153.54,57,4.9,415.0,57.87,751.61,Carbon Steel,Japan,12.0,Manufacturer Website,0.99,Verified
PROD-00661,Water Filter,Filtration,SKF,SKF-178-X,Industrial filtration unit for removing particles from process water.,2264.43,236,4.9,110.0,134.36,513.91,Aluminium,Japan,36.0,Supplier Catalog,0.81,Verified
PROD-00662,Flow Meter,Instrumentation,WEG,WEG-783-X,Digital flow meter for accurate industrial fluid measurement.,11589.92,73,3.8,110.0,40.85,424.46,Nylon,USA,6.0,Product Catalog,0.93,Verified
PROD-00663,Servo Motor,Motors,Schneider Electric,SCH-499-PRO,Precision servo motor for automated motion-control applications.,13368.54,201,5.0,440.0,10.33,491.25,Brass,Germany,6.0,Product Catalog,0.81,Verified
PROD-00664,Industrial Transformer,Electrical,SKF,SKF-426-PRO,Electrical transformer for industrial voltage conversion.,7889.87,177,5.0,400.0,119.08,283.58,Cast Iron,Japan,24.0,Product Catalog,0.87,Needs Review
PROD-00665,Industrial Transformer,Electrical,Siemens,SIE-694-PRO,Electrical transformer for industrial voltage conversion.,9788.71,198,4.4,415.0,33.1,74.35,Nylon,India,12.0,Technical PDF,0.99,Verified
PROD-00666,Industrial Robot Arm,Robotics,Emerson,EME-236-A,Programmable robotic arm for industrial assembly and handling.,1182.12,89,3.8,440.0,130.05,696.2,Brass,Japan,12.0,Product Catalog,0.95,Needs Review
PROD-00667,Hydraulic Pump,Pumps,Festo,FES-329-A,High-pressure hydraulic pump for industrial power systems.,13840.92,30,4.9,415.0,21.68,623.17,Polycarbonate,USA,6.0,Supplier Catalog,0.91,Verified
PROD-00668,Flow Control Valve,Valves,Festo,FES-261-A,Precision valve for regulating industrial fluid flow.,2789.92,36,3.3,110.0,2.12,706.44,Polycarbonate,Germany,12.0,Technical PDF,0.85,Verified
PROD-00669,Proximity Sensor,Sensors,Honeywell,HON-839-X,Non-contact sensor for detecting objects in automation systems.,8260.77,165,4.5,230.0,16.91,51.19,Stainless Steel,Italy,12.0,Supplier Catalog,0.86,Verified
PROD-00670,Pneumatic Actuator,Pneumatics,Danfoss,DAN-996-PRO,Pneumatic actuator for automated industrial valve operation.,10289.78,212,3.7,,,603.01,Polycarbonate,Germany,18.0,Product Catalog,0.98,Needs Review
PROD-00671,Hydraulic Pump,Pumps,Honeywell,HON-733-A,High-pressure hydraulic pump for industrial power systems.,4116.16,47,4.7,400.0,90.86,65.81,Alloy Steel,Japan,18.0,Supplier Catalog,0.9,Needs Review
PROD-00672,Control Valve,Valves,ABB,ABB-922-X,Modulating valve for automated process flow control.,11993.01,49,3.7,110.0,11.9,512.79,Nylon,India,12.0,Manufacturer Website,0.8,Verified
PROD-00673,Hydraulic Pump,Pumps,Eaton,EAT-111-X,High-pressure hydraulic pump for industrial power systems.,3542.3,51,4.3,110.0,36.24,72.47,Stainless Steel,Italy,24.0,Manufacturer Website,0.73,Verified
PROD-00674,PLC Controller,Automation,ABB,ABB-465-X,Programmable logic controller for industrial automation.,17740.18,128,3.6,440.0,58.75,302.59,Aluminium,China,6.0,Product Catalog,0.81,Verified
PROD-00675,Electric Motor,Motors,Eaton,EAT-915-PRO,Industrial electric motor designed for continuous-duty machinery.,8868.09,222,4.7,230.0,24.39,580.08,Carbon Steel,China,6.0,Product Catalog,0.98,Verified
PROD-00676,Flow Meter,Instrumentation,Parker,PAR-835-B,Digital flow meter for accurate industrial fluid measurement.,18378.77,128,4.1,415.0,91.41,444.89,Nylon,Japan,12.0,Supplier Catalog,0.81,Verified
PROD-00677,Hydraulic Cylinder,Hydraulics,WEG,WEG-829-PRO,Heavy-duty hydraulic cylinder for industrial lifting and motion control.,4488.22,156,4.3,220.0,85.14,845.24,Carbon Steel,Sweden,6.0,Manufacturer Website,0.76,Verified
PROD-00678,Industrial Heater,Heating,Siemens,SIE-565-X,Electric industrial heater for process temperature control.,3210.35,75,3.5,230.0,86.58,300.49,Carbon Steel,Germany,24.0,Technical PDF,0.79,Needs Review
PROD-00679,Pressure Gauge,Instrumentation,Danfoss,DAN-243-A,Mechanical pressure gauge for industrial process monitoring.,17978.5,124,3.3,440.0,43.17,347.8,Aluminium,Japan,18.0,Technical PDF,0.86,Verified
PROD-00680,Ball Bearing,Bearings,Danfoss,DAN-523-PRO,Precision bearing for rotating industrial machinery.,4924.97,224,5.0,110.0,93.19,547.36,Cast Iron,China,36.0,Technical PDF,0.72,Verified
PROD-00681,Industrial Transformer,Electrical,Schneider Electric,SCH-683-PRO,Electrical transformer for industrial voltage conversion.,15808.26,57,3.9,380.0,100.46,296.73,Alloy Steel,China,,Manufacturer Website,0.96,Needs Review
PROD-00682,Ball Bearing,Bearings,Schneider Electric,SCH-849-A,Precision bearing for rotating industrial machinery.,16980.03,236,3.9,380.0,30.12,279.55,Nylon,USA,36.0,Manufacturer Website,0.85,Needs Review
PROD-00683,Heat Exchanger,Heat Transfer,Emerson,EME-139-B,Industrial heat exchanger for efficient thermal energy transfer.,17552.25,37,4.4,230.0,85.34,839.64,Polycarbonate,India,18.0,Product Catalog,0.93,Needs Review
PROD-00684,Air Compressor,Compressors,Bosch Rexroth,BOS-988-A,Industrial compressor for reliable compressed-air generation.,17627.96,175,4.0,230.0,95.44,71.24,Carbon Steel,USA,24.0,Supplier Catalog,0.74,Needs Review
PROD-00685,Stainless Steel Tank,Storage,Bosch Rexroth,BOS-785-X,Corrosion-resistant storage tank for industrial liquids.,3474.8,13,3.4,380.0,51.47,640.25,Aluminium,Germany,18.0,Supplier Catalog,0.97,Needs Review
PROD-00686,Mixing Tank,Process Equipment,Mitsubishi Electric,MIT-902-B,Industrial tank designed for controlled mixing of process materials.,17866.34,111,3.8,415.0,85.65,699.6,Cast Iron,India,36.0,Technical PDF,0.89,Verified
PROD-00687,Industrial Centrifugal Pump,Pumps,Schneider Electric,SCH-569-B,High-efficiency pump for industrial water and process fluid transfer.,9282.29,81,3.4,415.0,61.11,442.68,Stainless Steel,Japan,12.0,Manufacturer Website,0.89,Verified
PROD-00688,Hydraulic Pump,Pumps,Mitsubishi Electric,MIT-292-PRO,High-pressure hydraulic pump for industrial power systems.,12910.05,198,3.5,380.0,32.62,178.46,Cast Iron,China,36.0,Technical PDF,0.98,Verified
PROD-00689,Electric Motor,Motors,Grundfos,GRU-414-A,Industrial electric motor designed for continuous-duty machinery.,12962.93,166,5.0,380.0,61.71,299.51,Polycarbonate,Italy,18.0,Supplier Catalog,0.75,Verified
PROD-00690,Pneumatic Actuator,Pneumatics,SKF,SKF-281-B,Pneumatic actuator for automated industrial valve operation.,10079.98,97,3.7,415.0,103.36,371.98,Brass,China,36.0,Manufacturer Website,0.97,Verified
PROD-00691,Roller Bearing,Bearings,Siemens,SIE-765-A,Heavy-load roller bearing for industrial rotating equipment.,11433.43,105,3.4,415.0,112.82,788.16,Carbon Steel,China,24.0,Technical PDF,0.86,Verified
PROD-00692,Air Dryer,Compressors,Bosch Rexroth,BOS-328-PRO,Compressed-air dryer for moisture removal in pneumatic systems.,10242.49,29,3.6,380.0,142.6,298.15,Alloy Steel,Japan,24.0,Product Catalog,0.72,Verified
PROD-00693,Cooling Tower Fan,HVAC,Grundfos,GRU-374-X,High-capacity fan for industrial cooling tower systems.,5745.71,231,4.6,380.0,101.08,3.73,Polycarbonate,India,6.0,Technical PDF,0.73,Verified
PROD-00694,Variable Frequency Drive,Automation,Schneider Electric,SCH-685-PRO,Drive controller for variable-speed industrial motors.,4538.32,249,3.9,400.0,96.75,704.3,Polycarbonate,Germany,24.0,Supplier Catalog,0.98,Verified
PROD-00695,Servo Motor,Motors,Rockwell Automation,ROC-262-PRO,Precision servo motor for automated motion-control applications.,4338.3,181,4.6,400.0,17.98,490.48,Polycarbonate,Sweden,18.0,Technical PDF,0.95,Verified
PROD-00696,Hydraulic Pump,Pumps,Siemens,SIE-195-A,High-pressure hydraulic pump for industrial power systems.,8140.11,160,4.6,220.0,4.42,601.5,Carbon Steel,Italy,24.0,Supplier Catalog,0.73,Verified
PROD-00697,Power Supply,Electrical,Schneider Electric,SCH-345-B,Industrial regulated power supply for automation equipment.,5552.83,137,4.7,415.0,117.06,668.18,Brass,China,6.0,Manufacturer Website,0.79,Verified
PROD-00698,Photoelectric Sensor,Sensors,Festo,FES-205-A,Optical sensor for industrial object detection.,8539.84,152,3.4,220.0,42.55,760.44,Carbon Steel,India,24.0,Supplier Catalog,0.95,Verified
PROD-00699,Roller Bearing,Bearings,Emerson,EME-914-A,Heavy-load roller bearing for industrial rotating equipment.,7704.12,124,4.9,110.0,31.74,357.04,Nylon,China,24.0,Technical PDF,0.94,Verified
PROD-00700,Industrial Centrifugal Pump,Pumps,WEG,WEG-282-A,High-efficiency pump for industrial water and process fluid transfer.,2243.37,87,5.0,380.0,149.24,,Stainless Steel,Germany,36.0,Product Catalog,0.92,Verified
PROD-00701,Flow Control Valve,Valves,ABB,ABB-648-A,Precision valve for regulating industrial fluid flow.,9623.88,194,3.5,440.0,54.89,763.81,Stainless Steel,USA,12.0,Technical PDF,0.78,Verified
PROD-00702,Heat Exchanger,Heat Transfer,Emerson,EME-304-A,Industrial heat exchanger for efficient thermal energy transfer.,6503.61,141,4.4,380.0,111.84,421.53,Polycarbonate,Germany,18.0,Supplier Catalog,0.77,Verified
PROD-00703,Roller Bearing,Bearings,Eaton,EAT-912-X,Heavy-load roller bearing for industrial rotating equipment.,3135.5,52,4.9,380.0,65.16,379.34,Brass,Sweden,18.0,Supplier Catalog,0.89,Needs Review
PROD-00704,Solenoid Valve,Valves,Eaton,EAT-461-X,Electrically operated valve for automated fluid control.,16619.73,209,3.3,220.0,,814.39,Brass,Italy,24.0,Supplier Catalog,0.8,Verified
PROD-00705,Electric Motor,Motors,Siemens,SIE-284-X,Industrial electric motor designed for continuous-duty machinery.,7992.16,47,3.8,110.0,32.47,316.04,Aluminium,Sweden,18.0,Manufacturer Website,0.75,Verified
PROD-00706,Variable Frequency Drive,Automation,Bosch Rexroth,BOS-576-X,Drive controller for variable-speed industrial motors.,16635.37,143,3.3,230.0,90.37,448.27,Carbon Steel,Italy,18.0,Supplier Catalog,0.91,Verified
PROD-00707,Pneumatic Actuator,Pneumatics,SKF,SKF-932-X,Pneumatic actuator for automated industrial valve operation.,3733.94,12,4.6,380.0,7.26,233.4,Carbon Steel,India,24.0,Supplier Catalog,0.77,Verified
PROD-00708,Conveyor Belt,Material Handling,Eaton,EAT-121-X,Heavy-duty conveyor belt for continuous material transportation.,413.46,200,4.7,110.0,136.77,241.85,Polycarbonate,India,36.0,Technical PDF,0.97,Verified
PROD-00709,Electric Motor,Motors,Siemens,SIE-581-A,Industrial electric motor designed for continuous-duty machinery.,15366.69,106,4.5,230.0,47.75,294.08,Carbon Steel,Italy,18.0,Supplier Catalog,0.85,Verified
PROD-00710,PLC Controller,Automation,Mitsubishi Electric,MIT-565-PRO,Programmable logic controller for industrial automation.,15713.3,247,4.8,440.0,56.24,525.36,Stainless Steel,Germany,6.0,Manufacturer Website,0.94,Verified
PROD-00711,Servo Motor,Motors,Festo,FES-804-PRO,Precision servo motor for automated motion-control applications.,4253.07,22,3.5,440.0,55.49,767.47,,China,6.0,Manufacturer Website,0.79,Verified
PROD-00712,Air Compressor,Compressors,Grundfos,GRU-176-X,Industrial compressor for reliable compressed-air generation.,6149.59,156,4.6,380.0,40.67,144.95,Aluminium,Italy,24.0,Product Catalog,0.75,Verified
PROD-00713,Photoelectric Sensor,Sensors,WEG,WEG-970-PRO,Optical sensor for industrial object detection.,11813.58,171,3.4,400.0,36.27,406.34,Alloy Steel,USA,18.0,Product Catalog,0.93,Needs Review
PROD-00714,Ball Bearing,Bearings,Grundfos,GRU-884-X,Precision bearing for rotating industrial machinery.,13185.09,90,4.2,,36.55,550.13,Cast Iron,China,6.0,Manufacturer Website,0.74,Needs Review
PROD-00715,Hydraulic Pump,Pumps,ABB,ABB-786-B,High-pressure hydraulic pump for industrial power systems.,8705.99,98,3.5,,51.23,691.93,Nylon,Sweden,18.0,Manufacturer Website,0.91,Verified
PROD-00716,Temperature Sensor,Sensors,Bosch Rexroth,BOS-472-PRO,Industrial temperature sensor for process monitoring.,18040.82,222,4.3,220.0,117.06,159.92,,Japan,12.0,Product Catalog,0.91,Verified
PROD-00717,Level Sensor,Sensors,WEG,WEG-209-A,Industrial sensor for liquid-level measurement.,4514.96,228,4.0,230.0,4.53,562.67,Alloy Steel,USA,18.0,Technical PDF,0.75,Verified
PROD-00718,Pneumatic Actuator,Pneumatics,Bosch Rexroth,BOS-254-PRO,Pneumatic actuator for automated industrial valve operation.,9332.84,130,3.8,380.0,41.07,,Polycarbonate,China,24.0,Supplier Catalog,0.77,Verified
PROD-00719,Butterfly Valve,Valves,Eaton,EAT-382-PRO,,9635.36,27,4.4,415.0,37.53,94.6,Carbon Steel,India,6.0,Manufacturer Website,0.88,Verified
PROD-00720,Mixing Tank,Process Equipment,Siemens,SIE-382-B,Industrial tank designed for controlled mixing of process materials.,16338.08,179,4.5,380.0,59.08,187.06,Brass,Japan,12.0,Technical PDF,0.77,Verified
PROD-00721,Water Filter,Filtration,Mitsubishi Electric,MIT-710-X,Industrial filtration unit for removing particles from process water.,13599.44,24,3.5,415.0,93.41,628.28,Cast Iron,Germany,18.0,Product Catalog,0.9,Verified
PROD-00722,Variable Frequency Drive,Automation,WEG,WEG-566-B,Drive controller for variable-speed industrial motors.,17804.71,170,4.1,230.0,3.37,828.22,Carbon Steel,Germany,6.0,Manufacturer Website,0.88,Needs Review
PROD-00723,Industrial Heater,Heating,Festo,FES-353-PRO,Electric industrial heater for process temperature control.,2099.34,209,3.2,415.0,148.56,710.09,Aluminium,Sweden,12.0,Technical PDF,0.93,Verified
PROD-00724,Variable Frequency Drive,Automation,Emerson,EME-602-X,Drive controller for variable-speed industrial motors.,18312.04,65,4.4,230.0,54.8,11.72,Nylon,USA,18.0,Manufacturer Website,0.96,Needs Review
PROD-00725,Heat Exchanger,Heat Transfer,Danfoss,DAN-631-A,Industrial heat exchanger for efficient thermal energy transfer.,2808.59,105,4.7,415.0,149.11,303.74,Stainless Steel,Germany,36.0,Technical PDF,0.92,Needs Review
PROD-00726,Hydraulic Pump,Pumps,Mitsubishi Electric,MIT-191-B,High-pressure hydraulic pump for industrial power systems.,17038.72,96,4.3,230.0,131.6,577.05,,Italy,12.0,Technical PDF,0.79,Verified
PROD-00727,Welding Machine,Fabrication,Eaton,EAT-527-X,Industrial welding machine for metal fabrication.,5781.19,10,4.2,415.0,51.66,520.59,Polycarbonate,Sweden,24.0,Technical PDF,0.87,Verified
PROD-00728,Pressure Sensor,Sensors,ABB,ABB-610-B,Electronic pressure sensor for industrial monitoring and automation.,8672.24,38,4.1,230.0,93.66,564.74,Brass,Japan,18.0,Manufacturer Website,0.74,Verified
PROD-00729,Level Sensor,Sensors,ABB,ABB-322-X,Industrial sensor for liquid-level measurement.,15286.04,31,3.3,230.0,1.01,299.55,Stainless Steel,India,18.0,Product Catalog,0.76,Verified
PROD-00730,Ball Bearing,Bearings,Mitsubishi Electric,MIT-377-B,Precision bearing for rotating industrial machinery.,18424.76,50,4.0,110.0,43.8,27.51,Nylon,Germany,24.0,Technical PDF,0.83,Verified
PROD-00731,PLC Controller,Automation,Eaton,EAT-418-B,Programmable logic controller for industrial automation.,10469.36,173,4.8,440.0,86.83,,Cast Iron,USA,12.0,Technical PDF,0.83,Verified
PROD-00732,PLC Controller,Automation,Siemens,SIE-404-PRO,Programmable logic controller for industrial automation.,10136.47,96,4.6,440.0,65.67,117.99,Alloy Steel,China,18.0,Supplier Catalog,0.86,Verified
PROD-00733,Power Supply,Electrical,Honeywell,HON-577-PRO,Industrial regulated power supply for automation equipment.,17790.05,118,3.2,400.0,4.21,651.8,Carbon Steel,Sweden,12.0,Product Catalog,0.89,Verified
PROD-00734,Photoelectric Sensor,Sensors,Rockwell Automation,ROC-482-B,Optical sensor for industrial object detection.,11518.68,230,4.2,230.0,8.27,718.37,Aluminium,Japan,6.0,Manufacturer Website,0.84,Needs Review
PROD-00735,Ball Bearing,Bearings,ABB,ABB-376-A,Precision bearing for rotating industrial machinery.,6226.1,24,4.7,400.0,72.35,281.75,Stainless Steel,India,36.0,Product Catalog,0.9,Verified
PROD-00736,Stainless Steel Tank,Storage,Schneider Electric,SCH-675-PRO,Corrosion-resistant storage tank for industrial liquids.,2596.86,229,4.4,440.0,23.43,534.08,Stainless Steel,Sweden,24.0,Manufacturer Website,0.89,Verified
PROD-00737,Industrial Gearbox,Power Transmission,ABB,ABB-256-A,Industrial gearbox for speed reduction and high torque transmission.,9657.53,63,3.6,380.0,3.94,430.03,Polycarbonate,India,6.0,Product Catalog,0.8,Needs Review
PROD-00738,Conveyor Belt,Material Handling,Festo,FES-968-X,Heavy-duty conveyor belt for continuous material transportation.,15216.36,174,4.0,415.0,92.67,367.61,Stainless Steel,Germany,12.0,Product Catalog,0.94,Verified
PROD-00739,Cooling Tower Fan,HVAC,Mitsubishi Electric,MIT-816-B,High-capacity fan for industrial cooling tower systems.,8853.46,74,3.7,110.0,143.87,419.12,Brass,Japan,24.0,Supplier Catalog,0.91,Verified
PROD-00740,Air Dryer,Compressors,Festo,FES-535-B,Compressed-air dryer for moisture removal in pneumatic systems.,600.08,117,3.4,380.0,1.9,257.49,Alloy Steel,India,18.0,Supplier Catalog,0.98,Needs Review
PROD-00741,Heat Exchanger,Heat Transfer,ABB,ABB-262-X,Industrial heat exchanger for efficient thermal energy transfer.,9304.26,220,4.1,230.0,135.41,446.39,Carbon Steel,Germany,12.0,Supplier Catalog,0.82,Verified
PROD-00742,Temperature Sensor,Sensors,Grundfos,GRU-903-X,Industrial temperature sensor for process monitoring.,17090.83,17,4.8,,72.69,818.18,Aluminium,Italy,36.0,Product Catalog,0.93,Verified
PROD-00743,Servo Motor,Motors,Eaton,EAT-694-X,Precision servo motor for automated motion-control applications.,10848.44,212,3.9,110.0,4.67,623.0,Cast Iron,India,6.0,Technical PDF,0.85,Needs Review
PROD-00744,Vacuum Pump,Pumps,Parker,PAR-927-B,Industrial vacuum pump for process and material handling applications.,2026.53,225,3.5,380.0,113.43,357.16,Carbon Steel,India,36.0,Manufacturer Website,0.79,Verified
PROD-00745,Pressure Gauge,Instrumentation,Parker,PAR-483-A,Mechanical pressure gauge for industrial process monitoring.,17092.19,82,3.4,380.0,56.8,840.54,Cast Iron,Germany,18.0,Product Catalog,0.85,Verified
PROD-00746,Solenoid Valve,Valves,Mitsubishi Electric,MIT-265-PRO,Electrically operated valve for automated fluid control.,15071.82,207,4.6,110.0,87.42,534.82,Carbon Steel,Germany,6.0,Technical PDF,0.94,Verified
PROD-00747,Air Dryer,Compressors,Eaton,EAT-659-A,Compressed-air dryer for moisture removal in pneumatic systems.,6359.2,174,4.5,415.0,96.42,421.85,Cast Iron,Italy,24.0,Product Catalog,0.86,Verified
PROD-00748,Industrial Gearbox,Power Transmission,Emerson,EME-537-PRO,Industrial gearbox for speed reduction and high torque transmission.,16179.28,145,3.3,440.0,77.71,85.96,Alloy Steel,Germany,6.0,Manufacturer Website,0.88,Verified
PROD-00749,Vacuum Pump,Pumps,Festo,FES-396-X,Industrial vacuum pump for process and material handling applications.,7274.7,91,3.3,440.0,23.89,245.0,Cast Iron,Sweden,36.0,Supplier Catalog,0.97,Verified
PROD-00750,Gear Pump,Pumps,ABB,ABB-659-A,Positive-displacement gear pump for industrial fluid transfer.,10816.76,239,4.9,230.0,98.07,27.63,Polycarbonate,USA,12.0,Product Catalog,0.81,Verified
PROD-00751,Hydraulic Pump,Pumps,Rockwell Automation,ROC-936-X,High-pressure hydraulic pump for industrial power systems.,17103.67,169,4.8,110.0,35.53,62.16,Stainless Steel,USA,6.0,Supplier Catalog,0.98,Verified
PROD-00752,Temperature Sensor,Sensors,Grundfos,GRU-840-A,Industrial temperature sensor for process monitoring.,2001.29,127,4.1,415.0,52.7,406.06,Cast Iron,India,6.0,Supplier Catalog,0.73,Verified
PROD-00753,Electric Motor,Motors,Rockwell Automation,ROC-593-A,Industrial electric motor designed for continuous-duty machinery.,7213.9,96,4.5,380.0,105.28,467.2,Carbon Steel,Japan,6.0,Technical PDF,0.96,Verified
PROD-00754,Solenoid Valve,Valves,SKF,SKF-547-A,Electrically operated valve for automated fluid control.,4470.9,23,4.3,220.0,62.11,639.73,Stainless Steel,Sweden,6.0,Manufacturer Website,0.96,Verified
PROD-00755,Industrial Gearbox,Power Transmission,ABB,ABB-229-PRO,Industrial gearbox for speed reduction and high torque transmission.,3410.63,11,3.8,400.0,98.37,207.76,Brass,Germany,36.0,Manufacturer Website,0.83,Verified
PROD-00756,Industrial Gearbox,Power Transmission,Grundfos,GRU-656-B,Industrial gearbox for speed reduction and high torque transmission.,9199.12,188,4.7,440.0,33.24,606.22,Nylon,Sweden,36.0,Technical PDF,0.8,Verified
PROD-00757,Servo Motor,Motors,Mitsubishi Electric,MIT-654-A,Precision servo motor for automated motion-control applications.,1079.36,230,3.9,400.0,73.06,66.86,Aluminium,Sweden,36.0,Manufacturer Website,0.78,Verified
PROD-00758,Circuit Breaker,Electrical,Mitsubishi Electric,MIT-935-B,Protective electrical breaker for industrial distribution systems.,745.5,60,4.5,415.0,114.69,810.1,Stainless Steel,Japan,6.0,Technical PDF,0.79,Needs Review
PROD-00759,Ball Bearing,Bearings,ABB,ABB-385-PRO,Precision bearing for rotating industrial machinery.,9207.01,220,3.9,380.0,6.9,175.03,,China,24.0,Manufacturer Website,0.86,Verified
PROD-00760,Mixing Tank,Process Equipment,Parker,PAR-456-A,Industrial tank designed for controlled mixing of process materials.,16843.64,193,4.8,440.0,136.14,688.75,Cast Iron,Sweden,6.0,Supplier Catalog,0.81,Needs Review
PROD-00761,Air Compressor,Compressors,Parker,PAR-211-PRO,Industrial compressor for reliable compressed-air generation.,17624.8,238,4.4,440.0,148.64,454.64,Polycarbonate,Italy,36.0,Product Catalog,0.93,Verified
PROD-00762,Industrial Transformer,Electrical,Emerson,EME-863-B,Electrical transformer for industrial voltage conversion.,2513.44,3,3.7,415.0,142.66,72.89,Cast Iron,Sweden,36.0,Manufacturer Website,0.8,Needs Review
PROD-00763,Gear Pump,Pumps,Grundfos,GRU-470-X,Positive-displacement gear pump for industrial fluid transfer.,12224.72,200,4.4,440.0,,105.84,Nylon,Sweden,18.0,Supplier Catalog,0.95,Needs Review
PROD-00764,Electric Motor,Motors,Emerson,EME-109-PRO,Industrial electric motor designed for continuous-duty machinery.,766.42,91,4.1,440.0,83.6,347.44,Carbon Steel,USA,36.0,Supplier Catalog,0.87,Verified
PROD-00765,Butterfly Valve,Valves,Grundfos,GRU-884-X,Compact industrial valve for isolating and controlling pipelines.,4864.44,126,3.4,415.0,26.38,740.58,Stainless Steel,Germany,6.0,Supplier Catalog,0.9,Verified
PROD-00766,Photoelectric Sensor,Sensors,SKF,SKF-142-B,Optical sensor for industrial object detection.,1204.87,182,5.0,230.0,2.66,718.22,Nylon,Italy,6.0,Manufacturer Website,0.88,Verified
PROD-00767,Industrial Gearbox,Power Transmission,Rockwell Automation,ROC-554-A,Industrial gearbox for speed reduction and high torque transmission.,9495.72,60,3.6,400.0,55.86,699.32,Polycarbonate,India,24.0,Manufacturer Website,0.96,Verified
PROD-00768,Servo Motor,Motors,Eaton,EAT-907-X,Precision servo motor for automated motion-control applications.,6253.76,104,4.8,230.0,70.74,827.48,Stainless Steel,Germany,18.0,Manufacturer Website,0.73,Verified
PROD-00769,Roller Bearing,Bearings,Eaton,EAT-316-X,Heavy-load roller bearing for industrial rotating equipment.,9491.31,199,4.5,440.0,87.33,292.58,Cast Iron,Japan,36.0,Supplier Catalog,0.73,Verified
PROD-00770,Ball Bearing,Bearings,Siemens,SIE-329-PRO,Precision bearing for rotating industrial machinery.,10010.08,31,4.7,400.0,119.78,516.12,Alloy Steel,USA,18.0,Product Catalog,0.77,Verified
PROD-00771,Variable Frequency Drive,Automation,Bosch Rexroth,BOS-918-X,Drive controller for variable-speed industrial motors.,4336.85,80,4.5,110.0,104.04,378.37,Polycarbonate,USA,6.0,Technical PDF,0.82,Verified
PROD-00772,Proximity Sensor,Sensors,Eaton,EAT-335-PRO,Non-contact sensor for detecting objects in automation systems.,14564.79,58,4.2,440.0,148.02,786.87,Cast Iron,Sweden,24.0,Technical PDF,0.9,Verified
PROD-00773,Water Filter,Filtration,SKF,SKF-421-A,Industrial filtration unit for removing particles from process water.,1585.93,107,4.1,220.0,86.51,537.81,Cast Iron,Germany,24.0,Supplier Catalog,0.72,Verified
PROD-00774,Industrial Fan,HVAC,Parker,PAR-667-PRO,High-volume industrial fan for ventilation and cooling.,13764.66,32,4.8,440.0,64.86,586.6,Carbon Steel,Germany,36.0,Supplier Catalog,0.95,Needs Review
PROD-00775,Power Supply,Electrical,Schneider Electric,SCH-511-B,Industrial regulated power supply for automation equipment.,13196.18,30,3.8,440.0,134.78,502.84,Carbon Steel,China,6.0,Supplier Catalog,0.74,Verified
PROD-00776,Air Dryer,Compressors,Danfoss,DAN-560-PRO,Compressed-air dryer for moisture removal in pneumatic systems.,5412.3,122,4.5,415.0,27.72,651.11,Carbon Steel,Germany,6.0,Supplier Catalog,0.88,Verified
PROD-00777,Industrial Transformer,Electrical,SKF,SKF-549-B,Electrical transformer for industrial voltage conversion.,9452.11,150,3.7,440.0,14.76,252.89,Nylon,India,36.0,Technical PDF,0.86,Needs Review
PROD-00778,Servo Motor,Motors,Honeywell,HON-426-B,Precision servo motor for automated motion-control applications.,17643.95,10,4.7,415.0,132.39,621.39,Polycarbonate,Italy,18.0,Manufacturer Website,0.88,Verified
PROD-00779,Power Supply,Electrical,Grundfos,GRU-269-A,Industrial regulated power supply for automation equipment.,5385.63,124,4.0,220.0,43.45,780.06,Carbon Steel,Germany,18.0,Product Catalog,0.76,Verified
PROD-00780,Electric Motor,Motors,Eaton,EAT-140-B,Industrial electric motor designed for continuous-duty machinery.,207.74,213,4.7,230.0,30.67,800.55,Polycarbonate,China,24.0,Technical PDF,0.86,Needs Review
PROD-00781,Pressure Sensor,Sensors,Mitsubishi Electric,MIT-823-A,Electronic pressure sensor for industrial monitoring and automation.,8268.72,110,4.1,110.0,129.71,844.12,Carbon Steel,USA,6.0,Manufacturer Website,0.92,Verified
PROD-00782,Servo Motor,Motors,Schneider Electric,SCH-619-X,Precision servo motor for automated motion-control applications.,5169.53,161,4.5,415.0,116.61,600.85,Nylon,India,24.0,Product Catalog,0.75,Verified
PROD-00783,Industrial Robot Arm,Robotics,Danfoss,DAN-957-A,Programmable robotic arm for industrial assembly and handling.,17564.2,160,3.2,220.0,88.05,741.32,Cast Iron,China,12.0,Supplier Catalog,0.79,Verified
PROD-00784,Butterfly Valve,Valves,Mitsubishi Electric,MIT-608-X,Compact industrial valve for isolating and controlling pipelines.,2511.95,162,4.8,400.0,128.61,637.08,Stainless Steel,Japan,6.0,Product Catalog,0.85,Verified
PROD-00785,Hydraulic Cylinder,Hydraulics,Honeywell,HON-804-X,Heavy-duty hydraulic cylinder for industrial lifting and motion control.,11380.36,161,4.3,415.0,52.47,450.99,Aluminium,USA,12.0,Supplier Catalog,0.96,Needs Review
PROD-00786,Welding Machine,Fabrication,Eaton,EAT-465-PRO,Industrial welding machine for metal fabrication.,5525.11,56,3.4,440.0,114.65,356.77,Alloy Steel,USA,12.0,Product Catalog,0.9,Verified
PROD-00787,Level Sensor,Sensors,SKF,SKF-776-A,Industrial sensor for liquid-level measurement.,6485.66,101,4.5,440.0,132.36,714.13,Alloy Steel,Italy,24.0,Technical PDF,0.91,Verified
PROD-00788,Heat Exchanger,Heat Transfer,Rockwell Automation,ROC-320-PRO,Industrial heat exchanger for efficient thermal energy transfer.,1204.69,197,3.8,415.0,47.81,332.79,Alloy Steel,Japan,24.0,Technical PDF,0.79,Verified
PROD-00789,Industrial Heater,Heating,Mitsubishi Electric,MIT-324-X,Electric industrial heater for process temperature control.,11801.84,11,3.8,380.0,33.39,744.3,Cast Iron,Sweden,6.0,Product Catalog,0.98,Verified
PROD-00790,Flow Control Valve,Valves,Rockwell Automation,ROC-120-A,Precision valve for regulating industrial fluid flow.,14861.43,23,4.6,230.0,136.86,651.86,Carbon Steel,China,6.0,Product Catalog,0.86,Verified
PROD-00791,Control Valve,Valves,Festo,FES-648-PRO,Modulating valve for automated process flow control.,15916.8,58,3.7,220.0,136.62,281.91,Cast Iron,Italy,12.0,Manufacturer Website,0.97,Verified
PROD-00792,Stainless Steel Tank,Storage,Siemens,SIE-613-PRO,Corrosion-resistant storage tank for industrial liquids.,14657.59,10,3.5,230.0,3.88,,Cast Iron,India,18.0,Supplier Catalog,0.92,Needs Review
PROD-00793,Temperature Sensor,Sensors,Festo,FES-858-X,Industrial temperature sensor for process monitoring.,15958.43,19,3.3,415.0,105.6,622.8,Stainless Steel,India,36.0,Manufacturer Website,0.88,Verified
PROD-00794,Photoelectric Sensor,Sensors,Parker,PAR-500-B,Optical sensor for industrial object detection.,15396.55,219,3.8,230.0,63.92,632.01,Brass,USA,24.0,Supplier Catalog,0.77,Verified
PROD-00795,Industrial Transformer,Electrical,Grundfos,GRU-539-A,Electrical transformer for industrial voltage conversion.,4177.79,104,4.2,380.0,,597.51,Cast Iron,Japan,6.0,Technical PDF,0.99,Needs Review
PROD-00796,Mixing Tank,Process Equipment,Mitsubishi Electric,MIT-210-PRO,Industrial tank designed for controlled mixing of process materials.,4211.08,249,3.2,440.0,35.01,314.47,Carbon Steel,China,18.0,Manufacturer Website,0.81,Verified
PROD-00797,Industrial Robot Arm,Robotics,Schneider Electric,SCH-312-PRO,Programmable robotic arm for industrial assembly and handling.,11012.64,21,3.5,400.0,125.75,444.99,Cast Iron,India,24.0,Technical PDF,0.79,Verified
PROD-00798,Flow Meter,Instrumentation,ABB,ABB-429-PRO,Digital flow meter for accurate industrial fluid measurement.,16132.35,68,4.4,440.0,84.47,415.52,Alloy Steel,USA,12.0,Manufacturer Website,0.81,Needs Review
PROD-00799,Roller Bearing,Bearings,Honeywell,HON-816-A,Heavy-load roller bearing for industrial rotating equipment.,7003.26,193,3.2,400.0,112.29,141.43,Alloy Steel,Sweden,6.0,Supplier Catalog,0.73,Needs Review
PROD-00800,Control Valve,Valves,Danfoss,DAN-922-PRO,Modulating valve for automated process flow control.,2660.62,223,4.2,380.0,1.64,100.12,Brass,China,18.0,Product Catalog,0.86,Verified
PROD-00801,Flow Meter,Instrumentation,Grundfos,GRU-635-B,Digital flow meter for accurate industrial fluid measurement.,14868.81,243,4.5,400.0,90.78,401.4,Cast Iron,USA,12.0,Manufacturer Website,0.76,Needs Review
PROD-00802,Servo Motor,Motors,Honeywell,HON-283-B,Precision servo motor for automated motion-control applications.,8749.14,250,3.2,415.0,28.35,590.0,Alloy Steel,USA,6.0,Product Catalog,0.74,Needs Review
PROD-00803,Industrial Gearbox,Power Transmission,SKF,SKF-751-B,Industrial gearbox for speed reduction and high torque transmission.,6437.39,3,4.9,230.0,42.81,774.8,Polycarbonate,Italy,18.0,Technical PDF,0.82,Needs Review
PROD-00804,Industrial Robot Arm,Robotics,Rockwell Automation,ROC-756-B,Programmable robotic arm for industrial assembly and handling.,1511.72,39,3.4,220.0,42.18,223.64,Carbon Steel,Germany,36.0,Technical PDF,0.88,Needs Review
PROD-00805,Safety Relay,Safety,Parker,PAR-973-X,Safety control relay for industrial machine protection.,17886.02,188,4.8,415.0,136.41,178.07,Stainless Steel,Sweden,12.0,Product Catalog,0.99,Verified
PROD-00806,Flow Meter,Instrumentation,Schneider Electric,SCH-586-A,Digital flow meter for accurate industrial fluid measurement.,6039.27,229,4.9,220.0,76.88,373.85,Alloy Steel,USA,18.0,Product Catalog,0.86,Verified
PROD-00807,Industrial Robot Arm,Robotics,Honeywell,HON-486-PRO,Programmable robotic arm for industrial assembly and handling.,13090.49,90,3.8,400.0,47.72,66.65,Cast Iron,Germany,18.0,Supplier Catalog,0.91,Needs Review
PROD-00808,Industrial Heater,Heating,Mitsubishi Electric,MIT-907-X,Electric industrial heater for process temperature control.,12706.04,142,4.8,415.0,52.39,21.7,Nylon,Sweden,24.0,Supplier Catalog,0.93,Verified
PROD-00809,Hydraulic Pump,Pumps,Eaton,EAT-673-B,High-pressure hydraulic pump for industrial power systems.,7127.95,45,4.9,110.0,29.58,306.97,Cast Iron,India,36.0,Technical PDF,0.8,Verified
PROD-00810,Industrial Fan,HVAC,Rockwell Automation,ROC-113-X,High-volume industrial fan for ventilation and cooling.,702.42,70,4.4,380.0,6.83,591.24,Brass,USA,6.0,Supplier Catalog,0.98,Verified
PROD-00811,Flow Control Valve,Valves,Danfoss,DAN-565-PRO,Precision valve for regulating industrial fluid flow.,3284.99,191,4.8,440.0,81.95,88.48,Nylon,India,36.0,Product Catalog,0.96,Verified
PROD-00812,Temperature Sensor,Sensors,Siemens,SIE-529-A,Industrial temperature sensor for process monitoring.,1117.12,163,4.5,230.0,14.85,462.56,Cast Iron,China,36.0,Technical PDF,0.92,Verified
PROD-00813,Control Valve,Valves,WEG,WEG-700-X,Modulating valve for automated process flow control.,9593.41,240,4.4,380.0,125.7,569.26,Carbon Steel,Germany,36.0,Manufacturer Website,0.76,Verified
PROD-00814,Butterfly Valve,Valves,Emerson,EME-145-X,Compact industrial valve for isolating and controlling pipelines.,11291.06,176,4.1,220.0,95.39,715.84,,USA,18.0,Technical PDF,0.87,Verified
PROD-00815,Level Sensor,Sensors,Eaton,EAT-956-A,Industrial sensor for liquid-level measurement.,10511.38,118,3.4,110.0,27.58,73.64,Nylon,Italy,6.0,Product Catalog,0.93,Verified
PROD-00816,Circuit Breaker,Electrical,Emerson,EME-183-B,Protective electrical breaker for industrial distribution systems.,5752.81,174,4.4,440.0,28.87,642.51,Aluminium,USA,6.0,Product Catalog,0.82,Verified
PROD-00817,Heat Exchanger,Heat Transfer,Schneider Electric,SCH-678-X,Industrial heat exchanger for efficient thermal energy transfer.,7708.49,213,3.5,220.0,26.77,250.83,Alloy Steel,USA,6.0,Technical PDF,0.85,Verified
PROD-00818,Stainless Steel Tank,Storage,Emerson,EME-949-B,Corrosion-resistant storage tank for industrial liquids.,761.4,213,4.3,220.0,80.81,179.22,Polycarbonate,USA,18.0,Manufacturer Website,0.78,Verified
PROD-00819,Cooling Tower Fan,HVAC,Parker,PAR-315-X,High-capacity fan for industrial cooling tower systems.,4104.16,66,3.3,110.0,77.68,536.52,Alloy Steel,Germany,24.0,Supplier Catalog,0.88,Verified
PROD-00820,Photoelectric Sensor,Sensors,WEG,WEG-134-X,Optical sensor for industrial object detection.,12999.22,161,3.8,110.0,24.02,404.28,Nylon,China,6.0,Technical PDF,0.77,Verified
PROD-00821,Control Valve,Valves,Emerson,EME-659-B,Modulating valve for automated process flow control.,13933.91,112,4.7,,89.14,590.38,Polycarbonate,Japan,12.0,Technical PDF,0.79,Verified
PROD-00822,Proximity Sensor,Sensors,Danfoss,DAN-510-X,Non-contact sensor for detecting objects in automation systems.,823.97,237,4.8,440.0,140.23,787.87,Carbon Steel,Japan,24.0,Manufacturer Website,0.93,Needs Review
PROD-00823,Control Valve,Valves,Rockwell Automation,ROC-270-X,Modulating valve for automated process flow control.,16411.65,247,4.5,400.0,29.97,826.57,Aluminium,Germany,18.0,Manufacturer Website,0.93,Verified
PROD-00824,PLC Controller,Automation,Parker,PAR-884-B,Programmable logic controller for industrial automation.,14844.43,117,3.9,380.0,0.38,125.54,Aluminium,USA,18.0,Product Catalog,0.74,Verified
PROD-00825,Pneumatic Actuator,Pneumatics,Siemens,SIE-841-B,Pneumatic actuator for automated industrial valve operation.,2923.45,142,4.7,230.0,0.99,135.6,Carbon Steel,Japan,36.0,Supplier Catalog,0.91,Verified
PROD-00826,Industrial Transformer,Electrical,Festo,FES-574-B,Electrical transformer for industrial voltage conversion.,14136.68,24,3.9,230.0,114.52,113.67,Nylon,USA,24.0,Technical PDF,0.88,Verified
PROD-00827,Industrial Heater,Heating,Danfoss,DAN-858-A,Electric industrial heater for process temperature control.,4167.5,155,3.5,220.0,,289.01,Stainless Steel,Italy,36.0,Product Catalog,0.92,Verified
PROD-00828,Temperature Sensor,Sensors,Emerson,EME-292-A,Industrial temperature sensor for process monitoring.,3974.84,111,3.4,380.0,98.19,,Brass,USA,24.0,Manufacturer Website,0.9,Needs Review
PROD-00829,Industrial Fan,HVAC,Honeywell,HON-283-B,High-volume industrial fan for ventilation and cooling.,7418.15,132,4.7,380.0,120.98,294.47,Carbon Steel,China,24.0,Product Catalog,0.94,Verified
PROD-00830,Servo Motor,Motors,Schneider Electric,SCH-688-PRO,Precision servo motor for automated motion-control applications.,12723.19,2,4.1,415.0,60.41,655.7,Brass,Japan,18.0,Supplier Catalog,0.92,Verified
PROD-00831,Cooling Tower Fan,HVAC,SKF,SKF-899-PRO,High-capacity fan for industrial cooling tower systems.,13196.91,216,4.2,230.0,16.97,152.18,Polycarbonate,Italy,24.0,Product Catalog,0.95,Verified
PROD-00832,Industrial Centrifugal Pump,Pumps,SKF,SKF-824-X,High-efficiency pump for industrial water and process fluid transfer.,3724.04,208,4.3,440.0,68.38,41.45,Brass,India,6.0,Technical PDF,0.95,Needs Review
PROD-00833,Air Compressor,Compressors,WEG,WEG-713-X,Industrial compressor for reliable compressed-air generation.,4731.6,86,4.4,440.0,122.92,461.43,Aluminium,USA,18.0,Technical PDF,0.83,Needs Review
PROD-00834,PLC Controller,Automation,Danfoss,DAN-136-A,Programmable logic controller for industrial automation.,6663.66,9,4.2,380.0,37.48,71.62,Carbon Steel,Germany,12.0,Technical PDF,0.89,Needs Review
PROD-00835,Power Supply,Electrical,Emerson,EME-805-B,Industrial regulated power supply for automation equipment.,17004.24,231,4.7,415.0,123.12,483.79,Stainless Steel,India,18.0,Manufacturer Website,0.82,Verified
PROD-00836,Industrial Transformer,Electrical,Rockwell Automation,ROC-842-A,Electrical transformer for industrial voltage conversion.,6305.09,163,4.5,380.0,60.26,156.5,Brass,China,6.0,Manufacturer Website,0.95,Needs Review
PROD-00837,Solenoid Valve,Valves,Eaton,EAT-367-X,Electrically operated valve for automated fluid control.,11420.93,138,4.7,220.0,104.22,41.7,Alloy Steel,Germany,24.0,Technical PDF,0.79,Verified
PROD-00838,Cooling Tower Fan,HVAC,Danfoss,DAN-146-PRO,High-capacity fan for industrial cooling tower systems.,16837.98,173,3.7,110.0,61.23,16.11,Polycarbonate,China,12.0,Technical PDF,0.79,Needs Review
PROD-00839,Roller Bearing,Bearings,Bosch Rexroth,BOS-330-A,Heavy-load roller bearing for industrial rotating equipment.,13141.39,56,3.3,230.0,109.29,518.0,Alloy Steel,Italy,24.0,Supplier Catalog,0.89,Verified
PROD-00840,Proximity Sensor,Sensors,WEG,WEG-671-A,Non-contact sensor for detecting objects in automation systems.,6400.44,81,3.8,380.0,22.98,726.23,Alloy Steel,Germany,36.0,Technical PDF,0.91,Needs Review
PROD-00841,Welding Machine,Fabrication,ABB,ABB-776-A,Industrial welding machine for metal fabrication.,11711.94,143,5.0,110.0,31.33,837.14,Nylon,USA,18.0,Supplier Catalog,0.92,Needs Review
PROD-00842,Electric Motor,Motors,Schneider Electric,SCH-739-B,Industrial electric motor designed for continuous-duty machinery.,11580.84,144,4.0,440.0,3.76,827.36,Alloy Steel,Germany,24.0,Supplier Catalog,0.97,Verified
PROD-00843,Flow Control Valve,Valves,Festo,FES-226-A,Precision valve for regulating industrial fluid flow.,7372.73,54,5.0,400.0,43.58,735.19,Polycarbonate,Italy,24.0,Supplier Catalog,0.82,Verified
PROD-00844,Flow Control Valve,Valves,Grundfos,GRU-427-X,Precision valve for regulating industrial fluid flow.,11691.53,170,4.8,415.0,114.32,270.25,Polycarbonate,Germany,24.0,Technical PDF,0.85,Needs Review
PROD-00845,Pressure Gauge,Instrumentation,Schneider Electric,SCH-994-B,Mechanical pressure gauge for industrial process monitoring.,7452.0,0,4.2,230.0,114.5,557.83,Carbon Steel,Japan,36.0,Supplier Catalog,0.9,Needs Review
PROD-00846,Solenoid Valve,Valves,Danfoss,DAN-129-B,Electrically operated valve for automated fluid control.,2636.8,158,4.1,110.0,90.04,622.38,Stainless Steel,USA,36.0,Manufacturer Website,0.79,Needs Review
PROD-00847,Circuit Breaker,Electrical,ABB,ABB-860-PRO,Protective electrical breaker for industrial distribution systems.,10251.14,221,3.5,220.0,68.8,614.66,Cast Iron,Germany,24.0,Technical PDF,0.97,Verified
PROD-00848,Temperature Sensor,Sensors,Grundfos,GRU-166-A,Industrial temperature sensor for process monitoring.,3897.04,118,4.0,415.0,90.59,841.26,Aluminium,Japan,36.0,Product Catalog,0.89,Verified
PROD-00849,Conveyor Belt,Material Handling,Emerson,EME-839-A,Heavy-duty conveyor belt for continuous material transportation.,211.76,8,4.4,380.0,130.09,846.21,Polycarbonate,India,24.0,Manufacturer Website,0.98,Verified
PROD-00850,Pressure Gauge,Instrumentation,Emerson,EME-947-A,Mechanical pressure gauge for industrial process monitoring.,5479.91,101,4.7,415.0,115.37,308.99,Alloy Steel,Japan,6.0,Manufacturer Website,0.75,Verified
PROD-00851,Control Valve,Valves,SKF,SKF-522-X,Modulating valve for automated process flow control.,2699.01,62,4.6,220.0,39.86,280.66,Carbon Steel,Japan,24.0,Technical PDF,0.92,Verified
PROD-00852,Water Filter,Filtration,Mitsubishi Electric,MIT-555-X,Industrial filtration unit for removing particles from process water.,14584.49,179,3.7,230.0,89.27,647.17,Aluminium,Italy,18.0,Technical PDF,0.73,Verified
PROD-00853,Water Filter,Filtration,Grundfos,GRU-833-B,Industrial filtration unit for removing particles from process water.,10538.09,78,4.1,380.0,101.07,131.44,Aluminium,Germany,36.0,Technical PDF,0.8,Needs Review
PROD-00854,Vacuum Pump,Pumps,ABB,ABB-971-B,Industrial vacuum pump for process and material handling applications.,10825.19,37,4.3,230.0,54.78,432.4,Polycarbonate,Japan,36.0,Product Catalog,0.96,Verified
PROD-00855,Photoelectric Sensor,Sensors,Festo,FES-613-X,Optical sensor for industrial object detection.,9722.26,96,4.8,380.0,97.34,740.19,Alloy Steel,Germany,24.0,Manufacturer Website,0.96,Verified
PROD-00856,Variable Frequency Drive,Automation,Bosch Rexroth,BOS-416-B,Drive controller for variable-speed industrial motors.,4215.67,71,4.3,415.0,118.44,552.57,Nylon,Japan,24.0,Product Catalog,0.87,Verified
PROD-00857,Solenoid Valve,Valves,SKF,SKF-780-A,Electrically operated valve for automated fluid control.,7423.22,25,4.9,400.0,10.31,470.38,Carbon Steel,Sweden,6.0,Product Catalog,0.84,Verified
PROD-00858,Industrial Fan,HVAC,Parker,PAR-857-B,High-volume industrial fan for ventilation and cooling.,12785.81,166,4.7,220.0,,387.76,Stainless Steel,Italy,18.0,Product Catalog,0.87,Verified
PROD-00859,Industrial Gearbox,Power Transmission,WEG,WEG-235-X,Industrial gearbox for speed reduction and high torque transmission.,1205.83,58,3.6,440.0,87.3,394.74,Stainless Steel,USA,6.0,Supplier Catalog,0.77,Verified
PROD-00860,Ball Bearing,Bearings,Emerson,EME-302-A,Precision bearing for rotating industrial machinery.,10072.72,55,4.3,230.0,85.51,494.54,Carbon Steel,China,24.0,Supplier Catalog,0.93,Verified
PROD-00861,Industrial Centrifugal Pump,Pumps,Grundfos,GRU-872-PRO,High-efficiency pump for industrial water and process fluid transfer.,11158.94,126,4.3,230.0,76.22,437.17,Brass,USA,36.0,Technical PDF,0.79,Verified
PROD-00862,Pressure Gauge,Instrumentation,Siemens,SIE-874-B,Mechanical pressure gauge for industrial process monitoring.,9063.79,81,4.8,400.0,70.71,138.83,Carbon Steel,Sweden,24.0,Supplier Catalog,0.9,Verified
PROD-00863,Variable Frequency Drive,Automation,Danfoss,DAN-803-B,Drive controller for variable-speed industrial motors.,3650.06,27,4.6,220.0,46.25,259.72,Alloy Steel,India,18.0,Product Catalog,0.97,Verified
PROD-00864,Servo Motor,Motors,Schneider Electric,SCH-296-PRO,Precision servo motor for automated motion-control applications.,14555.71,218,3.5,415.0,23.78,813.21,Alloy Steel,China,36.0,Product Catalog,0.93,Verified
PROD-00865,Industrial Fan,HVAC,Emerson,EME-976-X,High-volume industrial fan for ventilation and cooling.,6913.12,78,3.8,230.0,124.43,268.18,Brass,Japan,36.0,Manufacturer Website,0.83,Needs Review
PROD-00866,Welding Machine,Fabrication,ABB,ABB-518-X,Industrial welding machine for metal fabrication.,11977.27,35,5.0,440.0,41.31,,Cast Iron,Germany,18.0,Manufacturer Website,0.8,Verified
PROD-00867,Servo Motor,Motors,Honeywell,HON-909-PRO,Precision servo motor for automated motion-control applications.,6082.49,143,4.5,440.0,32.44,427.6,Brass,India,6.0,Supplier Catalog,0.79,Verified
PROD-00868,Photoelectric Sensor,Sensors,Emerson,EME-147-PRO,Optical sensor for industrial object detection.,12750.85,232,4.5,220.0,42.2,515.78,Polycarbonate,India,6.0,Technical PDF,0.74,Verified
PROD-00869,Mixing Tank,Process Equipment,SKF,SKF-548-X,Industrial tank designed for controlled mixing of process materials.,2129.63,34,4.8,110.0,48.85,659.0,Polycarbonate,Sweden,12.0,Product Catalog,0.96,Verified
PROD-00870,Industrial Robot Arm,Robotics,Siemens,SIE-548-B,Programmable robotic arm for industrial assembly and handling.,6122.21,139,4.6,230.0,83.61,694.75,Stainless Steel,Germany,6.0,Technical PDF,0.96,Verified
PROD-00871,Pressure Gauge,Instrumentation,Mitsubishi Electric,MIT-319-B,Mechanical pressure gauge for industrial process monitoring.,6001.13,58,4.0,230.0,30.05,825.73,Brass,USA,36.0,Product Catalog,0.92,Verified
PROD-00872,Pressure Sensor,Sensors,Danfoss,DAN-520-PRO,Electronic pressure sensor for industrial monitoring and automation.,7383.01,124,4.6,440.0,79.38,776.05,Nylon,India,36.0,Technical PDF,0.84,Verified
PROD-00873,Mixing Tank,Process Equipment,Emerson,EME-389-X,Industrial tank designed for controlled mixing of process materials.,11766.99,188,3.3,110.0,146.14,663.54,Aluminium,Sweden,36.0,Supplier Catalog,0.95,Verified
PROD-00874,Gear Pump,Pumps,Danfoss,DAN-295-A,Positive-displacement gear pump for industrial fluid transfer.,14211.43,110,4.7,380.0,67.83,748.48,Aluminium,China,18.0,Supplier Catalog,0.74,Verified
PROD-00875,Stainless Steel Tank,Storage,Parker,PAR-809-PRO,Corrosion-resistant storage tank for industrial liquids.,16463.25,102,4.2,,93.65,331.58,Stainless Steel,Germany,18.0,Product Catalog,0.84,Verified
PROD-00876,Photoelectric Sensor,Sensors,Danfoss,DAN-886-X,Optical sensor for industrial object detection.,9888.49,167,4.4,440.0,123.27,786.57,Aluminium,Germany,12.0,Manufacturer Website,0.78,Verified
PROD-00877,Electric Motor,Motors,Rockwell Automation,ROC-716-A,Industrial electric motor designed for continuous-duty machinery.,14438.82,138,3.8,110.0,49.29,268.17,Cast Iron,China,12.0,Supplier Catalog,0.77,Verified
PROD-00878,Heat Exchanger,Heat Transfer,Bosch Rexroth,BOS-322-X,Industrial heat exchanger for efficient thermal energy transfer.,587.66,224,4.8,380.0,18.69,805.82,Stainless Steel,Japan,12.0,Supplier Catalog,0.82,Needs Review
PROD-00879,Welding Machine,Fabrication,Bosch Rexroth,BOS-310-PRO,Industrial welding machine for metal fabrication.,10953.85,31,3.4,220.0,76.13,491.64,Carbon Steel,Germany,12.0,Technical PDF,0.75,Needs Review
PROD-00880,Servo Motor,Motors,Honeywell,HON-295-B,Precision servo motor for automated motion-control applications.,18226.58,204,4.1,380.0,38.48,95.37,Alloy Steel,India,6.0,Supplier Catalog,0.82,Needs Review
PROD-00881,Roller Bearing,Bearings,SKF,SKF-469-X,Heavy-load roller bearing for industrial rotating equipment.,15489.79,111,4.9,415.0,45.28,849.75,Carbon Steel,China,24.0,Technical PDF,0.96,Verified
PROD-00882,Servo Motor,Motors,ABB,ABB-244-B,Precision servo motor for automated motion-control applications.,3351.05,2,3.4,220.0,21.25,399.45,Stainless Steel,India,36.0,Technical PDF,0.94,Verified
PROD-00883,Gear Pump,Pumps,Honeywell,HON-943-B,Positive-displacement gear pump for industrial fluid transfer.,7805.29,44,4.9,220.0,111.36,688.81,Aluminium,USA,6.0,Supplier Catalog,0.93,Verified
PROD-00884,Hydraulic Pump,Pumps,Grundfos,GRU-513-X,High-pressure hydraulic pump for industrial power systems.,16823.88,67,4.3,110.0,117.54,281.98,Alloy Steel,India,12.0,Supplier Catalog,0.97,Verified
PROD-00885,Flow Control Valve,Valves,Mitsubishi Electric,MIT-637-B,Precision valve for regulating industrial fluid flow.,2997.75,3,3.8,220.0,14.05,839.97,Carbon Steel,Japan,24.0,Product Catalog,0.99,Needs Review
PROD-00886,Flow Control Valve,Valves,Parker,PAR-752-A,Precision valve for regulating industrial fluid flow.,5820.0,120,4.8,230.0,19.45,557.99,Nylon,Italy,6.0,Product Catalog,0.85,Verified
PROD-00887,Vacuum Pump,Pumps,Rockwell Automation,ROC-232-B,Industrial vacuum pump for process and material handling applications.,4238.54,21,4.5,415.0,60.72,,Carbon Steel,Germany,12.0,Technical PDF,0.79,Verified
PROD-00888,Level Sensor,Sensors,Danfoss,DAN-704-X,Industrial sensor for liquid-level measurement.,14078.44,33,3.8,230.0,99.26,492.55,Stainless Steel,China,24.0,Product Catalog,0.89,Verified
PROD-00889,Industrial Centrifugal Pump,Pumps,Schneider Electric,SCH-749-A,High-efficiency pump for industrial water and process fluid transfer.,15468.51,60,3.5,230.0,2.0,408.76,Nylon,Germany,36.0,Supplier Catalog,0.83,Verified
PROD-00890,Gear Pump,Pumps,Grundfos,GRU-658-PRO,Positive-displacement gear pump for industrial fluid transfer.,2254.64,71,4.4,400.0,138.6,286.8,Aluminium,USA,18.0,Supplier Catalog,0.94,Needs Review
PROD-00891,Roller Bearing,Bearings,Danfoss,DAN-976-X,Heavy-load roller bearing for industrial rotating equipment.,14140.6,67,3.3,230.0,64.12,21.8,Aluminium,India,12.0,Manufacturer Website,0.98,Verified
PROD-00892,Industrial Robot Arm,Robotics,Mitsubishi Electric,MIT-402-B,Programmable robotic arm for industrial assembly and handling.,16166.94,78,4.0,400.0,147.65,70.71,Aluminium,Japan,36.0,Manufacturer Website,0.77,Verified
PROD-00893,Solenoid Valve,Valves,Mitsubishi Electric,MIT-862-X,Electrically operated valve for automated fluid control.,9763.46,199,3.5,440.0,79.7,40.14,Nylon,Italy,12.0,Technical PDF,0.91,Verified
PROD-00894,Control Valve,Valves,Siemens,SIE-796-B,Modulating valve for automated process flow control.,11776.82,219,4.3,440.0,139.61,608.73,Polycarbonate,Sweden,12.0,Technical PDF,0.8,Needs Review
PROD-00895,Industrial Transformer,Electrical,WEG,WEG-634-PRO,Electrical transformer for industrial voltage conversion.,16543.3,119,3.8,415.0,140.74,0.5,Brass,China,36.0,Manufacturer Website,0.9,Verified
PROD-00896,Air Compressor,Compressors,Parker,PAR-520-B,Industrial compressor for reliable compressed-air generation.,2732.92,210,3.5,440.0,146.47,831.6,Polycarbonate,Sweden,12.0,Product Catalog,0.89,Needs Review
PROD-00897,Conveyor Belt,Material Handling,Festo,FES-458-A,Heavy-duty conveyor belt for continuous material transportation.,4252.41,242,3.7,380.0,18.74,628.76,Aluminium,Germany,24.0,Technical PDF,0.76,Verified
PROD-00898,Industrial Centrifugal Pump,Pumps,Danfoss,DAN-220-X,High-efficiency pump for industrial water and process fluid transfer.,9738.9,197,4.3,380.0,35.02,372.64,Carbon Steel,Italy,36.0,Technical PDF,0.84,Verified
PROD-00899,Heat Exchanger,Heat Transfer,ABB,ABB-490-X,Industrial heat exchanger for efficient thermal energy transfer.,2162.9,119,4.0,220.0,131.47,587.78,Alloy Steel,Sweden,,Manufacturer Website,0.78,Verified
PROD-00900,Flow Control Valve,Valves,Eaton,EAT-985-X,Precision valve for regulating industrial fluid flow.,4528.4,217,4.4,440.0,105.31,367.72,Stainless Steel,China,6.0,Technical PDF,0.95,Verified
PROD-00901,Industrial Fan,HVAC,Danfoss,DAN-620-X,High-volume industrial fan for ventilation and cooling.,7812.77,214,3.7,230.0,12.69,86.14,Alloy Steel,Germany,36.0,Technical PDF,0.85,Needs Review
PROD-00902,Roller Bearing,Bearings,Parker,PAR-946-PRO,Heavy-load roller bearing for industrial rotating equipment.,10409.75,214,4.2,400.0,77.97,786.47,Polycarbonate,India,36.0,Manufacturer Website,0.75,Verified
PROD-00903,Pressure Sensor,Sensors,Parker,PAR-344-X,Electronic pressure sensor for industrial monitoring and automation.,10767.95,181,4.8,380.0,122.34,610.6,Stainless Steel,USA,24.0,Supplier Catalog,0.95,Verified
PROD-00904,Pneumatic Actuator,Pneumatics,Danfoss,DAN-126-B,Pneumatic actuator for automated industrial valve operation.,10525.02,6,4.3,230.0,15.05,782.59,Stainless Steel,China,24.0,Technical PDF,0.95,Verified
PROD-00905,Power Supply,Electrical,SKF,SKF-354-X,Industrial regulated power supply for automation equipment.,8298.22,12,3.8,415.0,148.65,223.85,Aluminium,Germany,36.0,Supplier Catalog,0.93,Verified
PROD-00906,Power Supply,Electrical,Parker,PAR-935-B,Industrial regulated power supply for automation equipment.,15640.52,219,3.4,230.0,92.56,628.93,Cast Iron,USA,18.0,Supplier Catalog,0.75,Verified
PROD-00907,Servo Motor,Motors,Eaton,EAT-609-B,Precision servo motor for automated motion-control applications.,14017.13,51,3.7,415.0,72.94,286.58,Alloy Steel,USA,12.0,Manufacturer Website,0.98,Verified
PROD-00908,Pressure Sensor,Sensors,Bosch Rexroth,BOS-695-X,Electronic pressure sensor for industrial monitoring and automation.,16821.11,179,4.4,230.0,113.58,457.61,Polycarbonate,Italy,6.0,Supplier Catalog,0.77,Verified
PROD-00909,Industrial Fan,HVAC,Schneider Electric,SCH-833-X,High-volume industrial fan for ventilation and cooling.,9897.02,101,3.4,380.0,15.77,812.67,Brass,Italy,36.0,Product Catalog,0.98,Verified
PROD-00910,Pressure Gauge,Instrumentation,Festo,FES-141-B,Mechanical pressure gauge for industrial process monitoring.,10176.18,170,5.0,110.0,74.3,708.29,Cast Iron,Germany,12.0,Product Catalog,0.84,Verified
PROD-00911,Industrial Centrifugal Pump,Pumps,Grundfos,GRU-349-A,High-efficiency pump for industrial water and process fluid transfer.,15876.44,123,4.7,380.0,83.56,848.62,Cast Iron,Japan,12.0,Supplier Catalog,0.95,Needs Review
PROD-00912,Industrial Fan,HVAC,Mitsubishi Electric,MIT-915-X,High-volume industrial fan for ventilation and cooling.,14880.09,67,4.0,230.0,135.03,796.4,Nylon,Italy,18.0,Technical PDF,0.74,Verified
PROD-00913,Conveyor Belt,Material Handling,Parker,PAR-651-B,Heavy-duty conveyor belt for continuous material transportation.,1864.28,234,4.6,400.0,106.33,455.15,Carbon Steel,Sweden,36.0,Product Catalog,0.78,Verified
PROD-00914,Level Sensor,Sensors,Grundfos,GRU-688-A,Industrial sensor for liquid-level measurement.,8560.3,112,4.1,380.0,9.93,846.42,Stainless Steel,Italy,24.0,Technical PDF,0.87,Verified
PROD-00915,Proximity Sensor,Sensors,Festo,FES-823-B,Non-contact sensor for detecting objects in automation systems.,1259.45,90,3.3,415.0,41.59,214.36,Stainless Steel,China,36.0,Supplier Catalog,0.85,Verified
PROD-00916,Hydraulic Pump,Pumps,Danfoss,DAN-562-X,High-pressure hydraulic pump for industrial power systems.,9999.56,172,3.7,220.0,85.59,744.6,Polycarbonate,Germany,36.0,Manufacturer Website,0.98,Verified
PROD-00917,Gear Pump,Pumps,ABB,ABB-829-X,Positive-displacement gear pump for industrial fluid transfer.,10902.85,198,5.0,400.0,9.78,351.77,Aluminium,China,12.0,Product Catalog,0.79,Verified
PROD-00918,Electric Motor,Motors,Danfoss,DAN-606-A,Industrial electric motor designed for continuous-duty machinery.,6194.91,24,4.9,400.0,105.21,582.61,Polycarbonate,Japan,24.0,Product Catalog,0.76,Verified
PROD-00919,Roller Bearing,Bearings,Grundfos,GRU-463-B,Heavy-load roller bearing for industrial rotating equipment.,13109.25,225,3.7,110.0,27.89,341.33,Cast Iron,USA,6.0,Technical PDF,0.81,Verified
PROD-00920,Electric Motor,Motors,WEG,WEG-720-A,Industrial electric motor designed for continuous-duty machinery.,18168.72,15,4.4,110.0,25.48,819.07,,India,18.0,Technical PDF,0.82,Verified
PROD-00921,Industrial Gearbox,Power Transmission,Schneider Electric,SCH-293-PRO,Industrial gearbox for speed reduction and high torque transmission.,3432.6,55,5.0,110.0,130.85,775.74,Nylon,Italy,12.0,Product Catalog,0.96,Verified
PROD-00922,Pressure Gauge,Instrumentation,ABB,ABB-737-A,Mechanical pressure gauge for industrial process monitoring.,17308.42,227,4.9,110.0,121.13,265.05,Brass,India,18.0,Manufacturer Website,0.9,Verified
PROD-00923,Industrial Heater,Heating,Bosch Rexroth,BOS-717-B,Electric industrial heater for process temperature control.,18451.05,235,3.8,380.0,139.31,465.87,Polycarbonate,Sweden,24.0,Technical PDF,0.97,Verified
PROD-00924,Conveyor Belt,Material Handling,SKF,SKF-244-B,Heavy-duty conveyor belt for continuous material transportation.,17770.53,125,3.5,,6.48,50.02,Alloy Steel,Sweden,36.0,Technical PDF,0.75,Verified
PROD-00925,Stainless Steel Tank,Storage,Eaton,EAT-688-PRO,Corrosion-resistant storage tank for industrial liquids.,14023.75,164,3.6,230.0,20.54,649.04,Brass,China,24.0,Manufacturer Website,0.83,Needs Review
PROD-00926,Industrial Heater,Heating,ABB,ABB-603-A,Electric industrial heater for process temperature control.,6005.69,123,4.3,230.0,74.77,668.45,Brass,Sweden,6.0,Product Catalog,0.86,Verified
PROD-00927,Ball Bearing,Bearings,Grundfos,GRU-701-B,Precision bearing for rotating industrial machinery.,11887.77,189,3.3,110.0,7.32,257.64,Cast Iron,USA,36.0,Product Catalog,0.73,Needs Review
PROD-00928,Cooling Tower Fan,HVAC,SKF,SKF-797-A,High-capacity fan for industrial cooling tower systems.,16854.84,25,4.0,220.0,,605.61,Carbon Steel,China,12.0,Manufacturer Website,0.85,Verified
PROD-00929,Industrial Transformer,Electrical,Bosch Rexroth,BOS-805-A,Electrical transformer for industrial voltage conversion.,17106.21,1,4.8,415.0,122.09,706.64,Aluminium,Japan,,Manufacturer Website,0.82,Needs Review
PROD-00930,Flow Meter,Instrumentation,Schneider Electric,SCH-713-B,Digital flow meter for accurate industrial fluid measurement.,11534.78,66,4.8,380.0,102.14,603.7,Brass,Germany,18.0,Supplier Catalog,0.83,Verified
PROD-00931,Air Dryer,Compressors,Honeywell,HON-384-B,Compressed-air dryer for moisture removal in pneumatic systems.,15124.98,124,3.7,110.0,94.07,336.27,Alloy Steel,Germany,12.0,Manufacturer Website,0.74,Verified
PROD-00932,Control Valve,Valves,WEG,WEG-910-PRO,Modulating valve for automated process flow control.,1309.6,137,3.8,415.0,38.66,578.83,Polycarbonate,USA,36.0,Manufacturer Website,0.8,Verified
PROD-00933,Pressure Sensor,Sensors,Honeywell,HON-942-B,Electronic pressure sensor for industrial monitoring and automation.,17583.1,142,4.7,220.0,19.29,846.23,Alloy Steel,Japan,6.0,Supplier Catalog,0.75,Verified
PROD-00934,Butterfly Valve,Valves,Siemens,SIE-880-A,Compact industrial valve for isolating and controlling pipelines.,4536.86,157,3.9,415.0,21.63,507.53,,China,36.0,Product Catalog,0.93,Verified
PROD-00935,Servo Motor,Motors,ABB,ABB-682-A,Precision servo motor for automated motion-control applications.,17553.27,87,4.7,230.0,138.3,297.73,Cast Iron,China,6.0,Technical PDF,0.83,Verified
PROD-00936,Cooling Tower Fan,HVAC,Siemens,SIE-330-B,High-capacity fan for industrial cooling tower systems.,11635.14,85,4.4,380.0,4.04,374.56,Cast Iron,Italy,36.0,Product Catalog,0.8,Verified
PROD-00937,Industrial Robot Arm,Robotics,SKF,SKF-158-A,Programmable robotic arm for industrial assembly and handling.,12694.91,104,4.1,110.0,92.88,144.59,Nylon,USA,6.0,Product Catalog,0.76,Verified
PROD-00938,Industrial Centrifugal Pump,Pumps,Honeywell,HON-103-A,High-efficiency pump for industrial water and process fluid transfer.,15069.4,196,4.2,440.0,33.87,534.12,Carbon Steel,India,24.0,Technical PDF,0.97,Needs Review
PROD-00939,Gear Pump,Pumps,Honeywell,HON-560-B,Positive-displacement gear pump for industrial fluid transfer.,12660.26,156,3.7,415.0,68.38,781.53,Aluminium,Japan,36.0,Product Catalog,0.96,Verified
PROD-00940,Water Filter,Filtration,Danfoss,DAN-848-B,Industrial filtration unit for removing particles from process water.,17819.38,99,5.0,220.0,55.37,17.99,Brass,Germany,6.0,Supplier Catalog,0.84,Verified
PROD-00941,Temperature Sensor,Sensors,Festo,FES-741-X,Industrial temperature sensor for process monitoring.,3917.18,103,4.0,380.0,69.22,384.57,Polycarbonate,Japan,18.0,Product Catalog,0.81,Needs Review
PROD-00942,Stainless Steel Tank,Storage,Bosch Rexroth,BOS-351-B,Corrosion-resistant storage tank for industrial liquids.,13207.34,145,3.6,440.0,109.46,666.55,Nylon,Japan,,Technical PDF,0.95,Needs Review
PROD-00943,PLC Controller,Automation,Bosch Rexroth,BOS-502-B,Programmable logic controller for industrial automation.,8744.33,138,4.4,230.0,135.73,812.38,Polycarbonate,India,12.0,Supplier Catalog,0.78,Verified
PROD-00944,Stainless Steel Tank,Storage,Honeywell,HON-284-PRO,Corrosion-resistant storage tank for industrial liquids.,523.93,52,3.9,415.0,26.06,836.09,Aluminium,China,24.0,Product Catalog,0.88,Verified
PROD-00945,Air Dryer,Compressors,SKF,SKF-579-B,Compressed-air dryer for moisture removal in pneumatic systems.,16069.77,33,4.6,380.0,47.6,793.08,Stainless Steel,China,6.0,Manufacturer Website,0.93,Verified
PROD-00946,Industrial Centrifugal Pump,Pumps,WEG,WEG-982-A,High-efficiency pump for industrial water and process fluid transfer.,6189.73,23,3.8,230.0,30.65,128.18,Cast Iron,USA,6.0,Supplier Catalog,0.82,Verified
PROD-00947,Proximity Sensor,Sensors,SKF,SKF-820-B,Non-contact sensor for detecting objects in automation systems.,5420.58,25,4.6,220.0,135.15,129.38,Polycarbonate,India,36.0,Product Catalog,0.97,Needs Review
PROD-00948,Industrial Robot Arm,Robotics,Rockwell Automation,ROC-743-PRO,Programmable robotic arm for industrial assembly and handling.,12972.97,71,4.4,,146.42,564.36,Aluminium,Japan,6.0,Supplier Catalog,0.92,Verified
PROD-00949,Proximity Sensor,Sensors,Honeywell,HON-588-B,Non-contact sensor for detecting objects in automation systems.,14211.85,150,4.4,440.0,54.52,374.91,Aluminium,Japan,6.0,Technical PDF,0.98,Verified
PROD-00950,Ball Bearing,Bearings,WEG,WEG-478-A,Precision bearing for rotating industrial machinery.,3348.79,159,3.7,380.0,137.54,94.5,Cast Iron,China,18.0,Technical PDF,0.8,Verified
PROD-00951,Flow Control Valve,Valves,Parker,PAR-606-A,Precision valve for regulating industrial fluid flow.,11536.59,151,4.0,220.0,54.94,214.96,Brass,Italy,,Manufacturer Website,0.85,Verified
PROD-00952,Conveyor Belt,Material Handling,Mitsubishi Electric,MIT-413-X,Heavy-duty conveyor belt for continuous material transportation.,8352.07,110,3.8,230.0,112.56,645.85,Alloy Steel,China,6.0,Product Catalog,0.81,Verified
PROD-00953,Gear Pump,Pumps,ABB,ABB-852-A,Positive-displacement gear pump for industrial fluid transfer.,5659.41,51,4.8,380.0,58.41,591.06,Brass,China,24.0,Supplier Catalog,0.81,Needs Review
PROD-00954,Variable Frequency Drive,Automation,Schneider Electric,SCH-454-X,Drive controller for variable-speed industrial motors.,10257.13,125,3.7,110.0,137.03,780.98,Carbon Steel,Sweden,18.0,Manufacturer Website,0.95,Verified
PROD-00955,Temperature Sensor,Sensors,Parker,PAR-880-A,Industrial temperature sensor for process monitoring.,4559.13,45,3.9,220.0,85.89,201.56,Carbon Steel,Sweden,6.0,Technical PDF,0.72,Verified
PROD-00956,Gear Pump,Pumps,Siemens,SIE-259-PRO,Positive-displacement gear pump for industrial fluid transfer.,11704.92,84,4.6,110.0,91.98,47.93,Aluminium,Germany,6.0,Manufacturer Website,0.77,Verified
PROD-00957,Pneumatic Actuator,Pneumatics,Parker,PAR-802-B,Pneumatic actuator for automated industrial valve operation.,3956.18,183,3.3,230.0,93.91,163.9,Cast Iron,China,24.0,Supplier Catalog,0.88,Verified
PROD-00958,Water Filter,Filtration,Mitsubishi Electric,MIT-792-A,Industrial filtration unit for removing particles from process water.,8233.94,129,3.2,220.0,146.14,223.92,Cast Iron,China,6.0,Product Catalog,0.91,Verified
PROD-00959,Butterfly Valve,Valves,Festo,FES-429-B,Compact industrial valve for isolating and controlling pipelines.,3076.03,162,4.7,230.0,90.33,430.75,Brass,Germany,24.0,Product Catalog,0.79,Verified
PROD-00960,Stainless Steel Tank,Storage,ABB,ABB-770-X,Corrosion-resistant storage tank for industrial liquids.,5267.89,41,3.3,110.0,74.21,767.31,Stainless Steel,Italy,24.0,Manufacturer Website,0.74,Needs Review
PROD-00961,Ball Bearing,Bearings,SKF,SKF-702-X,Precision bearing for rotating industrial machinery.,12940.07,155,4.4,110.0,85.49,618.13,Nylon,Japan,18.0,Technical PDF,0.92,Needs Review
PROD-00962,Industrial Heater,Heating,Grundfos,GRU-881-PRO,Electric industrial heater for process temperature control.,5857.64,190,3.5,400.0,25.79,587.3,Polycarbonate,Japan,24.0,Supplier Catalog,0.81,Needs Review
PROD-00963,Level Sensor,Sensors,Emerson,EME-256-B,Industrial sensor for liquid-level measurement.,13672.68,98,4.0,110.0,131.04,670.07,Polycarbonate,Sweden,12.0,Supplier Catalog,0.83,Verified
PROD-00964,Butterfly Valve,Valves,Schneider Electric,SCH-707-B,Compact industrial valve for isolating and controlling pipelines.,4080.94,4,3.9,220.0,40.82,168.25,Alloy Steel,Japan,12.0,Product Catalog,0.8,Verified
PROD-00965,Solenoid Valve,Valves,Emerson,EME-721-PRO,Electrically operated valve for automated fluid control.,8056.05,242,4.7,380.0,145.37,50.98,Carbon Steel,India,18.0,Product Catalog,0.91,Verified
PROD-00966,Conveyor Belt,Material Handling,Rockwell Automation,ROC-606-B,Heavy-duty conveyor belt for continuous material transportation.,7752.0,3,4.9,415.0,24.0,535.96,Polycarbonate,Italy,6.0,Technical PDF,0.88,Verified
PROD-00967,Circuit Breaker,Electrical,Parker,PAR-805-B,Protective electrical breaker for industrial distribution systems.,6890.59,248,4.1,110.0,67.2,354.57,Cast Iron,USA,12.0,Supplier Catalog,0.97,Verified
PROD-00968,Heat Exchanger,Heat Transfer,Rockwell Automation,ROC-448-X,Industrial heat exchanger for efficient thermal energy transfer.,12944.74,230,3.4,230.0,117.29,486.52,Cast Iron,China,36.0,Supplier Catalog,0.88,Verified
PROD-00969,Safety Relay,Safety,Emerson,EME-119-X,Safety control relay for industrial machine protection.,9494.34,24,3.9,220.0,93.64,69.3,Alloy Steel,Japan,36.0,Manufacturer Website,0.96,Verified
PROD-00970,Pressure Gauge,Instrumentation,Honeywell,HON-896-B,Mechanical pressure gauge for industrial process monitoring.,14656.45,70,4.5,230.0,127.2,50.36,,Germany,6.0,Product Catalog,0.81,Needs Review
PROD-00971,Heat Exchanger,Heat Transfer,SKF,SKF-596-X,Industrial heat exchanger for efficient thermal energy transfer.,11221.86,137,3.6,440.0,96.96,,Carbon Steel,USA,6.0,Technical PDF,0.92,Verified
PROD-00972,Conveyor Belt,Material Handling,Parker,PAR-485-PRO,Heavy-duty conveyor belt for continuous material transportation.,12987.4,218,3.2,230.0,30.83,251.83,Stainless Steel,China,,Product Catalog,0.74,Needs Review
PROD-00973,Pressure Gauge,Instrumentation,Danfoss,DAN-491-B,Mechanical pressure gauge for industrial process monitoring.,11020.66,194,3.8,230.0,68.53,168.27,Alloy Steel,USA,12.0,Manufacturer Website,0.88,Verified
PROD-00974,Pressure Sensor,Sensors,ABB,ABB-988-X,Electronic pressure sensor for industrial monitoring and automation.,10260.67,94,3.5,440.0,108.15,467.7,Polycarbonate,China,18.0,Manufacturer Website,0.83,Verified
PROD-00975,Water Filter,Filtration,SKF,SKF-679-A,Industrial filtration unit for removing particles from process water.,16350.23,14,4.5,415.0,20.0,54.48,Carbon Steel,Germany,12.0,Product Catalog,0.75,Verified
PROD-00976,Ball Bearing,Bearings,Parker,PAR-468-X,Precision bearing for rotating industrial machinery.,6312.18,105,3.8,110.0,74.0,463.44,Polycarbonate,China,24.0,Product Catalog,0.91,Verified
PROD-00977,Pressure Gauge,Instrumentation,Schneider Electric,SCH-218-X,Mechanical pressure gauge for industrial process monitoring.,4272.5,14,4.4,400.0,3.88,546.54,Cast Iron,Japan,6.0,Product Catalog,0.73,Verified
PROD-00978,Temperature Sensor,Sensors,Rockwell Automation,ROC-427-X,Industrial temperature sensor for process monitoring.,7221.28,162,4.4,110.0,76.66,246.34,Stainless Steel,China,24.0,Product Catalog,0.87,Verified
PROD-00979,Photoelectric Sensor,Sensors,ABB,ABB-313-B,Optical sensor for industrial object detection.,10816.14,1,3.8,110.0,87.34,313.03,Aluminium,Japan,12.0,Technical PDF,0.76,Verified
PROD-00980,Heat Exchanger,Heat Transfer,Rockwell Automation,ROC-483-PRO,Industrial heat exchanger for efficient thermal energy transfer.,3028.88,51,4.6,230.0,50.34,278.13,Brass,Japan,6.0,Manufacturer Website,0.9,Needs Review
PROD-00981,Pressure Gauge,Instrumentation,Eaton,EAT-767-PRO,Mechanical pressure gauge for industrial process monitoring.,3852.53,28,3.3,440.0,16.23,793.13,Cast Iron,Germany,36.0,Product Catalog,0.92,Verified
PROD-00982,Photoelectric Sensor,Sensors,Festo,FES-410-X,Optical sensor for industrial object detection.,8625.5,165,4.3,400.0,133.56,717.06,Cast Iron,Italy,6.0,Product Catalog,0.8,Verified
PROD-00983,Variable Frequency Drive,Automation,Bosch Rexroth,BOS-611-PRO,Drive controller for variable-speed industrial motors.,13343.23,117,5.0,400.0,113.14,782.71,Alloy Steel,Italy,36.0,Manufacturer Website,0.8,Verified
PROD-00984,Gear Pump,Pumps,Siemens,SIE-100-A,Positive-displacement gear pump for industrial fluid transfer.,11488.98,219,3.2,230.0,139.54,258.07,Polycarbonate,China,36.0,Manufacturer Website,0.98,Verified
PROD-00985,Circuit Breaker,Electrical,Bosch Rexroth,BOS-761-B,Protective electrical breaker for industrial distribution systems.,17964.86,189,4.8,110.0,42.18,555.65,Brass,Sweden,6.0,Product Catalog,0.96,Verified
PROD-00986,Industrial Fan,HVAC,Emerson,EME-919-B,High-volume industrial fan for ventilation and cooling.,2300.79,162,4.5,415.0,118.97,748.27,Alloy Steel,Germany,6.0,Supplier Catalog,0.75,Verified
PROD-00987,Photoelectric Sensor,Sensors,Mitsubishi Electric,MIT-670-X,Optical sensor for industrial object detection.,5058.28,179,4.2,110.0,109.78,130.47,Carbon Steel,Japan,24.0,Supplier Catalog,0.73,Needs Review
PROD-00988,Level Sensor,Sensors,Honeywell,HON-279-A,Industrial sensor for liquid-level measurement.,10706.05,11,4.4,440.0,131.49,603.47,Alloy Steel,Germany,18.0,Product Catalog,0.73,Verified
PROD-00989,Conveyor Belt,Material Handling,Mitsubishi Electric,MIT-558-A,Heavy-duty conveyor belt for continuous material transportation.,18423.35,11,4.8,440.0,128.59,475.19,Alloy Steel,Sweden,12.0,Technical PDF,0.91,Verified
PROD-00990,Circuit Breaker,Electrical,Siemens,SIE-712-X,Protective electrical breaker for industrial distribution systems.,8486.98,120,4.2,230.0,98.88,315.71,Aluminium,USA,18.0,Technical PDF,0.83,Needs Review
PROD-00991,Level Sensor,Sensors,SKF,SKF-885-X,Industrial sensor for liquid-level measurement.,2803.67,172,4.6,380.0,101.44,346.77,Polycarbonate,India,36.0,Technical PDF,0.79,Verified
PROD-00992,Power Supply,Electrical,Danfoss,DAN-577-PRO,Industrial regulated power supply for automation equipment.,13964.45,220,4.4,110.0,,780.57,Aluminium,Italy,18.0,Product Catalog,0.87,Verified
PROD-00993,Hydraulic Pump,Pumps,Festo,FES-809-PRO,High-pressure hydraulic pump for industrial power systems.,1590.3,107,4.8,400.0,81.71,441.73,Stainless Steel,USA,36.0,Product Catalog,0.9,Verified
PROD-00994,Variable Frequency Drive,Automation,Emerson,EME-219-X,Drive controller for variable-speed industrial motors.,13562.1,204,3.9,380.0,78.59,696.49,Cast Iron,Italy,18.0,Product Catalog,0.92,Verified
PROD-00995,Level Sensor,Sensors,Schneider Electric,SCH-954-B,Industrial sensor for liquid-level measurement.,13273.86,228,4.6,400.0,120.04,421.02,Carbon Steel,China,18.0,Technical PDF,0.79,Needs Review
PROD-00996,Hydraulic Pump,Pumps,Rockwell Automation,ROC-753-A,High-pressure hydraulic pump for industrial power systems.,17607.8,48,3.2,110.0,44.54,176.18,Carbon Steel,India,18.0,Supplier Catalog,0.84,Verified
PROD-00997,Power Supply,Electrical,Danfoss,DAN-512-A,Industrial regulated power supply for automation equipment.,12935.33,76,3.8,230.0,31.47,364.36,Alloy Steel,China,36.0,Manufacturer Website,0.88,Needs Review
PROD-00998,Industrial Heater,Heating,SKF,SKF-459-A,Electric industrial heater for process temperature control.,4795.23,121,4.8,380.0,113.0,654.37,Polycarbonate,China,36.0,Supplier Catalog,0.89,Verified
PROD-00999,Electric Motor,Motors,Honeywell,HON-139-PRO,Industrial electric motor designed for continuous-duty machinery.,14062.9,22,4.1,400.0,14.03,208.73,Carbon Steel,Japan,24.0,Supplier Catalog,0.92,Verified
PROD-01000,Hydraulic Cylinder,Hydraulics,SKF,SKF-417-PRO,Heavy-duty hydraulic cylinder for industrial lifting and motion control.,4072.87,105,3.4,415.0,19.48,733.34,Stainless Steel,Italy,24.0,Supplier Catalog,0.74,Verified
